solid OpenSCAD_Model
  facet normal 0 1 0
    outer loop
      vertex 28.899186938124423 -18 26.465637775217203
      vertex 27.25116257962903 -18 21.765413504725814
      vertex 27.36043666994744 -18 28.174593080251334
    endloop
  endfacet
  facet normal 0 -1 0
    outer loop
      vertex 28.899186938124423 -24 26.465637775217203
      vertex 27.36043666994744 -24 28.174593080251334
      vertex 28.04805029709527 -24 22.771638597533858
    endloop
  endfacet
  facet normal 0 -1 0
    outer loop
      vertex 27.36043666994744 -24 28.174593080251334
      vertex 27.485270966048386 -24 22.94235584120969
      vertex 28.04805029709527 -24 22.771638597533858
    endloop
  endfacet
  facet normal 0 -1 0
    outer loop
      vertex 27.36043666994744 -24 28.174593080251334
      vertex 26.9 -24 23
      vertex 27.485270966048386 -24 22.94235584120969
    endloop
  endfacet
  facet normal 0 1 0
    outer loop
      vertex 27.36043666994744 -18 28.174593080251334
      vertex 25.627207793864216 -18 21.272792206135787
      vertex 25.5 -18 29.526279441628823
    endloop
  endfacet
  facet normal 0 -1 0
    outer loop
      vertex 27.36043666994744 -24 28.174593080251334
      vertex 25.5 -24 29.526279441628823
      vertex 26.314729033951615 -24 22.94235584120969
    endloop
  endfacet
  facet normal 0 -1 0
    outer loop
      vertex 27.36043666994744 -24 28.174593080251334
      vertex 26.314729033951615 -24 22.94235584120969
      vertex 26.9 -24 23
    endloop
  endfacet
  facet normal 0 -1 0
    outer loop
      vertex 26.314729033951615 -24 22.94235584120969
      vertex 25.5 -24 29.526279441628823
      vertex 25.75194970290473 -24 22.771638597533858
    endloop
  endfacet
  facet normal 0 1 0
    outer loop
      vertex 30.759623608071863 -18 22.287028598995352
      vertex 30.04900003406861 -18 15.525896926166197
      vertex 30.04900003406861 -18 24.474103073833803
    endloop
  endfacet
  facet normal 0 -1 0
    outer loop
      vertex 30.759623608071863 -24 22.287028598995352
      vertex 30.04900003406861 -24 24.474103073833803
      vertex 30.759623608071863 -24 17.712971401004648
    endloop
  endfacet
  facet normal 0 -1 0
    outer loop
      vertex 30.04900003406861 -24 24.474103073833803
      vertex 29.84235584120969 -24 20.585270966048384
      vertex 29.9 -24 20
    endloop
  endfacet
  facet normal 0 -1 0
    outer loop
      vertex 30.04900003406861 -24 24.474103073833803
      vertex 29.67163859753386 -24 21.14805029709527
      vertex 29.84235584120969 -24 20.585270966048384
    endloop
  endfacet
  facet normal 0 1 0
    outer loop
      vertex 30.759623608071863 -18 22.287028598995352
      vertex 31 -18 20
      vertex 30.759623608071863 -18 17.712971401004648
    endloop
  endfacet
  facet normal 0 1 0
    outer loop
      vertex 30.759623608071863 -18 22.287028598995352
      vertex 30.759623608071863 -18 17.712971401004648
      vertex 30.04900003406861 -18 15.525896926166197
    endloop
  endfacet
  facet normal 0 1 0
    outer loop
      vertex 30.04900003406861 -18 24.474103073833803
      vertex 30.04900003406861 -18 15.525896926166197
      vertex 28.899186938124423 -18 13.534362224782797
    endloop
  endfacet
  facet normal 0 -1 0
    outer loop
      vertex 30.759623608071863 -24 22.287028598995352
      vertex 30.759623608071863 -24 17.712971401004648
      vertex 31 -24 20
    endloop
  endfacet
  facet normal 0.9945218953682733 0 -0.10452846326765325
    outer loop
      vertex 31 -18 20
      vertex 31 -24 20
      vertex 30.759623608071863 -24 17.712971401004648
    endloop
  endfacet
  facet normal 0.9945218953682733 0 -0.10452846326765325
    outer loop
      vertex 31 -18 20
      vertex 30.759623608071863 -24 17.712971401004648
      vertex 30.759623608071863 -18 17.712971401004648
    endloop
  endfacet
  facet normal 0.9510565162951533 0 -0.30901699437494795
    outer loop
      vertex 30.759623608071863 -18 17.712971401004648
      vertex 30.759623608071863 -24 17.712971401004648
      vertex 30.04900003406861 -24 15.525896926166197
    endloop
  endfacet
  facet normal 0 -1 0
    outer loop
      vertex 30.04900003406861 -24 24.474103073833803
      vertex 29.9 -24 20
      vertex 30.04900003406861 -24 15.525896926166197
    endloop
  endfacet
  facet normal 0 -1 0
    outer loop
      vertex 30.04900003406861 -24 24.474103073833803
      vertex 30.04900003406861 -24 15.525896926166197
      vertex 30.759623608071863 -24 17.712971401004648
    endloop
  endfacet
  facet normal 0 -1 0
    outer loop
      vertex 29.9 -24 20
      vertex 29.84235584120969 -24 19.414729033951616
      vertex 30.04900003406861 -24 15.525896926166197
    endloop
  endfacet
  facet normal 0 -1 0
    outer loop
      vertex 29.84235584120969 -24 19.414729033951616
      vertex 29.67163859753386 -24 18.85194970290473
      vertex 30.04900003406861 -24 15.525896926166197
    endloop
  endfacet
  facet normal 0 -1 0
    outer loop
      vertex 29.67163859753386 -24 18.85194970290473
      vertex 29.394408836907637 -24 18.333289300941193
      vertex 30.04900003406861 -24 15.525896926166197
    endloop
  endfacet
  facet normal 0 1 0
    outer loop
      vertex 28.899186938124423 -18 26.465637775217203
      vertex 30.04900003406861 -18 24.474103073833803
      vertex 28.899186938124423 -18 13.534362224782797
    endloop
  endfacet
  facet normal 0 1 0
    outer loop
      vertex 28.899186938124423 -18 26.465637775217203
      vertex 28.562983158520318 -18 20.688830178257163
      vertex 28.39664530214458 -18 21.000026419435283
    endloop
  endfacet
  facet normal 0 1 0
    outer loop
      vertex 28.899186938124423 -18 26.465637775217203
      vertex 28.39664530214458 -18 21.000026419435283
      vertex 28.172792206135785 -18 21.272792206135787
    endloop
  endfacet
  facet normal 0 1 0
    outer loop
      vertex 28.899186938124423 -18 26.465637775217203
      vertex 28.172792206135785 -18 21.272792206135787
      vertex 27.900026419435285 -18 21.496645302144582
    endloop
  endfacet
  facet normal 0 1 0
    outer loop
      vertex 28.899186938124423 -18 26.465637775217203
      vertex 28.665413504725816 -18 20.35116257962903
      vertex 28.562983158520318 -18 20.688830178257163
    endloop
  endfacet
  facet normal 0 1 0
    outer loop
      vertex 28.899186938124423 -18 26.465637775217203
      vertex 28.700000000000003 -18 20
      vertex 28.665413504725816 -18 20.35116257962903
    endloop
  endfacet
  facet normal 0 -1 0
    outer loop
      vertex 28.899186938124423 -24 26.465637775217203
      vertex 29.67163859753386 -24 21.14805029709527
      vertex 30.04900003406861 -24 24.474103073833803
    endloop
  endfacet
  facet normal 0 -1 0
    outer loop
      vertex 28.899186938124423 -24 26.465637775217203
      vertex 29.394408836907637 -24 21.666710699058807
      vertex 29.67163859753386 -24 21.14805029709527
    endloop
  endfacet
  facet normal 0 -1 0
    outer loop
      vertex 28.899186938124423 -24 26.465637775217203
      vertex 29.021320343559644 -24 22.121320343559642
      vertex 29.394408836907637 -24 21.666710699058807
    endloop
  endfacet
  facet normal 0 -1 0
    outer loop
      vertex 28.899186938124423 -24 26.465637775217203
      vertex 28.566710699058806 -24 22.494408836907635
      vertex 29.021320343559644 -24 22.121320343559642
    endloop
  endfacet
  facet normal 0 -1 0
    outer loop
      vertex 28.899186938124423 -24 26.465637775217203
      vertex 28.04805029709527 -24 22.771638597533858
      vertex 28.566710699058806 -24 22.494408836907635
    endloop
  endfacet
  facet normal 0 1 0
    outer loop
      vertex 28.899186938124423 -18 26.465637775217203
      vertex 28.899186938124423 -18 13.534362224782797
      vertex 28.700000000000003 -18 20
    endloop
  endfacet
  facet normal 0 1 0
    outer loop
      vertex 28.700000000000003 -18 20
      vertex 28.899186938124423 -18 13.534362224782797
      vertex 28.665413504725816 -18 19.64883742037097
    endloop
  endfacet
  facet normal 0 1 0
    outer loop
      vertex 28.665413504725816 -18 19.64883742037097
      vertex 28.899186938124423 -18 13.534362224782797
      vertex 28.562983158520318 -18 19.311169821742837
    endloop
  endfacet
  facet normal 0 1 0
    outer loop
      vertex 28.562983158520318 -18 19.311169821742837
      vertex 28.899186938124423 -18 13.534362224782797
      vertex 28.39664530214458 -18 18.999973580564717
    endloop
  endfacet
  facet normal 0 1 0
    outer loop
      vertex 28.39664530214458 -18 18.999973580564717
      vertex 28.899186938124423 -18 13.534362224782797
      vertex 28.172792206135785 -18 18.727207793864213
    endloop
  endfacet
  facet normal 0 -1 0
    outer loop
      vertex 29.394408836907637 -24 18.333289300941193
      vertex 29.021320343559644 -24 17.878679656440358
      vertex 30.04900003406861 -24 15.525896926166197
    endloop
  endfacet
  facet normal 0 -1 0
    outer loop
      vertex 29.021320343559644 -24 17.878679656440358
      vertex 28.566710699058806 -24 17.505591163092365
      vertex 30.04900003406861 -24 15.525896926166197
    endloop
  endfacet
  facet normal 0.9510565162951533 0 -0.30901699437494795
    outer loop
      vertex 30.759623608071863 -18 17.712971401004648
      vertex 30.04900003406861 -24 15.525896926166197
      vertex 30.04900003406861 -18 15.525896926166197
    endloop
  endfacet
  facet normal 0.8660254037844389 0 -0.4999999999999995
    outer loop
      vertex 30.04900003406861 -18 15.525896926166197
      vertex 30.04900003406861 -24 15.525896926166197
      vertex 28.899186938124423 -24 13.534362224782797
    endloop
  endfacet
  facet normal 0 -1 0
    outer loop
      vertex 28.566710699058806 -24 17.505591163092365
      vertex 28.899186938124423 -24 13.534362224782797
      vertex 30.04900003406861 -24 15.525896926166197
    endloop
  endfacet
  facet normal 0.8660254037844389 0 -0.4999999999999995
    outer loop
      vertex 30.04900003406861 -18 15.525896926166197
      vertex 28.899186938124423 -24 13.534362224782797
      vertex 28.899186938124423 -18 13.534362224782797
    endloop
  endfacet
  facet normal 0 -1 0
    outer loop
      vertex 28.566710699058806 -24 17.505591163092365
      vertex 28.04805029709527 -24 17.228361402466142
      vertex 28.899186938124423 -24 13.534362224782797
    endloop
  endfacet
  facet normal 0.743144825477394 0 -0.6691306063588586
    outer loop
      vertex 28.899186938124423 -18 13.534362224782797
      vertex 28.899186938124423 -24 13.534362224782797
      vertex 27.36043666994744 -24 11.825406919748664
    endloop
  endfacet
  facet normal 0 1 0
    outer loop
      vertex 28.899186938124423 -18 26.465637775217203
      vertex 27.900026419435285 -18 21.496645302144582
      vertex 27.58883017825716 -18 21.662983158520316
    endloop
  endfacet
  facet normal 0 1 0
    outer loop
      vertex 28.899186938124423 -18 26.465637775217203
      vertex 27.58883017825716 -18 21.662983158520316
      vertex 27.25116257962903 -18 21.765413504725814
    endloop
  endfacet
  facet normal 0 1 0
    outer loop
      vertex 27.36043666994744 -18 28.174593080251334
      vertex 27.25116257962903 -18 21.765413504725814
      vertex 26.9 -18 21.8
    endloop
  endfacet
  facet normal 0 1 0
    outer loop
      vertex 27.36043666994744 -18 28.174593080251334
      vertex 26.9 -18 21.8
      vertex 26.54883742037097 -18 21.765413504725814
    endloop
  endfacet
  facet normal 0 1 0
    outer loop
      vertex 27.36043666994744 -18 28.174593080251334
      vertex 26.54883742037097 -18 21.765413504725814
      vertex 26.21116982174284 -18 21.662983158520316
    endloop
  endfacet
  facet normal 0 1 0
    outer loop
      vertex 27.36043666994744 -18 28.174593080251334
      vertex 26.21116982174284 -18 21.662983158520316
      vertex 25.899973580564716 -18 21.496645302144582
    endloop
  endfacet
  facet normal 0 1 0
    outer loop
      vertex 27.36043666994744 -18 28.174593080251334
      vertex 25.899973580564716 -18 21.496645302144582
      vertex 25.627207793864216 -18 21.272792206135787
    endloop
  endfacet
  facet normal 0 1 0
    outer loop
      vertex 25.627207793864216 -18 21.272792206135787
      vertex 25.40335469785542 -18 21.000026419435283
      vertex 25.5 -18 29.526279441628823
    endloop
  endfacet
  facet normal 0 1 0
    outer loop
      vertex 28.172792206135785 -18 18.727207793864213
      vertex 27.36043666994744 -18 11.825406919748664
      vertex 27.900026419435285 -18 18.503354697855418
    endloop
  endfacet
  facet normal 0 1 0
    outer loop
      vertex 27.900026419435285 -18 18.503354697855418
      vertex 27.36043666994744 -18 11.825406919748664
      vertex 27.58883017825716 -18 18.337016841479684
    endloop
  endfacet
  facet normal 0 1 0
    outer loop
      vertex 28.899186938124423 -18 13.534362224782797
      vertex 27.36043666994744 -18 11.825406919748664
      vertex 28.172792206135785 -18 18.727207793864213
    endloop
  endfacet
  facet normal 0 1 0
    outer loop
      vertex 27.58883017825716 -18 18.337016841479684
      vertex 27.36043666994744 -18 11.825406919748664
      vertex 27.25116257962903 -18 18.234586495274186
    endloop
  endfacet
  facet normal 0 1 0
    outer loop
      vertex 27.25116257962903 -18 18.234586495274186
      vertex 27.36043666994744 -18 11.825406919748664
      vertex 26.9 -18 18.2
    endloop
  endfacet
  facet normal 0 1 0
    outer loop
      vertex 26.9 -18 18.2
      vertex 27.36043666994744 -18 11.825406919748664
      vertex 26.54883742037097 -18 18.234586495274186
    endloop
  endfacet
  facet normal 0 -1 0
    outer loop
      vertex 28.899186938124423 -24 13.534362224782797
      vertex 28.04805029709527 -24 17.228361402466142
      vertex 27.485270966048386 -24 17.05764415879031
    endloop
  endfacet
  facet normal 0 -1 0
    outer loop
      vertex 28.899186938124423 -24 13.534362224782797
      vertex 27.485270966048386 -24 17.05764415879031
      vertex 26.9 -24 17
    endloop
  endfacet
  facet normal 0 -1 0
    outer loop
      vertex 28.899186938124423 -24 13.534362224782797
      vertex 26.9 -24 17
      vertex 27.36043666994744 -24 11.825406919748664
    endloop
  endfacet
  facet normal 0.743144825477394 0 -0.6691306063588586
    outer loop
      vertex 28.899186938124423 -18 13.534362224782797
      vertex 27.36043666994744 -24 11.825406919748664
      vertex 27.36043666994744 -18 11.825406919748664
    endloop
  endfacet
  facet normal 0 1 0
    outer loop
      vertex 26.54883742037097 -18 18.234586495274186
      vertex 27.36043666994744 -18 11.825406919748664
      vertex 25.5 -18 10.473720558371175
    endloop
  endfacet
  facet normal 0 1 0
    outer loop
      vertex 26.54883742037097 -18 18.234586495274186
      vertex 25.5 -18 10.473720558371175
      vertex 26.21116982174284 -18 18.337016841479684
    endloop
  endfacet
  facet normal 0 1 0
    outer loop
      vertex 26.21116982174284 -18 18.337016841479684
      vertex 25.5 -18 10.473720558371175
      vertex 25.899973580564716 -18 18.503354697855418
    endloop
  endfacet
  facet normal 0 1 0
    outer loop
      vertex 25.899973580564716 -18 18.503354697855418
      vertex 25.5 -18 10.473720558371175
      vertex 25.627207793864216 -18 18.727207793864213
    endloop
  endfacet
  facet normal 0 -1 0
    outer loop
      vertex 26.9 -24 17
      vertex 26.314729033951615 -24 17.05764415879031
      vertex 27.36043666994744 -24 11.825406919748664
    endloop
  endfacet
  facet normal 0 -1 0
    outer loop
      vertex 26.314729033951615 -24 17.05764415879031
      vertex 25.75194970290473 -24 17.228361402466142
      vertex 27.36043666994744 -24 11.825406919748664
    endloop
  endfacet
  facet normal 0 -1 0
    outer loop
      vertex 25.75194970290473 -24 17.228361402466142
      vertex 25.233289300941195 -24 17.505591163092365
      vertex 27.36043666994744 -24 11.825406919748664
    endloop
  endfacet
  facet normal 0 -1 0
    outer loop
      vertex 27.36043666994744 -24 11.825406919748664
      vertex 25.233289300941195 -24 17.505591163092365
      vertex 25.5 -24 10.473720558371175
    endloop
  endfacet
  facet normal 0.5877852522924734 0 -0.8090169943749473
    outer loop
      vertex 27.36043666994744 -18 11.825406919748664
      vertex 27.36043666994744 -24 11.825406919748664
      vertex 25.5 -18 10.473720558371175
    endloop
  endfacet
  facet normal 0.5877852522924734 0 -0.8090169943749473
    outer loop
      vertex 25.5 -18 10.473720558371175
      vertex 27.36043666994744 -24 11.825406919748664
      vertex 25.5 -24 10.473720558371175
    endloop
  endfacet
  facet normal 0 -1 0
    outer loop
      vertex 25.75194970290473 -24 22.771638597533858
      vertex 25.5 -24 29.526279441628823
      vertex 25.233289300941195 -24 22.494408836907635
    endloop
  endfacet
  facet normal 0 -1 0
    outer loop
      vertex 25.5 -24 29.526279441628823
      vertex 24.778679656440357 -24 22.121320343559642
      vertex 25.233289300941195 -24 22.494408836907635
    endloop
  endfacet
  facet normal 0 -1 0
    outer loop
      vertex 25.5 -24 29.526279441628823
      vertex 23.399186938124423 -24 30.46162167924669
      vertex 24.778679656440357 -24 22.121320343559642
    endloop
  endfacet
  facet normal 0 -1 0
    outer loop
      vertex 23.399186938124423 -24 30.46162167924669
      vertex 24.405591163092364 -24 21.666710699058807
      vertex 24.778679656440357 -24 22.121320343559642
    endloop
  endfacet
  facet normal 0 -1 0
    outer loop
      vertex 23.399186938124423 -24 30.46162167924669
      vertex 22.771638597533858 -24 28.04805029709527
      vertex 22.94235584120969 -24 27.485270966048386
    endloop
  endfacet
  facet normal 0 -1 0
    outer loop
      vertex 23.399186938124423 -24 30.46162167924669
      vertex 22.494408836907635 -24 28.566710699058806
      vertex 22.771638597533858 -24 28.04805029709527
    endloop
  endfacet
  facet normal 0 -1 0
    outer loop
      vertex 23.399186938124423 -24 30.46162167924669
      vertex 22.94235584120969 -24 27.485270966048386
      vertex 23 -24 26.9
    endloop
  endfacet
  facet normal 0 1 0
    outer loop
      vertex 23.399186938124423 -18 30.46162167924669
      vertex 21.765413504725814 -18 27.25116257962903
      vertex 21.662983158520316 -18 27.58883017825716
    endloop
  endfacet
  facet normal 0 1 0
    outer loop
      vertex 23.399186938124423 -18 30.46162167924669
      vertex 21.662983158520316 -18 27.58883017825716
      vertex 21.496645302144582 -18 27.900026419435285
    endloop
  endfacet
  facet normal 0 1 0
    outer loop
      vertex 23.399186938124423 -18 30.46162167924669
      vertex 21.000026419435283 -18 28.39664530214458
      vertex 21.14981309594419 -18 30.939740849051006
    endloop
  endfacet
  facet normal 0 1 0
    outer loop
      vertex 23.399186938124423 -18 30.46162167924669
      vertex 21.272792206135787 -18 28.172792206135785
      vertex 21.000026419435283 -18 28.39664530214458
    endloop
  endfacet
  facet normal 0 1 0
    outer loop
      vertex 23.399186938124423 -18 30.46162167924669
      vertex 21.496645302144582 -18 27.900026419435285
      vertex 21.272792206135787 -18 28.172792206135785
    endloop
  endfacet
  facet normal 0 -1 0
    outer loop
      vertex 23.399186938124423 -24 30.46162167924669
      vertex 22.121320343559642 -24 29.021320343559644
      vertex 22.494408836907635 -24 28.566710699058806
    endloop
  endfacet
  facet normal 0 -1 0
    outer loop
      vertex 23.399186938124423 -24 30.46162167924669
      vertex 21.666710699058807 -24 29.394408836907637
      vertex 22.121320343559642 -24 29.021320343559644
    endloop
  endfacet
  facet normal 0 -1 0
    outer loop
      vertex 23.399186938124423 -24 30.46162167924669
      vertex 21.14981309594419 -24 30.939740849051006
      vertex 21.666710699058807 -24 29.394408836907637
    endloop
  endfacet
  facet normal 0 1 0
    outer loop
      vertex 23.399186938124423 -18 30.46162167924669
      vertex 22.427050983124843 -18 21.76335575687742
      vertex 21.765413504725814 -18 27.25116257962903
    endloop
  endfacet
  facet normal 0 1 0
    outer loop
      vertex 21.765413504725814 -18 27.25116257962903
      vertex 22.427050983124843 -18 21.76335575687742
      vertex 21.8 -18 26.9
    endloop
  endfacet
  facet normal 0 1 0
    outer loop
      vertex 21.8 -18 26.9
      vertex 22.427050983124843 -18 21.76335575687742
      vertex 21.765413504725814 -18 26.54883742037097
    endloop
  endfacet
  facet normal 0 1 0
    outer loop
      vertex 21.765413504725814 -18 26.54883742037097
      vertex 22.427050983124843 -18 21.76335575687742
      vertex 21.662983158520316 -18 26.21116982174284
    endloop
  endfacet
  facet normal 0 1 0
    outer loop
      vertex 21.662983158520316 -18 26.21116982174284
      vertex 22.427050983124843 -18 21.76335575687742
      vertex 21.496645302144582 -18 25.899973580564716
    endloop
  endfacet
  facet normal 0 1 0
    outer loop
      vertex 21.14981309594419 -18 30.939740849051006
      vertex 20.688830178257163 -18 28.562983158520318
      vertex 20.35116257962903 -18 28.665413504725816
    endloop
  endfacet
  facet normal 0 1 0
    outer loop
      vertex 21.14981309594419 -18 30.939740849051006
      vertex 21.000026419435283 -18 28.39664530214458
      vertex 20.688830178257163 -18 28.562983158520318
    endloop
  endfacet
  facet normal 0 1 0
    outer loop
      vertex 21.14981309594419 -18 30.939740849051006
      vertex 20.35116257962903 -18 28.665413504725816
      vertex 20 -18 28.700000000000003
    endloop
  endfacet
  facet normal 0 -1 0
    outer loop
      vertex 21.666710699058807 -24 29.394408836907637
      vertex 21.14981309594419 -24 30.939740849051006
      vertex 21.14805029709527 -24 29.67163859753386
    endloop
  endfacet
  facet normal 0 -1 0
    outer loop
      vertex 21.14981309594419 -24 30.939740849051006
      vertex 20.585270966048384 -24 29.84235584120969
      vertex 21.14805029709527 -24 29.67163859753386
    endloop
  endfacet
  facet normal 0 -1 0
    outer loop
      vertex 21.14981309594419 -24 30.939740849051006
      vertex 20 -24 29.9
      vertex 20.585270966048384 -24 29.84235584120969
    endloop
  endfacet
  facet normal 0 1 0
    outer loop
      vertex 21.496645302144582 -18 25.899973580564716
      vertex 20.927050983124843 -18 22.85316954888546
      vertex 21.272792206135787 -18 25.627207793864216
    endloop
  endfacet
  facet normal 0 1 0
    outer loop
      vertex 21.272792206135787 -18 25.627207793864216
      vertex 20.927050983124843 -18 22.85316954888546
      vertex 21.000026419435283 -18 25.40335469785542
    endloop
  endfacet
  facet normal 0 1 0
    outer loop
      vertex 25.5 -18 29.526279441628823
      vertex 25.40335469785542 -18 21.000026419435283
      vertex 25.237016841479686 -18 20.688830178257163
    endloop
  endfacet
  facet normal 0 1 0
    outer loop
      vertex 25.5 -18 29.526279441628823
      vertex 25.237016841479686 -18 20.688830178257163
      vertex 25.134586495274185 -18 20.35116257962903
    endloop
  endfacet
  facet normal 0 1 0
    outer loop
      vertex 25.5 -18 29.526279441628823
      vertex 25.134586495274185 -18 20.35116257962903
      vertex 25.1 -18 20
    endloop
  endfacet
  facet normal 0 1 0
    outer loop
      vertex 25.5 -18 29.526279441628823
      vertex 25.1 -18 20
      vertex 23.399186938124423 -18 9.538378320753312
    endloop
  endfacet
  facet normal 0 1 0
    outer loop
      vertex 25.5 -18 29.526279441628823
      vertex 23.399186938124423 -18 9.538378320753312
      vertex 23.399186938124423 -18 30.46162167924669
    endloop
  endfacet
  facet normal 0 1 0
    outer loop
      vertex 23.399186938124423 -18 30.46162167924669
      vertex 23 -18 20
      vertex 22.427050983124843 -18 21.76335575687742
    endloop
  endfacet
  facet normal 0 -1 0
    outer loop
      vertex 23.399186938124423 -24 30.46162167924669
      vertex 24.12836140246614 -24 21.14805029709527
      vertex 24.405591163092364 -24 21.666710699058807
    endloop
  endfacet
  facet normal 0 -1 0
    outer loop
      vertex 23.399186938124423 -24 30.46162167924669
      vertex 23.95764415879031 -24 20.585270966048384
      vertex 24.12836140246614 -24 21.14805029709527
    endloop
  endfacet
  facet normal 0 -1 0
    outer loop
      vertex 23.399186938124423 -24 30.46162167924669
      vertex 23.9 -24 20
      vertex 23.95764415879031 -24 20.585270966048384
    endloop
  endfacet
  facet normal 0 -1 0
    outer loop
      vertex 23 -24 26.9
      vertex 22.94235584120969 -24 26.314729033951615
      vertex 23 -24 20
    endloop
  endfacet
  facet normal 0 -1 0
    outer loop
      vertex 22.94235584120969 -24 26.314729033951615
      vertex 22.771638597533858 -24 25.75194970290473
      vertex 23 -24 20
    endloop
  endfacet
  facet normal 0 -1 0
    outer loop
      vertex 23.399186938124423 -24 30.46162167924669
      vertex 23 -24 26.9
      vertex 23.399186938124423 -24 9.538378320753312
    endloop
  endfacet
  facet normal 0 1 0
    outer loop
      vertex 23.399186938124423 -18 30.46162167924669
      vertex 23.399186938124423 -18 9.538378320753312
      vertex 23 -18 20
    endloop
  endfacet
  facet normal 0 -1 0
    outer loop
      vertex 23.399186938124423 -24 30.46162167924669
      vertex 23.399186938124423 -24 9.538378320753312
      vertex 23.9 -24 20
    endloop
  endfacet
  facet normal 0 -1 0
    outer loop
      vertex 23 -24 26.9
      vertex 23 -24 20
      vertex 23.399186938124423 -24 9.538378320753312
    endloop
  endfacet
  facet normal 0 1 0
    outer loop
      vertex 25.40335469785542 -18 18.999973580564717
      vertex 23.399186938124423 -18 9.538378320753312
      vertex 25.237016841479686 -18 19.311169821742837
    endloop
  endfacet
  facet normal 0 1 0
    outer loop
      vertex 25.1 -18 20
      vertex 25.134586495274185 -18 19.64883742037097
      vertex 23.399186938124423 -18 9.538378320753312
    endloop
  endfacet
  facet normal 0 1 0
    outer loop
      vertex 25.237016841479686 -18 19.311169821742837
      vertex 23.399186938124423 -18 9.538378320753312
      vertex 25.134586495274185 -18 19.64883742037097
    endloop
  endfacet
  facet normal 0 1 0
    outer loop
      vertex 25.627207793864216 -18 18.727207793864213
      vertex 23.399186938124423 -18 9.538378320753312
      vertex 25.40335469785542 -18 18.999973580564717
    endloop
  endfacet
  facet normal 0 -1 0
    outer loop
      vertex 25.233289300941195 -24 17.505591163092365
      vertex 24.778679656440357 -24 17.878679656440358
      vertex 25.5 -24 10.473720558371175
    endloop
  endfacet
  facet normal 0 -1 0
    outer loop
      vertex 24.778679656440357 -24 17.878679656440358
      vertex 24.405591163092364 -24 18.333289300941193
      vertex 25.5 -24 10.473720558371175
    endloop
  endfacet
  facet normal 0 1 0
    outer loop
      vertex 25.627207793864216 -18 18.727207793864213
      vertex 25.5 -18 10.473720558371175
      vertex 23.399186938124423 -18 9.538378320753312
    endloop
  endfacet
  facet normal 0 -1 0
    outer loop
      vertex 24.405591163092364 -24 18.333289300941193
      vertex 23.399186938124423 -24 9.538378320753312
      vertex 25.5 -24 10.473720558371175
    endloop
  endfacet
  facet normal 0.40673664307580015 0 -0.9135454576426009
    outer loop
      vertex 25.5 -18 10.473720558371175
      vertex 25.5 -24 10.473720558371175
      vertex 23.399186938124423 -18 9.538378320753312
    endloop
  endfacet
  facet normal 0 -1 0
    outer loop
      vertex 24.12836140246614 -24 18.85194970290473
      vertex 23.95764415879031 -24 19.414729033951616
      vertex 23.399186938124423 -24 9.538378320753312
    endloop
  endfacet
  facet normal 0 -1 0
    outer loop
      vertex 24.12836140246614 -24 18.85194970290473
      vertex 23.399186938124423 -24 9.538378320753312
      vertex 24.405591163092364 -24 18.333289300941193
    endloop
  endfacet
  facet normal 0 -1 0
    outer loop
      vertex 23.9 -24 20
      vertex 23.399186938124423 -24 9.538378320753312
      vertex 23.95764415879031 -24 19.414729033951616
    endloop
  endfacet
  facet normal 0 -1 0
    outer loop
      vertex 23 -24 20
      vertex 22.771638597533858 -24 14.248050297095268
      vertex 22.94235584120969 -24 13.685270966048385
    endloop
  endfacet
  facet normal 0 -1 0
    outer loop
      vertex 23 -24 20
      vertex 22.94235584120969 -24 13.685270966048385
      vertex 23.399186938124423 -24 9.538378320753312
    endloop
  endfacet
  facet normal 0.40673664307580015 0 -0.9135454576426009
    outer loop
      vertex 23.399186938124423 -18 9.538378320753312
      vertex 25.5 -24 10.473720558371175
      vertex 23.399186938124423 -24 9.538378320753312
    endloop
  endfacet
  facet normal 0 -1 0
    outer loop
      vertex 22.94235584120969 -24 13.685270966048385
      vertex 23 -24 13.1
      vertex 23.399186938124423 -24 9.538378320753312
    endloop
  endfacet
  facet normal 0 -1 0
    outer loop
      vertex 23 -24 13.1
      vertex 22.94235584120969 -24 12.514729033951614
      vertex 23.399186938124423 -24 9.538378320753312
    endloop
  endfacet
  facet normal 0 -1 0
    outer loop
      vertex 22.94235584120969 -24 12.514729033951614
      vertex 22.771638597533858 -24 11.95194970290473
      vertex 23.399186938124423 -24 9.538378320753312
    endloop
  endfacet
  facet normal 0 -1 0
    outer loop
      vertex 22.771638597533858 -24 11.95194970290473
      vertex 22.494408836907635 -24 11.433289300941194
      vertex 23.399186938124423 -24 9.538378320753312
    endloop
  endfacet
  facet normal 0 1 0
    outer loop
      vertex 21.496645302144582 -18 25.899973580564716
      vertex 22.427050983124843 -18 21.76335575687742
      vertex 20.927050983124843 -18 22.85316954888546
    endloop
  endfacet
  facet normal 0 -1 0
    outer loop
      vertex 22.771638597533858 -24 25.75194970290473
      vertex 22.494408836907635 -24 25.233289300941195
      vertex 22.427050983124843 -24 21.76335575687742
    endloop
  endfacet
  facet normal 0 -1 0
    outer loop
      vertex 22.494408836907635 -24 25.233289300941195
      vertex 22.121320343559642 -24 24.778679656440357
      vertex 22.427050983124843 -24 21.76335575687742
    endloop
  endfacet
  facet normal 0 -1 0
    outer loop
      vertex 22.121320343559642 -24 24.778679656440357
      vertex 21.666710699058807 -24 24.405591163092364
      vertex 22.427050983124843 -24 21.76335575687742
    endloop
  endfacet
  facet normal 0 -1 0
    outer loop
      vertex 22.771638597533858 -24 25.75194970290473
      vertex 22.427050983124843 -24 21.76335575687742
      vertex 23 -24 20
    endloop
  endfacet
  facet normal 0 -1 0
    outer loop
      vertex 22.427050983124843 -24 21.76335575687742
      vertex 21.666710699058807 -24 24.405591163092364
      vertex 21.14805029709527 -24 24.12836140246614
    endloop
  endfacet
  facet normal 0 -1 0
    outer loop
      vertex 22.427050983124843 -24 21.76335575687742
      vertex 21.14805029709527 -24 24.12836140246614
      vertex 20.927050983124843 -24 22.85316954888546
    endloop
  endfacet
  facet normal 0 1 0
    outer loop
      vertex 23 -18 20
      vertex 21.8 -18 13.1
      vertex 22.427050983124843 -18 18.23664424312258
    endloop
  endfacet
  facet normal 0 -1 0
    outer loop
      vertex 23 -24 20
      vertex 22.427050983124843 -24 18.23664424312258
      vertex 22.771638597533858 -24 14.248050297095268
    endloop
  endfacet
  facet normal 0 -1 0
    outer loop
      vertex 22.427050983124843 -24 18.23664424312258
      vertex 20.927050983124843 -24 17.14683045111454
      vertex 22.121320343559642 -24 15.221320343559643
    endloop
  endfacet
  facet normal 0 1 0
    outer loop
      vertex 21.000026419435283 -18 25.40335469785542
      vertex 20.927050983124843 -18 22.85316954888546
      vertex 20.688830178257163 -18 25.237016841479686
    endloop
  endfacet
  facet normal 0 1 0
    outer loop
      vertex 20.688830178257163 -18 25.237016841479686
      vertex 20.927050983124843 -18 22.85316954888546
      vertex 19.072949016875157 -18 22.85316954888546
    endloop
  endfacet
  facet normal 0 1 0
    outer loop
      vertex 20.688830178257163 -18 25.237016841479686
      vertex 19.072949016875157 -18 22.85316954888546
      vertex 20.35116257962903 -18 25.134586495274185
    endloop
  endfacet
  facet normal 0 -1 0
    outer loop
      vertex 21.14805029709527 -24 24.12836140246614
      vertex 20.585270966048384 -24 23.95764415879031
      vertex 20.927050983124843 -24 22.85316954888546
    endloop
  endfacet
  facet normal 0 -1 0
    outer loop
      vertex 20.927050983124843 -24 22.85316954888546
      vertex 20.585270966048384 -24 23.95764415879031
      vertex 20 -24 23.9
    endloop
  endfacet
  facet normal 0 -1 0
    outer loop
      vertex 20.927050983124843 -24 22.85316954888546
      vertex 20 -24 23.9
      vertex 19.414729033951616 -24 23.95764415879031
    endloop
  endfacet
  facet normal 0 1 0
    outer loop
      vertex 23 -18 20
      vertex 23.399186938124423 -18 9.538378320753312
      vertex 21.8 -18 13.1
    endloop
  endfacet
  facet normal 0 1 0
    outer loop
      vertex 22.427050983124843 -18 18.23664424312258
      vertex 21.8 -18 13.1
      vertex 21.765413504725814 -18 13.451162579629031
    endloop
  endfacet
  facet normal 0 1 0
    outer loop
      vertex 22.427050983124843 -18 18.23664424312258
      vertex 21.765413504725814 -18 13.451162579629031
      vertex 21.662983158520316 -18 13.788830178257161
    endloop
  endfacet
  facet normal 0 1 0
    outer loop
      vertex 22.427050983124843 -18 18.23664424312258
      vertex 21.662983158520316 -18 13.788830178257161
      vertex 21.496645302144582 -18 14.100026419435284
    endloop
  endfacet
  facet normal 0 1 0
    outer loop
      vertex 22.427050983124843 -18 18.23664424312258
      vertex 21.496645302144582 -18 14.100026419435284
      vertex 21.272792206135787 -18 14.372792206135784
    endloop
  endfacet
  facet normal 0 1 0
    outer loop
      vertex 22.427050983124843 -18 18.23664424312258
      vertex 21.272792206135787 -18 14.372792206135784
      vertex 21.000026419435283 -18 14.59664530214458
    endloop
  endfacet
  facet normal 0 -1 0
    outer loop
      vertex 22.771638597533858 -24 14.248050297095268
      vertex 22.427050983124843 -24 18.23664424312258
      vertex 22.494408836907635 -24 14.766710699058805
    endloop
  endfacet
  facet normal 0 -1 0
    outer loop
      vertex 22.427050983124843 -24 18.23664424312258
      vertex 22.121320343559642 -24 15.221320343559643
      vertex 22.494408836907635 -24 14.766710699058805
    endloop
  endfacet
  facet normal 0 -1 0
    outer loop
      vertex 20.927050983124843 -24 17.14683045111454
      vertex 21.666710699058807 -24 15.594408836907636
      vertex 22.121320343559642 -24 15.221320343559643
    endloop
  endfacet
  facet normal 0 1 0
    outer loop
      vertex 23.399186938124423 -18 9.538378320753312
      vertex 21.765413504725814 -18 12.748837420370968
      vertex 21.8 -18 13.1
    endloop
  endfacet
  facet normal 0 1 0
    outer loop
      vertex 23.399186938124423 -18 9.538378320753312
      vertex 21.662983158520316 -18 12.411169821742838
      vertex 21.765413504725814 -18 12.748837420370968
    endloop
  endfacet
  facet normal 0 1 0
    outer loop
      vertex 23.399186938124423 -18 9.538378320753312
      vertex 21.496645302144582 -18 12.099973580564715
      vertex 21.662983158520316 -18 12.411169821742838
    endloop
  endfacet
  facet normal 0 1 0
    outer loop
      vertex 23.399186938124423 -18 9.538378320753312
      vertex 21.14981309594419 -18 9.060259150948994
      vertex 21.496645302144582 -18 12.099973580564715
    endloop
  endfacet
  facet normal 0.20791169081775943 0 -0.9781476007338056
    outer loop
      vertex 23.399186938124423 -18 9.538378320753312
      vertex 23.399186938124423 -24 9.538378320753312
      vertex 21.14981309594419 -18 9.060259150948994
    endloop
  endfacet
  facet normal 0 -1 0
    outer loop
      vertex 23.399186938124423 -24 9.538378320753312
      vertex 22.494408836907635 -24 11.433289300941194
      vertex 22.121320343559642 -24 10.978679656440356
    endloop
  endfacet
  facet normal 0 -1 0
    outer loop
      vertex 23.399186938124423 -24 9.538378320753312
      vertex 22.121320343559642 -24 10.978679656440356
      vertex 21.666710699058807 -24 10.605591163092363
    endloop
  endfacet
  facet normal 0 -1 0
    outer loop
      vertex 23.399186938124423 -24 9.538378320753312
      vertex 21.666710699058807 -24 10.605591163092363
      vertex 21.14805029709527 -24 10.32836140246614
    endloop
  endfacet
  facet normal 0.20791169081775943 0 -0.9781476007338056
    outer loop
      vertex 21.14981309594419 -18 9.060259150948994
      vertex 23.399186938124423 -24 9.538378320753312
      vertex 21.14981309594419 -24 9.060259150948994
    endloop
  endfacet
  facet normal 0 -1 0
    outer loop
      vertex 23.399186938124423 -24 9.538378320753312
      vertex 21.14805029709527 -24 10.32836140246614
      vertex 21.14981309594419 -24 9.060259150948994
    endloop
  endfacet
  facet normal 0 1 0
    outer loop
      vertex 22.427050983124843 -18 18.23664424312258
      vertex 20.688830178257163 -18 14.762983158520315
      vertex 20.927050983124843 -18 17.14683045111454
    endloop
  endfacet
  facet normal 0 1 0
    outer loop
      vertex 22.427050983124843 -18 18.23664424312258
      vertex 21.000026419435283 -18 14.59664530214458
      vertex 20.688830178257163 -18 14.762983158520315
    endloop
  endfacet
  facet normal 0 1 0
    outer loop
      vertex 20.927050983124843 -18 17.14683045111454
      vertex 20.688830178257163 -18 14.762983158520315
      vertex 20.35116257962903 -18 14.865413504725815
    endloop
  endfacet
  facet normal 0 1 0
    outer loop
      vertex 20.927050983124843 -18 17.14683045111454
      vertex 20.35116257962903 -18 14.865413504725815
      vertex 20 -18 14.899999999999999
    endloop
  endfacet
  facet normal 0 1 0
    outer loop
      vertex 20.927050983124843 -18 17.14683045111454
      vertex 20 -18 14.899999999999999
      vertex 19.64883742037097 -18 14.865413504725815
    endloop
  endfacet
  facet normal 0 -1 0
    outer loop
      vertex 20.927050983124843 -24 17.14683045111454
      vertex 21.14805029709527 -24 15.87163859753386
      vertex 21.666710699058807 -24 15.594408836907636
    endloop
  endfacet
  facet normal 0 -1 0
    outer loop
      vertex 20.927050983124843 -24 17.14683045111454
      vertex 20.585270966048384 -24 16.04235584120969
      vertex 21.14805029709527 -24 15.87163859753386
    endloop
  endfacet
  facet normal 0 -1 0
    outer loop
      vertex 20.927050983124843 -24 17.14683045111454
      vertex 19.072949016875157 -24 17.14683045111454
      vertex 20.585270966048384 -24 16.04235584120969
    endloop
  endfacet
  facet normal 0 1 0
    outer loop
      vertex 21.496645302144582 -18 12.099973580564715
      vertex 21.14981309594419 -18 9.060259150948994
      vertex 21.272792206135787 -18 11.827207793864215
    endloop
  endfacet
  facet normal 0 1 0
    outer loop
      vertex 21.272792206135787 -18 11.827207793864215
      vertex 21.14981309594419 -18 9.060259150948994
      vertex 21.000026419435283 -18 11.60335469785542
    endloop
  endfacet
  facet normal 0 1 0
    outer loop
      vertex 21.000026419435283 -18 11.60335469785542
      vertex 21.14981309594419 -18 9.060259150948994
      vertex 20.688830178257163 -18 11.437016841479684
    endloop
  endfacet
  facet normal 0 1 0
    outer loop
      vertex 20.688830178257163 -18 11.437016841479684
      vertex 21.14981309594419 -18 9.060259150948994
      vertex 20.35116257962903 -18 11.334586495274184
    endloop
  endfacet
  facet normal 0 1 0
    outer loop
      vertex 21.14981309594419 -18 9.060259150948994
      vertex 20 -18 11.299999999999999
      vertex 20.35116257962903 -18 11.334586495274184
    endloop
  endfacet
  facet normal 0 -1 0
    outer loop
      vertex 21.14805029709527 -24 10.32836140246614
      vertex 20.585270966048384 -24 10.157644158790308
      vertex 21.14981309594419 -24 9.060259150948994
    endloop
  endfacet
  facet normal 0 0 -1
    outer loop
      vertex 21.14981309594419 -18 9.060259150948994
      vertex 21.14981309594419 -24 9.060259150948994
      vertex 18.85018690405581 -18 9.060259150948994
    endloop
  endfacet
  facet normal 0 -1 0
    outer loop
      vertex 21.14981309594419 -24 9.060259150948994
      vertex 20.585270966048384 -24 10.157644158790308
      vertex 20 -24 10.1
    endloop
  endfacet
  facet normal 0 1 0
    outer loop
      vertex 21.14981309594419 -18 30.939740849051006
      vertex 20 -18 28.700000000000003
      vertex 18.85018690405581 -18 30.939740849051006
    endloop
  endfacet
  facet normal 0 1 0
    outer loop
      vertex 20 -18 28.700000000000003
      vertex 19.64883742037097 -18 28.665413504725816
      vertex 18.85018690405581 -18 30.939740849051006
    endloop
  endfacet
  facet normal 0 1 0
    outer loop
      vertex 19.64883742037097 -18 28.665413504725816
      vertex 19.311169821742837 -18 28.562983158520318
      vertex 18.85018690405581 -18 30.939740849051006
    endloop
  endfacet
  facet normal 0 1 0
    outer loop
      vertex 18.85018690405581 -18 30.939740849051006
      vertex 19.311169821742837 -18 28.562983158520318
      vertex 18.999973580564717 -18 28.39664530214458
    endloop
  endfacet
  facet normal 0 1 0
    outer loop
      vertex 18.85018690405581 -18 30.939740849051006
      vertex 18.999973580564717 -18 28.39664530214458
      vertex 18.727207793864213 -18 28.172792206135785
    endloop
  endfacet
  facet normal 0 1 0
    outer loop
      vertex 18.85018690405581 -18 30.939740849051006
      vertex 18.727207793864213 -18 28.172792206135785
      vertex 18.503354697855418 -18 27.900026419435285
    endloop
  endfacet
  facet normal 0 -1 0
    outer loop
      vertex 21.14981309594419 -24 30.939740849051006
      vertex 18.85018690405581 -24 30.939740849051006
      vertex 20 -24 29.9
    endloop
  endfacet
  facet normal 0 -1 0
    outer loop
      vertex 20 -24 29.9
      vertex 18.85018690405581 -24 30.939740849051006
      vertex 19.414729033951616 -24 29.84235584120969
    endloop
  endfacet
  facet normal 0 -1 0
    outer loop
      vertex 19.414729033951616 -24 29.84235584120969
      vertex 18.85018690405581 -24 30.939740849051006
      vertex 18.85194970290473 -24 29.67163859753386
    endloop
  endfacet
  facet normal 0 1 0
    outer loop
      vertex 18.85018690405581 -18 30.939740849051006
      vertex 18.503354697855418 -18 27.900026419435285
      vertex 16.600813061875577 -18 30.46162167924669
    endloop
  endfacet
  facet normal 0 1 0
    outer loop
      vertex 18.503354697855418 -18 27.900026419435285
      vertex 18.337016841479684 -18 27.58883017825716
      vertex 16.600813061875577 -18 30.46162167924669
    endloop
  endfacet
  facet normal 0 1 0
    outer loop
      vertex 18.337016841479684 -18 27.58883017825716
      vertex 18.234586495274186 -18 27.25116257962903
      vertex 16.600813061875577 -18 30.46162167924669
    endloop
  endfacet
  facet normal 0 -1 0
    outer loop
      vertex 18.85018690405581 -24 30.939740849051006
      vertex 16.600813061875577 -24 30.46162167924669
      vertex 18.85194970290473 -24 29.67163859753386
    endloop
  endfacet
  facet normal 0 -1 0
    outer loop
      vertex 18.85194970290473 -24 29.67163859753386
      vertex 16.600813061875577 -24 30.46162167924669
      vertex 18.333289300941193 -24 29.394408836907637
    endloop
  endfacet
  facet normal 0 -1 0
    outer loop
      vertex 18.333289300941193 -24 29.394408836907637
      vertex 16.600813061875577 -24 30.46162167924669
      vertex 17.878679656440358 -24 29.021320343559644
    endloop
  endfacet
  facet normal 0 -1 0
    outer loop
      vertex 17.878679656440358 -24 29.021320343559644
      vertex 16.600813061875577 -24 30.46162167924669
      vertex 17.505591163092365 -24 28.566710699058806
    endloop
  endfacet
  facet normal 0 1 0
    outer loop
      vertex 18.503354697855418 -18 25.899973580564716
      vertex 17.572949016875157 -18 21.76335575687742
      vertex 18.337016841479684 -18 26.21116982174284
    endloop
  endfacet
  facet normal 0 1 0
    outer loop
      vertex 18.2 -18 26.9
      vertex 18.234586495274186 -18 26.54883742037097
      vertex 17.572949016875157 -18 21.76335575687742
    endloop
  endfacet
  facet normal 0 1 0
    outer loop
      vertex 18.234586495274186 -18 26.54883742037097
      vertex 18.337016841479684 -18 26.21116982174284
      vertex 17.572949016875157 -18 21.76335575687742
    endloop
  endfacet
  facet normal 0 1 0
    outer loop
      vertex 18.234586495274186 -18 27.25116257962903
      vertex 18.2 -18 26.9
      vertex 16.600813061875577 -18 30.46162167924669
    endloop
  endfacet
  facet normal 0 1 0
    outer loop
      vertex 18.2 -18 26.9
      vertex 17 -18 20
      vertex 16.600813061875577 -18 30.46162167924669
    endloop
  endfacet
  facet normal 0 -1 0
    outer loop
      vertex 17.505591163092365 -24 28.566710699058806
      vertex 16.600813061875577 -24 30.46162167924669
      vertex 17.228361402466142 -24 28.04805029709527
    endloop
  endfacet
  facet normal 0 -1 0
    outer loop
      vertex 16.600813061875577 -24 30.46162167924669
      vertex 17.05764415879031 -24 27.485270966048386
      vertex 17.228361402466142 -24 28.04805029709527
    endloop
  endfacet
  facet normal 0 -1 0
    outer loop
      vertex 16.600813061875577 -24 30.46162167924669
      vertex 17 -24 26.9
      vertex 17.05764415879031 -24 27.485270966048386
    endloop
  endfacet
  facet normal 0 -1 0
    outer loop
      vertex 16.600813061875577 -24 30.46162167924669
      vertex 17.05764415879031 -24 26.314729033951615
      vertex 17 -24 26.9
    endloop
  endfacet
  facet normal 0 -1 0
    outer loop
      vertex 16.600813061875577 -24 30.46162167924669
      vertex 17 -24 20
      vertex 17.05764415879031 -24 26.314729033951615
    endloop
  endfacet
  facet normal 0 1 0
    outer loop
      vertex 16.600813061875577 -18 30.46162167924669
      vertex 14.372792206135784 -18 21.272792206135787
      vertex 14.5 -18 29.526279441628823
    endloop
  endfacet
  facet normal 0 -1 0
    outer loop
      vertex 16.600813061875577 -24 30.46162167924669
      vertex 14.5 -24 29.526279441628823
      vertex 15.594408836907636 -24 21.666710699058807
    endloop
  endfacet
  facet normal 0 -1 0
    outer loop
      vertex 15.221320343559643 -24 22.121320343559642
      vertex 14.5 -24 29.526279441628823
      vertex 14.766710699058805 -24 22.494408836907635
    endloop
  endfacet
  facet normal 0 1 0
    outer loop
      vertex 20.35116257962903 -18 25.134586495274185
      vertex 19.072949016875157 -18 22.85316954888546
      vertex 20 -18 25.1
    endloop
  endfacet
  facet normal 0 1 0
    outer loop
      vertex 20 -18 25.1
      vertex 19.072949016875157 -18 22.85316954888546
      vertex 19.64883742037097 -18 25.134586495274185
    endloop
  endfacet
  facet normal 0 1 0
    outer loop
      vertex 19.64883742037097 -18 25.134586495274185
      vertex 19.072949016875157 -18 22.85316954888546
      vertex 19.311169821742837 -18 25.237016841479686
    endloop
  endfacet
  facet normal 0 1 0
    outer loop
      vertex 19.311169821742837 -18 25.237016841479686
      vertex 17.572949016875157 -18 21.76335575687742
      vertex 18.999973580564717 -18 25.40335469785542
    endloop
  endfacet
  facet normal 0 1 0
    outer loop
      vertex 19.311169821742837 -18 25.237016841479686
      vertex 19.072949016875157 -18 22.85316954888546
      vertex 17.572949016875157 -18 21.76335575687742
    endloop
  endfacet
  facet normal 0 -1 0
    outer loop
      vertex 20.927050983124843 -24 22.85316954888546
      vertex 19.414729033951616 -24 23.95764415879031
      vertex 19.072949016875157 -24 22.85316954888546
    endloop
  endfacet
  facet normal 0 -1 0
    outer loop
      vertex 19.414729033951616 -24 23.95764415879031
      vertex 18.85194970290473 -24 24.12836140246614
      vertex 19.072949016875157 -24 22.85316954888546
    endloop
  endfacet
  facet normal 0 -1 0
    outer loop
      vertex 19.072949016875157 -24 22.85316954888546
      vertex 18.85194970290473 -24 24.12836140246614
      vertex 18.333289300941193 -24 24.405591163092364
    endloop
  endfacet
  facet normal 0 1 0
    outer loop
      vertex 18.999973580564717 -18 25.40335469785542
      vertex 17.572949016875157 -18 21.76335575687742
      vertex 18.727207793864213 -18 25.627207793864216
    endloop
  endfacet
  facet normal 0 1 0
    outer loop
      vertex 18.727207793864213 -18 25.627207793864216
      vertex 17.572949016875157 -18 21.76335575687742
      vertex 18.503354697855418 -18 25.899973580564716
    endloop
  endfacet
  facet normal 0 1 0
    outer loop
      vertex 18.2 -18 26.9
      vertex 17.572949016875157 -18 21.76335575687742
      vertex 17 -18 20
    endloop
  endfacet
  facet normal 0 -1 0
    outer loop
      vertex 17.878679656440358 -24 24.778679656440357
      vertex 19.072949016875157 -24 22.85316954888546
      vertex 18.333289300941193 -24 24.405591163092364
    endloop
  endfacet
  facet normal 0 -1 0
    outer loop
      vertex 17.878679656440358 -24 24.778679656440357
      vertex 17.572949016875157 -24 21.76335575687742
      vertex 19.072949016875157 -24 22.85316954888546
    endloop
  endfacet
  facet normal 0 -1 0
    outer loop
      vertex 17.878679656440358 -24 24.778679656440357
      vertex 17.505591163092365 -24 25.233289300941195
      vertex 17.572949016875157 -24 21.76335575687742
    endloop
  endfacet
  facet normal 0 -1 0
    outer loop
      vertex 17.505591163092365 -24 25.233289300941195
      vertex 17.228361402466142 -24 25.75194970290473
      vertex 17.572949016875157 -24 21.76335575687742
    endloop
  endfacet
  facet normal 0 -1 0
    outer loop
      vertex 17.228361402466142 -24 25.75194970290473
      vertex 17 -24 20
      vertex 17.572949016875157 -24 21.76335575687742
    endloop
  endfacet
  facet normal 0 -1 0
    outer loop
      vertex 19.072949016875157 -24 17.14683045111454
      vertex 17.572949016875157 -24 18.23664424312258
      vertex 18.85194970290473 -24 15.87163859753386
    endloop
  endfacet
  facet normal 0 -1 0
    outer loop
      vertex 17.572949016875157 -24 18.23664424312258
      vertex 17 -24 20
      vertex 17.228361402466142 -24 14.248050297095268
    endloop
  endfacet
  facet normal 0 1 0
    outer loop
      vertex 20.927050983124843 -18 17.14683045111454
      vertex 19.311169821742837 -18 14.762983158520315
      vertex 19.072949016875157 -18 17.14683045111454
    endloop
  endfacet
  facet normal 0 1 0
    outer loop
      vertex 20.927050983124843 -18 17.14683045111454
      vertex 19.64883742037097 -18 14.865413504725815
      vertex 19.311169821742837 -18 14.762983158520315
    endloop
  endfacet
  facet normal 0 1 0
    outer loop
      vertex 19.072949016875157 -18 17.14683045111454
      vertex 19.311169821742837 -18 14.762983158520315
      vertex 18.999973580564717 -18 14.59664530214458
    endloop
  endfacet
  facet normal 0 1 0
    outer loop
      vertex 19.072949016875157 -18 17.14683045111454
      vertex 18.999973580564717 -18 14.59664530214458
      vertex 18.727207793864213 -18 14.372792206135784
    endloop
  endfacet
  facet normal 0 1 0
    outer loop
      vertex 19.072949016875157 -18 17.14683045111454
      vertex 18.727207793864213 -18 14.372792206135784
      vertex 18.503354697855418 -18 14.100026419435284
    endloop
  endfacet
  facet normal 0 -1 0
    outer loop
      vertex 20.585270966048384 -24 16.04235584120969
      vertex 19.072949016875157 -24 17.14683045111454
      vertex 20 -24 16.1
    endloop
  endfacet
  facet normal 0 -1 0
    outer loop
      vertex 19.072949016875157 -24 17.14683045111454
      vertex 19.414729033951616 -24 16.04235584120969
      vertex 20 -24 16.1
    endloop
  endfacet
  facet normal 0 -1 0
    outer loop
      vertex 19.072949016875157 -24 17.14683045111454
      vertex 18.85194970290473 -24 15.87163859753386
      vertex 19.414729033951616 -24 16.04235584120969
    endloop
  endfacet
  facet normal 0 1 0
    outer loop
      vertex 21.14981309594419 -18 9.060259150948994
      vertex 18.85018690405581 -18 9.060259150948994
      vertex 20 -18 11.299999999999999
    endloop
  endfacet
  facet normal 0 1 0
    outer loop
      vertex 20 -18 11.299999999999999
      vertex 18.85018690405581 -18 9.060259150948994
      vertex 19.64883742037097 -18 11.334586495274184
    endloop
  endfacet
  facet normal 0 1 0
    outer loop
      vertex 19.64883742037097 -18 11.334586495274184
      vertex 18.85018690405581 -18 9.060259150948994
      vertex 19.311169821742837 -18 11.437016841479684
    endloop
  endfacet
  facet normal 0 1 0
    outer loop
      vertex 19.311169821742837 -18 11.437016841479684
      vertex 18.85018690405581 -18 9.060259150948994
      vertex 18.999973580564717 -18 11.60335469785542
    endloop
  endfacet
  facet normal 0 -1 0
    outer loop
      vertex 21.14981309594419 -24 9.060259150948994
      vertex 20 -24 10.1
      vertex 18.85018690405581 -24 9.060259150948994
    endloop
  endfacet
  facet normal 0 0 -1
    outer loop
      vertex 21.14981309594419 -24 9.060259150948994
      vertex 18.85018690405581 -24 9.060259150948994
      vertex 18.85018690405581 -18 9.060259150948994
    endloop
  endfacet
  facet normal 0 -1 0
    outer loop
      vertex 20 -24 10.1
      vertex 19.414729033951616 -24 10.157644158790308
      vertex 18.85018690405581 -24 9.060259150948994
    endloop
  endfacet
  facet normal 0 -1 0
    outer loop
      vertex 19.414729033951616 -24 10.157644158790308
      vertex 18.85194970290473 -24 10.32836140246614
      vertex 18.85018690405581 -24 9.060259150948994
    endloop
  endfacet
  facet normal 0 -1 0
    outer loop
      vertex 18.85194970290473 -24 10.32836140246614
      vertex 18.333289300941193 -24 10.605591163092363
      vertex 18.85018690405581 -24 9.060259150948994
    endloop
  endfacet
  facet normal 0 1 0
    outer loop
      vertex 19.072949016875157 -18 17.14683045111454
      vertex 18.503354697855418 -18 14.100026419435284
      vertex 17.572949016875157 -18 18.23664424312258
    endloop
  endfacet
  facet normal 0 1 0
    outer loop
      vertex 17.572949016875157 -18 18.23664424312258
      vertex 18.503354697855418 -18 14.100026419435284
      vertex 18.337016841479684 -18 13.788830178257161
    endloop
  endfacet
  facet normal 0 1 0
    outer loop
      vertex 17.572949016875157 -18 18.23664424312258
      vertex 18.337016841479684 -18 13.788830178257161
      vertex 18.234586495274186 -18 13.451162579629031
    endloop
  endfacet
  facet normal 0 1 0
    outer loop
      vertex 17.572949016875157 -18 18.23664424312258
      vertex 18.234586495274186 -18 13.451162579629031
      vertex 18.2 -18 13.1
    endloop
  endfacet
  facet normal 0 1 0
    outer loop
      vertex 17.572949016875157 -18 18.23664424312258
      vertex 18.2 -18 13.1
      vertex 18.234586495274186 -18 12.748837420370968
    endloop
  endfacet
  facet normal 0 1 0
    outer loop
      vertex 17.572949016875157 -18 18.23664424312258
      vertex 18.234586495274186 -18 12.748837420370968
      vertex 16.600813061875577 -18 9.538378320753312
    endloop
  endfacet
  facet normal 0 -1 0
    outer loop
      vertex 17.572949016875157 -24 18.23664424312258
      vertex 18.333289300941193 -24 15.594408836907636
      vertex 18.85194970290473 -24 15.87163859753386
    endloop
  endfacet
  facet normal 0 -1 0
    outer loop
      vertex 17.572949016875157 -24 18.23664424312258
      vertex 17.878679656440358 -24 15.221320343559643
      vertex 18.333289300941193 -24 15.594408836907636
    endloop
  endfacet
  facet normal 0 -1 0
    outer loop
      vertex 17.572949016875157 -24 18.23664424312258
      vertex 17.505591163092365 -24 14.766710699058805
      vertex 17.878679656440358 -24 15.221320343559643
    endloop
  endfacet
  facet normal 0 -1 0
    outer loop
      vertex 17.572949016875157 -24 18.23664424312258
      vertex 17.228361402466142 -24 14.248050297095268
      vertex 17.505591163092365 -24 14.766710699058805
    endloop
  endfacet
  facet normal 0 1 0
    outer loop
      vertex 18.727207793864213 -18 11.827207793864215
      vertex 16.600813061875577 -18 9.538378320753312
      vertex 18.503354697855418 -18 12.099973580564715
    endloop
  endfacet
  facet normal 0 1 0
    outer loop
      vertex 18.999973580564717 -18 11.60335469785542
      vertex 18.85018690405581 -18 9.060259150948994
      vertex 16.600813061875577 -18 9.538378320753312
    endloop
  endfacet
  facet normal 0 1 0
    outer loop
      vertex 18.999973580564717 -18 11.60335469785542
      vertex 16.600813061875577 -18 9.538378320753312
      vertex 18.727207793864213 -18 11.827207793864215
    endloop
  endfacet
  facet normal 0 1 0
    outer loop
      vertex 18.503354697855418 -18 12.099973580564715
      vertex 16.600813061875577 -18 9.538378320753312
      vertex 18.337016841479684 -18 12.411169821742838
    endloop
  endfacet
  facet normal 0 1 0
    outer loop
      vertex 18.337016841479684 -18 12.411169821742838
      vertex 16.600813061875577 -18 9.538378320753312
      vertex 18.234586495274186 -18 12.748837420370968
    endloop
  endfacet
  facet normal -0.20791169081775943 0 -0.9781476007338056
    outer loop
      vertex 18.85018690405581 -18 9.060259150948994
      vertex 18.85018690405581 -24 9.060259150948994
      vertex 16.600813061875577 -18 9.538378320753312
    endloop
  endfacet
  facet normal 0 -1 0
    outer loop
      vertex 18.333289300941193 -24 10.605591163092363
      vertex 17.878679656440358 -24 10.978679656440356
      vertex 16.600813061875577 -24 9.538378320753312
    endloop
  endfacet
  facet normal 0 -1 0
    outer loop
      vertex 18.85018690405581 -24 9.060259150948994
      vertex 18.333289300941193 -24 10.605591163092363
      vertex 16.600813061875577 -24 9.538378320753312
    endloop
  endfacet
  facet normal 0 -1 0
    outer loop
      vertex 17.505591163092365 -24 11.433289300941194
      vertex 16.600813061875577 -24 9.538378320753312
      vertex 17.878679656440358 -24 10.978679656440356
    endloop
  endfacet
  facet normal -0.20791169081775943 0 -0.9781476007338056
    outer loop
      vertex 16.600813061875577 -18 9.538378320753312
      vertex 18.85018690405581 -24 9.060259150948994
      vertex 16.600813061875577 -24 9.538378320753312
    endloop
  endfacet
  facet normal 0 -1 0
    outer loop
      vertex 17.228361402466142 -24 25.75194970290473
      vertex 17.05764415879031 -24 26.314729033951615
      vertex 17 -24 20
    endloop
  endfacet
  facet normal 0 -1 0
    outer loop
      vertex 16.600813061875577 -24 30.46162167924669
      vertex 17 -24 13.1
      vertex 17 -24 20
    endloop
  endfacet
  facet normal 0 -1 0
    outer loop
      vertex 16.600813061875577 -24 30.46162167924669
      vertex 16.04235584120969 -24 20.585270966048384
      vertex 16.1 -24 20
    endloop
  endfacet
  facet normal 0 -1 0
    outer loop
      vertex 16.600813061875577 -24 30.46162167924669
      vertex 15.87163859753386 -24 21.14805029709527
      vertex 16.04235584120969 -24 20.585270966048384
    endloop
  endfacet
  facet normal 0 -1 0
    outer loop
      vertex 16.600813061875577 -24 30.46162167924669
      vertex 15.594408836907636 -24 21.666710699058807
      vertex 15.87163859753386 -24 21.14805029709527
    endloop
  endfacet
  facet normal 0 1 0
    outer loop
      vertex 16.600813061875577 -18 30.46162167924669
      vertex 17 -18 20
      vertex 16.600813061875577 -18 9.538378320753312
    endloop
  endfacet
  facet normal 0 1 0
    outer loop
      vertex 16.600813061875577 -18 30.46162167924669
      vertex 16.600813061875577 -18 9.538378320753312
      vertex 14.5 -18 10.473720558371175
    endloop
  endfacet
  facet normal 0 -1 0
    outer loop
      vertex 16.600813061875577 -24 30.46162167924669
      vertex 16.600813061875577 -24 9.538378320753312
      vertex 17 -24 13.1
    endloop
  endfacet
  facet normal 0 -1 0
    outer loop
      vertex 16.600813061875577 -24 30.46162167924669
      vertex 16.1 -24 20
      vertex 16.600813061875577 -24 9.538378320753312
    endloop
  endfacet
  facet normal 0 1 0
    outer loop
      vertex 16.600813061875577 -18 30.46162167924669
      vertex 14.899999999999999 -18 20
      vertex 14.865413504725815 -18 20.35116257962903
    endloop
  endfacet
  facet normal 0 1 0
    outer loop
      vertex 16.600813061875577 -18 30.46162167924669
      vertex 14.865413504725815 -18 20.35116257962903
      vertex 14.762983158520315 -18 20.688830178257163
    endloop
  endfacet
  facet normal 0 1 0
    outer loop
      vertex 16.600813061875577 -18 30.46162167924669
      vertex 14.59664530214458 -18 21.000026419435283
      vertex 14.372792206135784 -18 21.272792206135787
    endloop
  endfacet
  facet normal 0 1 0
    outer loop
      vertex 16.600813061875577 -18 30.46162167924669
      vertex 14.762983158520315 -18 20.688830178257163
      vertex 14.59664530214458 -18 21.000026419435283
    endloop
  endfacet
  facet normal 0 -1 0
    outer loop
      vertex 15.594408836907636 -24 21.666710699058807
      vertex 14.5 -24 29.526279441628823
      vertex 15.221320343559643 -24 22.121320343559642
    endloop
  endfacet
  facet normal 0 1 0
    outer loop
      vertex 16.600813061875577 -18 30.46162167924669
      vertex 14.5 -18 10.473720558371175
      vertex 14.899999999999999 -18 20
    endloop
  endfacet
  facet normal 0 1 0
    outer loop
      vertex 17.572949016875157 -18 18.23664424312258
      vertex 16.600813061875577 -18 9.538378320753312
      vertex 17 -18 20
    endloop
  endfacet
  facet normal 0 -1 0
    outer loop
      vertex 17 -24 20
      vertex 17.05764415879031 -24 13.685270966048385
      vertex 17.228361402466142 -24 14.248050297095268
    endloop
  endfacet
  facet normal 0 -1 0
    outer loop
      vertex 17 -24 20
      vertex 17 -24 13.1
      vertex 17.05764415879031 -24 13.685270966048385
    endloop
  endfacet
  facet normal 0 -1 0
    outer loop
      vertex 16.1 -24 20
      vertex 16.04235584120969 -24 19.414729033951616
      vertex 16.600813061875577 -24 9.538378320753312
    endloop
  endfacet
  facet normal 0 -1 0
    outer loop
      vertex 16.04235584120969 -24 19.414729033951616
      vertex 15.87163859753386 -24 18.85194970290473
      vertex 16.600813061875577 -24 9.538378320753312
    endloop
  endfacet
  facet normal 0 -1 0
    outer loop
      vertex 15.87163859753386 -24 18.85194970290473
      vertex 15.594408836907636 -24 18.333289300941193
      vertex 16.600813061875577 -24 9.538378320753312
    endloop
  endfacet
  facet normal 0 -1 0
    outer loop
      vertex 17.05764415879031 -24 12.514729033951614
      vertex 16.600813061875577 -24 9.538378320753312
      vertex 17.228361402466142 -24 11.95194970290473
    endloop
  endfacet
  facet normal 0 -1 0
    outer loop
      vertex 17 -24 13.1
      vertex 16.600813061875577 -24 9.538378320753312
      vertex 17.05764415879031 -24 12.514729033951614
    endloop
  endfacet
  facet normal 0 -1 0
    outer loop
      vertex 17.505591163092365 -24 11.433289300941194
      vertex 17.228361402466142 -24 11.95194970290473
      vertex 16.600813061875577 -24 9.538378320753312
    endloop
  endfacet
  facet normal -0.40673664307580015 0 -0.9135454576426009
    outer loop
      vertex 16.600813061875577 -18 9.538378320753312
      vertex 16.600813061875577 -24 9.538378320753312
      vertex 14.5 -18 10.473720558371175
    endloop
  endfacet
  facet normal 0 1 0
    outer loop
      vertex 14.899999999999999 -18 20
      vertex 14.5 -18 10.473720558371175
      vertex 14.865413504725815 -18 19.64883742037097
    endloop
  endfacet
  facet normal 0 1 0
    outer loop
      vertex 14.865413504725815 -18 19.64883742037097
      vertex 14.5 -18 10.473720558371175
      vertex 14.762983158520315 -18 19.311169821742837
    endloop
  endfacet
  facet normal 0 1 0
    outer loop
      vertex 14.762983158520315 -18 19.311169821742837
      vertex 14.5 -18 10.473720558371175
      vertex 14.59664530214458 -18 18.999973580564717
    endloop
  endfacet
  facet normal 0 -1 0
    outer loop
      vertex 15.594408836907636 -24 18.333289300941193
      vertex 15.221320343559643 -24 17.878679656440358
      vertex 16.600813061875577 -24 9.538378320753312
    endloop
  endfacet
  facet normal 0 -1 0
    outer loop
      vertex 15.221320343559643 -24 17.878679656440358
      vertex 14.766710699058805 -24 17.505591163092365
      vertex 14.5 -24 10.473720558371175
    endloop
  endfacet
  facet normal 0 -1 0
    outer loop
      vertex 14.766710699058805 -24 17.505591163092365
      vertex 14.248050297095268 -24 17.228361402466142
      vertex 14.5 -24 10.473720558371175
    endloop
  endfacet
  facet normal 0 -1 0
    outer loop
      vertex 15.221320343559643 -24 17.878679656440358
      vertex 14.5 -24 10.473720558371175
      vertex 16.600813061875577 -24 9.538378320753312
    endloop
  endfacet
  facet normal -0.40673664307580015 0 -0.9135454576426009
    outer loop
      vertex 14.5 -18 10.473720558371175
      vertex 16.600813061875577 -24 9.538378320753312
      vertex 14.5 -24 10.473720558371175
    endloop
  endfacet
  facet normal 0 1 0
    outer loop
      vertex 14.5 -18 29.526279441628823
      vertex 13.451162579629031 -18 21.765413504725814
      vertex 12.63956333005256 -18 28.174593080251334
    endloop
  endfacet
  facet normal 0 -1 0
    outer loop
      vertex 14.766710699058805 -24 22.494408836907635
      vertex 14.5 -24 29.526279441628823
      vertex 12.63956333005256 -24 28.174593080251334
    endloop
  endfacet
  facet normal 0 -1 0
    outer loop
      vertex 12.63956333005256 -24 28.174593080251334
      vertex 13.685270966048385 -24 22.94235584120969
      vertex 14.248050297095268 -24 22.771638597533858
    endloop
  endfacet
  facet normal 0 -1 0
    outer loop
      vertex 12.63956333005256 -24 28.174593080251334
      vertex 13.1 -24 23
      vertex 13.685270966048385 -24 22.94235584120969
    endloop
  endfacet
  facet normal 0 1 0
    outer loop
      vertex 12.63956333005256 -18 28.174593080251334
      vertex 11.827207793864215 -18 21.272792206135787
      vertex 11.100813061875577 -18 26.465637775217203
    endloop
  endfacet
  facet normal 0 -1 0
    outer loop
      vertex 12.63956333005256 -24 28.174593080251334
      vertex 11.100813061875577 -24 26.465637775217203
      vertex 13.1 -24 23
    endloop
  endfacet
  facet normal 0 1 0
    outer loop
      vertex 14.5 -18 29.526279441628823
      vertex 14.372792206135784 -18 21.272792206135787
      vertex 14.100026419435284 -18 21.496645302144582
    endloop
  endfacet
  facet normal 0 1 0
    outer loop
      vertex 14.5 -18 29.526279441628823
      vertex 14.100026419435284 -18 21.496645302144582
      vertex 13.788830178257161 -18 21.662983158520316
    endloop
  endfacet
  facet normal 0 1 0
    outer loop
      vertex 14.5 -18 29.526279441628823
      vertex 13.788830178257161 -18 21.662983158520316
      vertex 13.451162579629031 -18 21.765413504725814
    endloop
  endfacet
  facet normal 0 -1 0
    outer loop
      vertex 14.766710699058805 -24 22.494408836907635
      vertex 12.63956333005256 -24 28.174593080251334
      vertex 14.248050297095268 -24 22.771638597533858
    endloop
  endfacet
  facet normal 0 1 0
    outer loop
      vertex 12.63956333005256 -18 28.174593080251334
      vertex 13.451162579629031 -18 21.765413504725814
      vertex 13.1 -18 21.8
    endloop
  endfacet
  facet normal 0 1 0
    outer loop
      vertex 12.63956333005256 -18 28.174593080251334
      vertex 13.1 -18 21.8
      vertex 12.748837420370968 -18 21.765413504725814
    endloop
  endfacet
  facet normal 0 1 0
    outer loop
      vertex 12.63956333005256 -18 28.174593080251334
      vertex 12.748837420370968 -18 21.765413504725814
      vertex 12.411169821742838 -18 21.662983158520316
    endloop
  endfacet
  facet normal 0 1 0
    outer loop
      vertex 12.63956333005256 -18 28.174593080251334
      vertex 12.411169821742838 -18 21.662983158520316
      vertex 12.099973580564715 -18 21.496645302144582
    endloop
  endfacet
  facet normal 0 1 0
    outer loop
      vertex 12.63956333005256 -18 28.174593080251334
      vertex 12.099973580564715 -18 21.496645302144582
      vertex 11.827207793864215 -18 21.272792206135787
    endloop
  endfacet
  facet normal 0 -1 0
    outer loop
      vertex 11.100813061875577 -24 26.465637775217203
      vertex 12.514729033951614 -24 22.94235584120969
      vertex 13.1 -24 23
    endloop
  endfacet
  facet normal 0 -1 0
    outer loop
      vertex 11.100813061875577 -24 26.465637775217203
      vertex 11.95194970290473 -24 22.771638597533858
      vertex 12.514729033951614 -24 22.94235584120969
    endloop
  endfacet
  facet normal 0 1 0
    outer loop
      vertex 14.59664530214458 -18 18.999973580564717
      vertex 14.5 -18 10.473720558371175
      vertex 14.372792206135784 -18 18.727207793864213
    endloop
  endfacet
  facet normal 0 1 0
    outer loop
      vertex 14.372792206135784 -18 18.727207793864213
      vertex 14.5 -18 10.473720558371175
      vertex 12.63956333005256 -18 11.825406919748664
    endloop
  endfacet
  facet normal 0 1 0
    outer loop
      vertex 14.372792206135784 -18 18.727207793864213
      vertex 12.63956333005256 -18 11.825406919748664
      vertex 14.100026419435284 -18 18.503354697855418
    endloop
  endfacet
  facet normal 0 1 0
    outer loop
      vertex 14.100026419435284 -18 18.503354697855418
      vertex 12.63956333005256 -18 11.825406919748664
      vertex 13.788830178257161 -18 18.337016841479684
    endloop
  endfacet
  facet normal 0 1 0
    outer loop
      vertex 13.788830178257161 -18 18.337016841479684
      vertex 12.63956333005256 -18 11.825406919748664
      vertex 13.451162579629031 -18 18.234586495274186
    endloop
  endfacet
  facet normal 0 -1 0
    outer loop
      vertex 14.248050297095268 -24 17.228361402466142
      vertex 13.685270966048385 -24 17.05764415879031
      vertex 14.5 -24 10.473720558371175
    endloop
  endfacet
  facet normal 0 -1 0
    outer loop
      vertex 13.685270966048385 -24 17.05764415879031
      vertex 13.1 -24 17
      vertex 12.63956333005256 -24 11.825406919748664
    endloop
  endfacet
  facet normal 0 -1 0
    outer loop
      vertex 13.685270966048385 -24 17.05764415879031
      vertex 12.63956333005256 -24 11.825406919748664
      vertex 14.5 -24 10.473720558371175
    endloop
  endfacet
  facet normal -0.5877852522924734 0 -0.8090169943749473
    outer loop
      vertex 14.5 -18 10.473720558371175
      vertex 14.5 -24 10.473720558371175
      vertex 12.63956333005256 -18 11.825406919748664
    endloop
  endfacet
  facet normal -0.5877852522924734 0 -0.8090169943749473
    outer loop
      vertex 12.63956333005256 -18 11.825406919748664
      vertex 14.5 -24 10.473720558371175
      vertex 12.63956333005256 -24 11.825406919748664
    endloop
  endfacet
  facet normal 0 1 0
    outer loop
      vertex 13.451162579629031 -18 18.234586495274186
      vertex 12.63956333005256 -18 11.825406919748664
      vertex 13.1 -18 18.2
    endloop
  endfacet
  facet normal 0 1 0
    outer loop
      vertex 13.1 -18 18.2
      vertex 12.63956333005256 -18 11.825406919748664
      vertex 12.748837420370968 -18 18.234586495274186
    endloop
  endfacet
  facet normal 0 1 0
    outer loop
      vertex 12.748837420370968 -18 18.234586495274186
      vertex 11.100813061875577 -18 13.534362224782797
      vertex 12.411169821742838 -18 18.337016841479684
    endloop
  endfacet
  facet normal 0 1 0
    outer loop
      vertex 12.411169821742838 -18 18.337016841479684
      vertex 11.100813061875577 -18 13.534362224782797
      vertex 12.099973580564715 -18 18.503354697855418
    endloop
  endfacet
  facet normal 0 1 0
    outer loop
      vertex 12.748837420370968 -18 18.234586495274186
      vertex 12.63956333005256 -18 11.825406919748664
      vertex 11.100813061875577 -18 13.534362224782797
    endloop
  endfacet
  facet normal 0 -1 0
    outer loop
      vertex 13.1 -24 17
      vertex 12.514729033951614 -24 17.05764415879031
      vertex 12.63956333005256 -24 11.825406919748664
    endloop
  endfacet
  facet normal 0 -1 0
    outer loop
      vertex 12.514729033951614 -24 17.05764415879031
      vertex 11.95194970290473 -24 17.228361402466142
      vertex 12.63956333005256 -24 11.825406919748664
    endloop
  endfacet
  facet normal 0 -1 0
    outer loop
      vertex 11.95194970290473 -24 17.228361402466142
      vertex 11.100813061875577 -24 13.534362224782797
      vertex 12.63956333005256 -24 11.825406919748664
    endloop
  endfacet
  facet normal -0.743144825477394 0 -0.6691306063588586
    outer loop
      vertex 12.63956333005256 -18 11.825406919748664
      vertex 12.63956333005256 -24 11.825406919748664
      vertex 11.100813061875577 -24 13.534362224782797
    endloop
  endfacet
  facet normal 0 1 0
    outer loop
      vertex 11.100813061875577 -18 26.465637775217203
      vertex 11.827207793864215 -18 21.272792206135787
      vertex 11.60335469785542 -18 21.000026419435283
    endloop
  endfacet
  facet normal 0 1 0
    outer loop
      vertex 11.100813061875577 -18 26.465637775217203
      vertex 11.60335469785542 -18 21.000026419435283
      vertex 11.437016841479684 -18 20.688830178257163
    endloop
  endfacet
  facet normal 0 1 0
    outer loop
      vertex 11.100813061875577 -18 26.465637775217203
      vertex 11.437016841479684 -18 20.688830178257163
      vertex 11.334586495274184 -18 20.35116257962903
    endloop
  endfacet
  facet normal 0 1 0
    outer loop
      vertex 11.100813061875577 -18 26.465637775217203
      vertex 11.334586495274184 -18 20.35116257962903
      vertex 11.299999999999999 -18 20
    endloop
  endfacet
  facet normal 0 -1 0
    outer loop
      vertex 11.100813061875577 -24 26.465637775217203
      vertex 11.433289300941194 -24 22.494408836907635
      vertex 11.95194970290473 -24 22.771638597533858
    endloop
  endfacet
  facet normal 0 -1 0
    outer loop
      vertex 11.100813061875577 -24 26.465637775217203
      vertex 9.950999965931391 -24 24.474103073833803
      vertex 11.433289300941194 -24 22.494408836907635
    endloop
  endfacet
  facet normal 0 -1 0
    outer loop
      vertex 11.433289300941194 -24 22.494408836907635
      vertex 9.950999965931391 -24 24.474103073833803
      vertex 10.978679656440356 -24 22.121320343559642
    endloop
  endfacet
  facet normal 0 -1 0
    outer loop
      vertex 10.978679656440356 -24 22.121320343559642
      vertex 9.950999965931391 -24 24.474103073833803
      vertex 10.605591163092363 -24 21.666710699058807
    endloop
  endfacet
  facet normal 0 1 0
    outer loop
      vertex 11.100813061875577 -18 26.465637775217203
      vertex 11.299999999999999 -18 20
      vertex 11.100813061875577 -18 13.534362224782797
    endloop
  endfacet
  facet normal 0 1 0
    outer loop
      vertex 12.099973580564715 -18 18.503354697855418
      vertex 11.100813061875577 -18 13.534362224782797
      vertex 11.827207793864215 -18 18.727207793864213
    endloop
  endfacet
  facet normal 0 1 0
    outer loop
      vertex 11.827207793864215 -18 18.727207793864213
      vertex 11.100813061875577 -18 13.534362224782797
      vertex 11.60335469785542 -18 18.999973580564717
    endloop
  endfacet
  facet normal 0 1 0
    outer loop
      vertex 11.299999999999999 -18 20
      vertex 11.334586495274184 -18 19.64883742037097
      vertex 11.100813061875577 -18 13.534362224782797
    endloop
  endfacet
  facet normal 0 1 0
    outer loop
      vertex 11.437016841479684 -18 19.311169821742837
      vertex 11.100813061875577 -18 13.534362224782797
      vertex 11.334586495274184 -18 19.64883742037097
    endloop
  endfacet
  facet normal 0 1 0
    outer loop
      vertex 11.60335469785542 -18 18.999973580564717
      vertex 11.100813061875577 -18 13.534362224782797
      vertex 11.437016841479684 -18 19.311169821742837
    endloop
  endfacet
  facet normal 0 1 0
    outer loop
      vertex 11.100813061875577 -18 26.465637775217203
      vertex 11.100813061875577 -18 13.534362224782797
      vertex 9.950999965931391 -18 15.525896926166197
    endloop
  endfacet
  facet normal 0 -1 0
    outer loop
      vertex 10.605591163092363 -24 18.333289300941193
      vertex 10.32836140246614 -24 18.85194970290473
      vertex 11.100813061875577 -24 13.534362224782797
    endloop
  endfacet
  facet normal 0 1 0
    outer loop
      vertex 11.100813061875577 -18 26.465637775217203
      vertex 9.950999965931391 -18 15.525896926166197
      vertex 9.950999965931391 -18 24.474103073833803
    endloop
  endfacet
  facet normal 0 1 0
    outer loop
      vertex 9.950999965931391 -18 24.474103073833803
      vertex 9.240376391928137 -18 17.712971401004648
      vertex 9.240376391928137 -18 22.287028598995352
    endloop
  endfacet
  facet normal 0 -1 0
    outer loop
      vertex 10.605591163092363 -24 21.666710699058807
      vertex 9.950999965931391 -24 24.474103073833803
      vertex 10.32836140246614 -24 21.14805029709527
    endloop
  endfacet
  facet normal 0 -1 0
    outer loop
      vertex 9.950999965931391 -24 24.474103073833803
      vertex 10.157644158790308 -24 20.585270966048384
      vertex 10.32836140246614 -24 21.14805029709527
    endloop
  endfacet
  facet normal 0 -1 0
    outer loop
      vertex 9.950999965931391 -24 24.474103073833803
      vertex 10.1 -24 20
      vertex 10.157644158790308 -24 20.585270966048384
    endloop
  endfacet
  facet normal 0 -1 0
    outer loop
      vertex 9.950999965931391 -24 24.474103073833803
      vertex 9.240376391928137 -24 22.287028598995352
      vertex 9.950999965931391 -24 15.525896926166197
    endloop
  endfacet
  facet normal 0 1 0
    outer loop
      vertex 9.950999965931391 -18 24.474103073833803
      vertex 9.950999965931391 -18 15.525896926166197
      vertex 9.240376391928137 -18 17.712971401004648
    endloop
  endfacet
  facet normal 0 1 0
    outer loop
      vertex 9.240376391928137 -18 22.287028598995352
      vertex 9.240376391928137 -18 17.712971401004648
      vertex 9 -18 20
    endloop
  endfacet
  facet normal 0 -1 0
    outer loop
      vertex 9.950999965931391 -24 24.474103073833803
      vertex 9.950999965931391 -24 15.525896926166197
      vertex 10.1 -24 20
    endloop
  endfacet
  facet normal 0 -1 0
    outer loop
      vertex 10.1 -24 20
      vertex 9.950999965931391 -24 15.525896926166197
      vertex 10.157644158790308 -24 19.414729033951616
    endloop
  endfacet
  facet normal 0 -1 0
    outer loop
      vertex 10.32836140246614 -24 18.85194970290473
      vertex 10.157644158790308 -24 19.414729033951616
      vertex 9.950999965931391 -24 15.525896926166197
    endloop
  endfacet
  facet normal -0.9945218953682733 0 -0.10452846326765325
    outer loop
      vertex 9 -18 20
      vertex 9.240376391928137 -18 17.712971401004648
      vertex 9 -24 20
    endloop
  endfacet
  facet normal 0 -1 0
    outer loop
      vertex 9.240376391928137 -24 22.287028598995352
      vertex 9 -24 20
      vertex 9.240376391928137 -24 17.712971401004648
    endloop
  endfacet
  facet normal -0.9510565162951533 0 -0.30901699437494795
    outer loop
      vertex 9.240376391928137 -18 17.712971401004648
      vertex 9.950999965931391 -18 15.525896926166197
      vertex 9.240376391928137 -24 17.712971401004648
    endloop
  endfacet
  facet normal 0 -1 0
    outer loop
      vertex 9.240376391928137 -24 22.287028598995352
      vertex 9.240376391928137 -24 17.712971401004648
      vertex 9.950999965931391 -24 15.525896926166197
    endloop
  endfacet
  facet normal -0.9945218953682733 0 -0.10452846326765325
    outer loop
      vertex 9.240376391928137 -18 17.712971401004648
      vertex 9.240376391928137 -24 17.712971401004648
      vertex 9 -24 20
    endloop
  endfacet
  facet normal 0 -1 0
    outer loop
      vertex 11.95194970290473 -24 17.228361402466142
      vertex 11.433289300941194 -24 17.505591163092365
      vertex 11.100813061875577 -24 13.534362224782797
    endloop
  endfacet
  facet normal 0 -1 0
    outer loop
      vertex 11.433289300941194 -24 17.505591163092365
      vertex 10.978679656440356 -24 17.878679656440358
      vertex 11.100813061875577 -24 13.534362224782797
    endloop
  endfacet
  facet normal -0.743144825477394 0 -0.6691306063588586
    outer loop
      vertex 12.63956333005256 -18 11.825406919748664
      vertex 11.100813061875577 -24 13.534362224782797
      vertex 11.100813061875577 -18 13.534362224782797
    endloop
  endfacet
  facet normal 0 -1 0
    outer loop
      vertex 10.978679656440356 -24 17.878679656440358
      vertex 10.605591163092363 -24 18.333289300941193
      vertex 11.100813061875577 -24 13.534362224782797
    endloop
  endfacet
  facet normal 0 -1 0
    outer loop
      vertex 10.32836140246614 -24 18.85194970290473
      vertex 9.950999965931391 -24 15.525896926166197
      vertex 11.100813061875577 -24 13.534362224782797
    endloop
  endfacet
  facet normal -0.8660254037844389 0 -0.4999999999999995
    outer loop
      vertex 11.100813061875577 -18 13.534362224782797
      vertex 11.100813061875577 -24 13.534362224782797
      vertex 9.950999965931391 -24 15.525896926166197
    endloop
  endfacet
  facet normal -0.9510565162951533 0 -0.30901699437494795
    outer loop
      vertex 9.950999965931391 -18 15.525896926166197
      vertex 9.950999965931391 -24 15.525896926166197
      vertex 9.240376391928137 -24 17.712971401004648
    endloop
  endfacet
  facet normal -0.8660254037844389 0 -0.4999999999999995
    outer loop
      vertex 11.100813061875577 -18 13.534362224782797
      vertex 9.950999965931391 -24 15.525896926166197
      vertex 9.950999965931391 -18 15.525896926166197
    endloop
  endfacet
  facet normal 0 1 0
    outer loop
      vertex 31 -18 60
      vertex 30.759623608071863 -18 22.287028598995352
      vertex 30.947031993394166 -18 58.92181145637483
    endloop
  endfacet
  facet normal 0 1 0
    outer loop
      vertex 30.759623608071863 -18 22.287028598995352
      vertex 30.788638084435533 -18 57.85400645782259
      vertex 30.947031993394166 -18 58.92181145637483
    endloop
  endfacet
  facet normal 0 1 0
    outer loop
      vertex 30.759623608071863 -18 22.287028598995352
      vertex 30.764187558124803 -18 57.7563944851592
      vertex 30.788638084435533 -18 57.85400645782259
    endloop
  endfacet
  facet normal 0 1 0
    outer loop
      vertex 30.759623608071863 -18 57.712971401004644
      vertex 30.764187558124803 -18 57.7563944851592
      vertex 30.759623608071863 -18 22.287028598995352
    endloop
  endfacet
  facet normal 0 1 0
    outer loop
      vertex 30.759623608071863 -18 57.712971401004644
      vertex 30.04900003406861 -18 24.474103073833803
      vertex 30.73206574574803 -18 57.62815702181085
    endloop
  endfacet
  facet normal 0 1 0
    outer loop
      vertex 30.04900003406861 -18 24.474103073833803
      vertex 30.526343693054297 -18 56.80686855020092
      vertex 30.73206574574803 -18 57.62815702181085
    endloop
  endfacet
  facet normal 0 1 0
    outer loop
      vertex 30.04900003406861 -18 24.474103073833803
      vertex 30.162674857624154 -18 55.790482243984016
      vertex 30.526343693054297 -18 56.80686855020092
    endloop
  endfacet
  facet normal 0 1 0
    outer loop
      vertex 30.04900003406861 -18 24.474103073833803
      vertex 30.07416203706039 -18 55.60333760853636
      vertex 30.162674857624154 -18 55.790482243984016
    endloop
  endfacet
  facet normal 0 1 0
    outer loop
      vertex 30.04900003406861 -18 55.5258969261662
      vertex 30.07416203706039 -18 55.60333760853636
      vertex 30.04900003406861 -18 24.474103073833803
    endloop
  endfacet
  facet normal 0 1 0
    outer loop
      vertex 30.04900003406861 -18 55.5258969261662
      vertex 28.899186938124423 -18 26.465637775217203
      vertex 29.985589359418057 -18 55.41606641592922
    endloop
  endfacet
  facet normal 1 0 0
    outer loop
      vertex 31 -18 60
      vertex 31 -24 60
      vertex 31 -24 20
    endloop
  endfacet
  facet normal 0 -1 0
    outer loop
      vertex 31 -24 60
      vertex 30.759623608071863 -24 57.712971401004644
      vertex 31 -24 20
    endloop
  endfacet
  facet normal 0 -1 0
    outer loop
      vertex 30.759623608071863 -24 57.712971401004644
      vertex 30.04900003406861 -24 55.5258969261662
      vertex 30.04900003406861 -24 24.474103073833803
    endloop
  endfacet
  facet normal 0 1 0
    outer loop
      vertex 28.899186938124423 -18 26.465637775217203
      vertex 29.701133907831906 -18 54.814635894914026
      vertex 29.985589359418057 -18 55.41606641592922
    endloop
  endfacet
  facet normal 0 1 0
    outer loop
      vertex 28.899186938124423 -18 26.465637775217203
      vertex 29.146165735327997 -18 53.88872743678438
      vertex 29.701133907831906 -18 54.814635894914026
    endloop
  endfacet
  facet normal 0 1 0
    outer loop
      vertex 28.899186938124423 -18 26.465637775217203
      vertex 28.954835805427017 -18 53.63074889033455
      vertex 29.146165735327997 -18 53.88872743678438
    endloop
  endfacet
  facet normal 0 1 0
    outer loop
      vertex 28.899186938124423 -18 53.5343622247828
      vertex 28.954835805427017 -18 53.63074889033455
      vertex 28.899186938124423 -18 26.465637775217203
    endloop
  endfacet
  facet normal 0 1 0
    outer loop
      vertex 28.899186938124423 -18 53.5343622247828
      vertex 27.36043666994744 -18 28.174593080251334
      vertex 28.809367696104026 -18 53.434607850522475
    endloop
  endfacet
  facet normal 0 -1 0
    outer loop
      vertex 30.04900003406861 -24 55.5258969261662
      vertex 28.899186938124423 -24 53.5343622247828
      vertex 28.899186938124423 -24 26.465637775217203
    endloop
  endfacet
  facet normal 0 1 0
    outer loop
      vertex 27.36043666994744 -18 28.174593080251334
      vertex 28.503114986990106 -18 53.0216738741999
      vertex 28.809367696104026 -18 53.434607850522475
    endloop
  endfacet
  facet normal 0 1 0
    outer loop
      vertex 27.36043666994744 -18 28.174593080251334
      vertex 27.77817459305202 -18 52.22182540694798
      vertex 28.503114986990106 -18 53.0216738741999
    endloop
  endfacet
  facet normal 0 1 0
    outer loop
      vertex 27.36043666994744 -18 28.174593080251334
      vertex 27.447592438494155 -18 51.922203207036205
      vertex 27.77817459305202 -18 52.22182540694798
    endloop
  endfacet
  facet normal 0 1 0
    outer loop
      vertex 27.36043666994744 -18 51.825406919748666
      vertex 27.447592438494155 -18 51.922203207036205
      vertex 27.36043666994744 -18 28.174593080251334
    endloop
  endfacet
  facet normal 0 1 0
    outer loop
      vertex 27.36043666994744 -18 51.825406919748666
      vertex 27.36043666994744 -18 28.174593080251334
      vertex 27.26142419117516 -18 51.75347014311737
    endloop
  endfacet
  facet normal 0 -1 0
    outer loop
      vertex 28.899186938124423 -24 53.5343622247828
      vertex 27.36043666994744 -24 51.825406919748666
      vertex 27.36043666994744 -24 28.174593080251334
    endloop
  endfacet
  facet normal 0 1 0
    outer loop
      vertex 27.36043666994744 -18 28.174593080251334
      vertex 26.978326125800102 -18 51.496885013009894
      vertex 27.26142419117516 -18 51.75347014311737
    endloop
  endfacet
  facet normal 0 -1 0
    outer loop
      vertex 27.36043666994744 -24 51.825406919748666
      vertex 25.5 -24 50.47372055837118
      vertex 25.5 -24 29.526279441628823
    endloop
  endfacet
  facet normal 0 1 0
    outer loop
      vertex 27.36043666994744 -18 28.174593080251334
      vertex 26.111272563215625 -18 50.853834264672
      vertex 26.978326125800102 -18 51.496885013009894
    endloop
  endfacet
  facet normal 0 1 0
    outer loop
      vertex 27.36043666994744 -18 28.174593080251334
      vertex 25.607977568852714 -18 50.5521708542133
      vertex 26.111272563215625 -18 50.853834264672
    endloop
  endfacet
  facet normal 0 1 0
    outer loop
      vertex 25.5 -18 50.47372055837118
      vertex 25.607977568852714 -18 50.5521708542133
      vertex 27.36043666994744 -18 28.174593080251334
    endloop
  endfacet
  facet normal 0 -1 0
    outer loop
      vertex 25.5 -24 50.47372055837118
      vertex 23.399186938124423 -24 49.53837832075331
      vertex 25.5 -24 29.526279441628823
    endloop
  endfacet
  facet normal 0 -1 0
    outer loop
      vertex 23.399186938124423 -24 49.53837832075331
      vertex 21.14981309594419 -24 49.060259150948994
      vertex 25.5 -24 29.526279441628823
    endloop
  endfacet
  facet normal 0 1 0
    outer loop
      vertex 25.5 -18 50.47372055837118
      vertex 14.5 -18 29.526279441628823
      vertex 25.41092320631828 -18 50.43406101462877
    endloop
  endfacet
  facet normal 0 1 0
    outer loop
      vertex 14.5 -18 29.526279441628823
      vertex 25.185364105085974 -18 50.2988660921681
      vertex 25.41092320631828 -18 50.43406101462877
    endloop
  endfacet
  facet normal 0 -1 0
    outer loop
      vertex 21.14981309594419 -24 49.060259150948994
      vertex 18.85018690405581 -24 49.060259150948994
      vertex 25.5 -24 29.526279441628823
    endloop
  endfacet
  facet normal 0 1 0
    outer loop
      vertex 14.5 -18 29.526279441628823
      vertex 24.209517756015988 -18 49.837325142375846
      vertex 25.185364105085974 -18 50.2988660921681
    endloop
  endfacet
  facet normal 0 1 0
    outer loop
      vertex 14.5 -18 29.526279441628823
      vertex 23.502201276829226 -18 49.58424325934278
      vertex 24.209517756015988 -18 49.837325142375846
    endloop
  endfacet
  facet normal 0 1 0
    outer loop
      vertex 23.399186938124423 -18 49.53837832075331
      vertex 23.502201276829226 -18 49.58424325934278
      vertex 14.5 -18 29.526279441628823
    endloop
  endfacet
  facet normal 0 1 0
    outer loop
      vertex 23.399186938124423 -18 49.53837832075331
      vertex 14.5 -18 29.526279441628823
      vertex 23.337184384405706 -18 49.5251992711201
    endloop
  endfacet
  facet normal 0 1 0
    outer loop
      vertex 14.5 -18 29.526279441628823
      vertex 23.193131449799086 -18 49.4736563069457
      vertex 23.337184384405706 -18 49.5251992711201
    endloop
  endfacet
  facet normal 0 -1 0
    outer loop
      vertex 25.5 -24 29.526279441628823
      vertex 18.85018690405581 -24 49.060259150948994
      vertex 16.600813061875577 -24 49.53837832075331
    endloop
  endfacet
  facet normal 0 1 0
    outer loop
      vertex 30.759623608071863 -18 57.712971401004644
      vertex 30.759623608071863 -18 22.287028598995352
      vertex 30.04900003406861 -18 24.474103073833803
    endloop
  endfacet
  facet normal 0 1 0
    outer loop
      vertex 31 -18 60
      vertex 31 -18 20
      vertex 30.759623608071863 -18 22.287028598995352
    endloop
  endfacet
  facet normal 0 1 0
    outer loop
      vertex 30.04900003406861 -18 55.5258969261662
      vertex 30.04900003406861 -18 24.474103073833803
      vertex 28.899186938124423 -18 26.465637775217203
    endloop
  endfacet
  facet normal 0 -1 0
    outer loop
      vertex 30.759623608071863 -24 57.712971401004644
      vertex 30.04900003406861 -24 24.474103073833803
      vertex 30.759623608071863 -24 22.287028598995352
    endloop
  endfacet
  facet normal 1 0 0
    outer loop
      vertex 31 -18 60
      vertex 31 -24 20
      vertex 31 -18 20
    endloop
  endfacet
  facet normal 0 -1 0
    outer loop
      vertex 30.759623608071863 -24 57.712971401004644
      vertex 30.759623608071863 -24 22.287028598995352
      vertex 31 -24 20
    endloop
  endfacet
  facet normal 0 -1 0
    outer loop
      vertex 30.04900003406861 -24 55.5258969261662
      vertex 28.899186938124423 -24 26.465637775217203
      vertex 30.04900003406861 -24 24.474103073833803
    endloop
  endfacet
  facet normal 0 1 0
    outer loop
      vertex 28.899186938124423 -18 53.5343622247828
      vertex 28.899186938124423 -18 26.465637775217203
      vertex 27.36043666994744 -18 28.174593080251334
    endloop
  endfacet
  facet normal 0 -1 0
    outer loop
      vertex 28.899186938124423 -24 53.5343622247828
      vertex 27.36043666994744 -24 28.174593080251334
      vertex 28.899186938124423 -24 26.465637775217203
    endloop
  endfacet
  facet normal 0 -1 0
    outer loop
      vertex 27.36043666994744 -24 51.825406919748666
      vertex 25.5 -24 29.526279441628823
      vertex 27.36043666994744 -24 28.174593080251334
    endloop
  endfacet
  facet normal 0 1 0
    outer loop
      vertex 25.5 -18 50.47372055837118
      vertex 27.36043666994744 -18 28.174593080251334
      vertex 25.5 -18 29.526279441628823
    endloop
  endfacet
  facet normal 0 1 0
    outer loop
      vertex 25.5 -18 50.47372055837118
      vertex 25.5 -18 29.526279441628823
      vertex 23.399186938124423 -18 30.46162167924669
    endloop
  endfacet
  facet normal 0 1 0
    outer loop
      vertex 25.5 -18 50.47372055837118
      vertex 23.399186938124423 -18 30.46162167924669
      vertex 21.14981309594419 -18 30.939740849051006
    endloop
  endfacet
  facet normal 0 1 0
    outer loop
      vertex 25.5 -18 50.47372055837118
      vertex 21.14981309594419 -18 30.939740849051006
      vertex 18.85018690405581 -18 30.939740849051006
    endloop
  endfacet
  facet normal 0 1 0
    outer loop
      vertex 25.5 -18 50.47372055837118
      vertex 18.85018690405581 -18 30.939740849051006
      vertex 16.600813061875577 -18 30.46162167924669
    endloop
  endfacet
  facet normal 0 -1 0
    outer loop
      vertex 25.5 -24 29.526279441628823
      vertex 14.5 -24 50.47372055837118
      vertex 23.399186938124423 -24 30.46162167924669
    endloop
  endfacet
  facet normal 0 1 0
    outer loop
      vertex 14.5 -18 29.526279441628823
      vertex 22.14599354217741 -18 49.21136191556447
      vertex 23.193131449799086 -18 49.4736563069457
    endloop
  endfacet
  facet normal 0 1 0
    outer loop
      vertex 14.5 -18 29.526279441628823
      vertex 21.201717869486703 -18 49.07129185114745
      vertex 22.14599354217741 -18 49.21136191556447
    endloop
  endfacet
  facet normal 0 1 0
    outer loop
      vertex 21.14981309594419 -18 49.060259150948994
      vertex 21.201717869486703 -18 49.07129185114745
      vertex 14.5 -18 29.526279441628823
    endloop
  endfacet
  facet normal 0 1 0
    outer loop
      vertex 21.14981309594419 -18 49.060259150948994
      vertex 14.5 -18 29.526279441628823
      vertex 21.127341446195587 -18 49.060259150948994
    endloop
  endfacet
  facet normal 0 1 0
    outer loop
      vertex 14.5 -18 29.526279441628823
      vertex 21.078188543625167 -18 49.05296800660584
      vertex 21.127341446195587 -18 49.060259150948994
    endloop
  endfacet
  facet normal 0 -1 0
    outer loop
      vertex 25.5 -24 29.526279441628823
      vertex 16.600813061875577 -24 49.53837832075331
      vertex 14.5 -24 50.47372055837118
    endloop
  endfacet
  facet normal 0 1 0
    outer loop
      vertex 14.5 -18 29.526279441628823
      vertex 20 -18 49
      vertex 21.078188543625167 -18 49.05296800660584
    endloop
  endfacet
  facet normal 0 1 0
    outer loop
      vertex 14.5 -18 29.526279441628823
      vertex 18.921811456374833 -18 49.05296800660584
      vertex 20 -18 49
    endloop
  endfacet
  facet normal 0 1 0
    outer loop
      vertex 14.5 -18 29.526279441628823
      vertex 18.872658553804413 -18 49.060259150948994
      vertex 18.921811456374833 -18 49.05296800660584
    endloop
  endfacet
  facet normal 0 1 0
    outer loop
      vertex 18.85018690405581 -18 49.060259150948994
      vertex 18.872658553804413 -18 49.060259150948994
      vertex 14.5 -18 29.526279441628823
    endloop
  endfacet
  facet normal 0 1 0
    outer loop
      vertex 18.85018690405581 -18 49.060259150948994
      vertex 14.5 -18 29.526279441628823
      vertex 18.798282130513297 -18 49.07129185114745
    endloop
  endfacet
  facet normal 0 1 0
    outer loop
      vertex 14.5 -18 29.526279441628823
      vertex 17.85400645782259 -18 49.21136191556447
      vertex 18.798282130513297 -18 49.07129185114745
    endloop
  endfacet
  facet normal 0 1 0
    outer loop
      vertex 14.5 -18 29.526279441628823
      vertex 16.806868550200914 -18 49.4736563069457
      vertex 17.85400645782259 -18 49.21136191556447
    endloop
  endfacet
  facet normal 0 1 0
    outer loop
      vertex 14.5 -18 29.526279441628823
      vertex 16.662815615594294 -18 49.5251992711201
      vertex 16.806868550200914 -18 49.4736563069457
    endloop
  endfacet
  facet normal 0 1 0
    outer loop
      vertex 16.600813061875577 -18 49.53837832075331
      vertex 16.662815615594294 -18 49.5251992711201
      vertex 14.5 -18 29.526279441628823
    endloop
  endfacet
  facet normal 0 1 0
    outer loop
      vertex 14.5 -18 29.526279441628823
      vertex 15.790482243984012 -18 49.837325142375846
      vertex 16.497798723170774 -18 49.58424325934278
    endloop
  endfacet
  facet normal 0 1 0
    outer loop
      vertex 16.600813061875577 -18 49.53837832075331
      vertex 14.5 -18 29.526279441628823
      vertex 16.497798723170774 -18 49.58424325934278
    endloop
  endfacet
  facet normal 0 1 0
    outer loop
      vertex 14.5 -18 29.526279441628823
      vertex 14.814635894914026 -18 50.2988660921681
      vertex 15.790482243984012 -18 49.837325142375846
    endloop
  endfacet
  facet normal 0 1 0
    outer loop
      vertex 14.5 -18 29.526279441628823
      vertex 14.58907679368172 -18 50.43406101462877
      vertex 14.814635894914026 -18 50.2988660921681
    endloop
  endfacet
  facet normal 0 1 0
    outer loop
      vertex 14.5 -18 50.47372055837118
      vertex 14.58907679368172 -18 50.43406101462877
      vertex 14.5 -18 29.526279441628823
    endloop
  endfacet
  facet normal 0 1 0
    outer loop
      vertex 14.5 -18 29.526279441628823
      vertex 13.0216738741999 -18 51.496885013009894
      vertex 13.888727436784375 -18 50.853834264672
    endloop
  endfacet
  facet normal 0 1 0
    outer loop
      vertex 14.5 -18 29.526279441628823
      vertex 12.738575808824843 -18 51.75347014311737
      vertex 13.0216738741999 -18 51.496885013009894
    endloop
  endfacet
  facet normal 0 1 0
    outer loop
      vertex 12.63956333005256 -18 51.825406919748666
      vertex 12.738575808824843 -18 51.75347014311737
      vertex 14.5 -18 29.526279441628823
    endloop
  endfacet
  facet normal 0 1 0
    outer loop
      vertex 14.5 -18 50.47372055837118
      vertex 14.5 -18 29.526279441628823
      vertex 14.392022431147286 -18 50.5521708542133
    endloop
  endfacet
  facet normal 0 1 0
    outer loop
      vertex 14.5 -18 29.526279441628823
      vertex 13.888727436784375 -18 50.853834264672
      vertex 14.392022431147286 -18 50.5521708542133
    endloop
  endfacet
  facet normal 0 -1 0
    outer loop
      vertex 14.5 -24 50.47372055837118
      vertex 12.63956333005256 -24 51.825406919748666
      vertex 12.63956333005256 -24 28.174593080251334
    endloop
  endfacet
  facet normal 0 1 0
    outer loop
      vertex 12.63956333005256 -18 51.825406919748666
      vertex 12.63956333005256 -18 28.174593080251334
      vertex 12.552407561505843 -18 51.922203207036205
    endloop
  endfacet
  facet normal 0 1 0
    outer loop
      vertex 12.63956333005256 -18 28.174593080251334
      vertex 12.221825406947977 -18 52.22182540694798
      vertex 12.552407561505843 -18 51.922203207036205
    endloop
  endfacet
  facet normal 0 1 0
    outer loop
      vertex 12.63956333005256 -18 28.174593080251334
      vertex 11.496885013009893 -18 53.0216738741999
      vertex 12.221825406947977 -18 52.22182540694798
    endloop
  endfacet
  facet normal 0 1 0
    outer loop
      vertex 12.63956333005256 -18 28.174593080251334
      vertex 11.190632303895972 -18 53.434607850522475
      vertex 11.496885013009893 -18 53.0216738741999
    endloop
  endfacet
  facet normal 0 -1 0
    outer loop
      vertex 12.63956333005256 -24 51.825406919748666
      vertex 11.100813061875577 -24 53.5343622247828
      vertex 12.63956333005256 -24 28.174593080251334
    endloop
  endfacet
  facet normal 0 1 0
    outer loop
      vertex 11.100813061875577 -18 53.5343622247828
      vertex 11.190632303895972 -18 53.434607850522475
      vertex 12.63956333005256 -18 28.174593080251334
    endloop
  endfacet
  facet normal 0 1 0
    outer loop
      vertex 11.100813061875577 -18 53.5343622247828
      vertex 11.100813061875577 -18 26.465637775217203
      vertex 11.045164194572981 -18 53.63074889033455
    endloop
  endfacet
  facet normal 0 1 0
    outer loop
      vertex 11.100813061875577 -18 26.465637775217203
      vertex 10.298866092168094 -18 54.814635894914026
      vertex 10.853834264672003 -18 53.88872743678438
    endloop
  endfacet
  facet normal 0 1 0
    outer loop
      vertex 11.100813061875577 -18 26.465637775217203
      vertex 10.853834264672003 -18 53.88872743678438
      vertex 11.045164194572981 -18 53.63074889033455
    endloop
  endfacet
  facet normal 0 1 0
    outer loop
      vertex 11.100813061875577 -18 26.465637775217203
      vertex 10.014410640581943 -18 55.41606641592922
      vertex 10.298866092168094 -18 54.814635894914026
    endloop
  endfacet
  facet normal 0 -1 0
    outer loop
      vertex 9.950999965931391 -24 55.5258969261662
      vertex 11.100813061875577 -24 26.465637775217203
      vertex 11.100813061875577 -24 53.5343622247828
    endloop
  endfacet
  facet normal 0 1 0
    outer loop
      vertex 9.950999965931391 -18 55.5258969261662
      vertex 10.014410640581943 -18 55.41606641592922
      vertex 11.100813061875577 -18 26.465637775217203
    endloop
  endfacet
  facet normal 0 1 0
    outer loop
      vertex 9.950999965931391 -18 24.474103073833803
      vertex 9.837325142375846 -18 55.790482243984016
      vertex 9.92583796293961 -18 55.60333760853636
    endloop
  endfacet
  facet normal 0 1 0
    outer loop
      vertex 9.950999965931391 -18 55.5258969261662
      vertex 9.950999965931391 -18 24.474103073833803
      vertex 9.92583796293961 -18 55.60333760853636
    endloop
  endfacet
  facet normal 0 1 0
    outer loop
      vertex 9.950999965931391 -18 24.474103073833803
      vertex 9.473656306945703 -18 56.80686855020092
      vertex 9.837325142375846 -18 55.790482243984016
    endloop
  endfacet
  facet normal 0 1 0
    outer loop
      vertex 9.950999965931391 -18 24.474103073833803
      vertex 9.267934254251967 -18 57.62815702181085
      vertex 9.473656306945703 -18 56.80686855020092
    endloop
  endfacet
  facet normal 0 1 0
    outer loop
      vertex 9.240376391928137 -18 57.712971401004644
      vertex 9.267934254251967 -18 57.62815702181085
      vertex 9.950999965931391 -18 24.474103073833803
    endloop
  endfacet
  facet normal 0 1 0
    outer loop
      vertex 9 -18 20
      vertex 9 -18 60
      vertex 9.052968006605834 -18 58.92181145637483
    endloop
  endfacet
  facet normal 0 1 0
    outer loop
      vertex 9 -18 20
      vertex 9.052968006605834 -18 58.92181145637483
      vertex 9.211361915564465 -18 57.85400645782259
    endloop
  endfacet
  facet normal 0 1 0
    outer loop
      vertex 9.240376391928137 -18 57.712971401004644
      vertex 9 -18 20
      vertex 9.235812441875195 -18 57.7563944851592
    endloop
  endfacet
  facet normal 0 1 0
    outer loop
      vertex 9 -18 20
      vertex 9.211361915564465 -18 57.85400645782259
      vertex 9.235812441875195 -18 57.7563944851592
    endloop
  endfacet
  facet normal 0 -1 0
    outer loop
      vertex 9.950999965931391 -24 55.5258969261662
      vertex 9.240376391928137 -24 57.712971401004644
      vertex 9.950999965931391 -24 24.474103073833803
    endloop
  endfacet
  facet normal -1 0 0
    outer loop
      vertex 9 -18 60
      vertex 9 -18 20
      vertex 9 -24 60
    endloop
  endfacet
  facet normal 0 -1 0
    outer loop
      vertex 9 -24 60
      vertex 9.240376391928137 -24 22.287028598995352
      vertex 9.240376391928137 -24 57.712971401004644
    endloop
  endfacet
  facet normal 0 1 0
    outer loop
      vertex 25.5 -18 50.47372055837118
      vertex 16.600813061875577 -18 30.46162167924669
      vertex 14.5 -18 29.526279441628823
    endloop
  endfacet
  facet normal 0 -1 0
    outer loop
      vertex 23.399186938124423 -24 30.46162167924669
      vertex 14.5 -24 50.47372055837118
      vertex 21.14981309594419 -24 30.939740849051006
    endloop
  endfacet
  facet normal 0 -1 0
    outer loop
      vertex 21.14981309594419 -24 30.939740849051006
      vertex 14.5 -24 50.47372055837118
      vertex 18.85018690405581 -24 30.939740849051006
    endloop
  endfacet
  facet normal 0 -1 0
    outer loop
      vertex 14.5 -24 50.47372055837118
      vertex 16.600813061875577 -24 30.46162167924669
      vertex 18.85018690405581 -24 30.939740849051006
    endloop
  endfacet
  facet normal 0 -1 0
    outer loop
      vertex 14.5 -24 50.47372055837118
      vertex 14.5 -24 29.526279441628823
      vertex 16.600813061875577 -24 30.46162167924669
    endloop
  endfacet
  facet normal 0 1 0
    outer loop
      vertex 12.63956333005256 -18 51.825406919748666
      vertex 14.5 -18 29.526279441628823
      vertex 12.63956333005256 -18 28.174593080251334
    endloop
  endfacet
  facet normal 0 -1 0
    outer loop
      vertex 14.5 -24 50.47372055837118
      vertex 12.63956333005256 -24 28.174593080251334
      vertex 14.5 -24 29.526279441628823
    endloop
  endfacet
  facet normal 0 1 0
    outer loop
      vertex 11.100813061875577 -18 53.5343622247828
      vertex 12.63956333005256 -18 28.174593080251334
      vertex 11.100813061875577 -18 26.465637775217203
    endloop
  endfacet
  facet normal 0 -1 0
    outer loop
      vertex 11.100813061875577 -24 53.5343622247828
      vertex 11.100813061875577 -24 26.465637775217203
      vertex 12.63956333005256 -24 28.174593080251334
    endloop
  endfacet
  facet normal 0 1 0
    outer loop
      vertex 9.950999965931391 -18 55.5258969261662
      vertex 11.100813061875577 -18 26.465637775217203
      vertex 9.950999965931391 -18 24.474103073833803
    endloop
  endfacet
  facet normal 0 1 0
    outer loop
      vertex 9.240376391928137 -18 57.712971401004644
      vertex 9.950999965931391 -18 24.474103073833803
      vertex 9.240376391928137 -18 22.287028598995352
    endloop
  endfacet
  facet normal 0 1 0
    outer loop
      vertex 9.240376391928137 -18 57.712971401004644
      vertex 9.240376391928137 -18 22.287028598995352
      vertex 9 -18 20
    endloop
  endfacet
  facet normal 0 -1 0
    outer loop
      vertex 9.950999965931391 -24 55.5258969261662
      vertex 9.950999965931391 -24 24.474103073833803
      vertex 11.100813061875577 -24 26.465637775217203
    endloop
  endfacet
  facet normal 0 -1 0
    outer loop
      vertex 9.240376391928137 -24 57.712971401004644
      vertex 9.240376391928137 -24 22.287028598995352
      vertex 9.950999965931391 -24 24.474103073833803
    endloop
  endfacet
  facet normal -1 0 0
    outer loop
      vertex 9 -24 60
      vertex 9 -18 20
      vertex 9 -24 20
    endloop
  endfacet
  facet normal 0 -1 0
    outer loop
      vertex 9 -24 60
      vertex 9 -24 20
      vertex 9.240376391928137 -24 22.287028598995352
    endloop
  endfacet
  facet normal 0 1 0
    outer loop
      vertex 30.04900003406861 -18 64.4741030738338
      vertex 30.07416203706039 -18 64.39666239146365
      vertex 29.985589359418057 -18 64.58393358407078
    endloop
  endfacet
  facet normal 0.8660254037844382 0 0.500000000000001
    outer loop
      vertex 30.04900003406861 -18 64.4741030738338
      vertex 29.985589359418057 -18 64.58393358407078
      vertex 30.04900003406861 -24 64.4741030738338
    endloop
  endfacet
  facet normal 0.9510565162951463 -8.53592564181491e-15 0.3090169943749696
    outer loop
      vertex 30.04900003406861 -18 64.4741030738338
      vertex 30.759623608071863 -24 62.287028598995356
      vertex 30.07416203706039 -18 64.39666239146365
    endloop
  endfacet
  facet normal 0.8660254037844376 -1.9073617857809267e-17 0.5000000000000017
    outer loop
      vertex 30.04900003406861 -24 64.4741030738338
      vertex 29.985589359418057 -18 64.58393358407078
      vertex 28.954835805427017 -18 66.36925110966544
    endloop
  endfacet
  facet normal 0.9510565162951532 0 0.30901699437494845
    outer loop
      vertex 30.04900003406861 -18 64.4741030738338
      vertex 30.04900003406861 -24 64.4741030738338
      vertex 30.759623608071863 -24 62.287028598995356
    endloop
  endfacet
  facet normal 0 1 0
    outer loop
      vertex 28.899186938124423 -18 66.4656377752172
      vertex 28.954835805427017 -18 66.36925110966544
      vertex 28.809367696104026 -18 66.56539214947753
    endloop
  endfacet
  facet normal 0.8660254037844632 1.868281698557082e-14 0.49999999999995726
    outer loop
      vertex 28.899186938124423 -18 66.4656377752172
      vertex 30.04900003406861 -24 64.4741030738338
      vertex 28.954835805427017 -18 66.36925110966544
    endloop
  endfacet
  facet normal 0.8660254037844389 0 0.4999999999999995
    outer loop
      vertex 28.899186938124423 -18 66.4656377752172
      vertex 28.899186938124423 -24 66.4656377752172
      vertex 30.04900003406861 -24 64.4741030738338
    endloop
  endfacet
  facet normal 0.7431448254774058 0 0.6691306063588454
    outer loop
      vertex 28.899186938124423 -18 66.4656377752172
      vertex 28.809367696104026 -18 66.56539214947753
      vertex 28.899186938124423 -24 66.4656377752172
    endloop
  endfacet
  facet normal 0.7431448254773926 -4.409670853446175e-16 0.66913060635886
    outer loop
      vertex 28.899186938124423 -24 66.4656377752172
      vertex 28.809367696104026 -18 66.56539214947753
      vertex 27.447592438494155 -18 68.0777967929638
    endloop
  endfacet
  facet normal 0 1 0
    outer loop
      vertex 30.759623608071863 -18 62.287028598995356
      vertex 30.764187558124803 -18 62.2436055148408
      vertex 30.73206574574803 -18 62.37184297818915
    endloop
  endfacet
  facet normal 0.9510565162951484 0 0.30901699437496316
    outer loop
      vertex 30.759623608071863 -18 62.287028598995356
      vertex 30.73206574574803 -18 62.37184297818915
      vertex 30.759623608071863 -24 62.287028598995356
    endloop
  endfacet
  facet normal 0.994521895368276 9.628022458929133e-15 0.1045284632676281
    outer loop
      vertex 30.759623608071863 -18 62.287028598995356
      vertex 31 -24 60
      vertex 30.764187558124803 -18 62.2436055148408
    endloop
  endfacet
  facet normal 0.9510565162951536 2.5258757252344684e-16 0.309016994374947
    outer loop
      vertex 30.759623608071863 -24 62.287028598995356
      vertex 30.73206574574803 -18 62.37184297818915
      vertex 30.07416203706039 -18 64.39666239146365
    endloop
  endfacet
  facet normal 0.9945218953682733 0 0.10452846326765308
    outer loop
      vertex 30.759623608071863 -18 62.287028598995356
      vertex 30.759623608071863 -24 62.287028598995356
      vertex 31 -24 60
    endloop
  endfacet
  facet normal 0 -1 0
    outer loop
      vertex 30.04900003406861 -24 64.4741030738338
      vertex 30.759623608071863 -24 57.712971401004644
      vertex 30.759623608071863 -24 62.287028598995356
    endloop
  endfacet
  facet normal 0.9945218953682733 0 0.10452846326765357
    outer loop
      vertex 31 -24 60
      vertex 31 -18 60
      vertex 30.764187558124803 -18 62.2436055148408
    endloop
  endfacet
  facet normal 0 -1 0
    outer loop
      vertex 30.759623608071863 -24 62.287028598995356
      vertex 30.759623608071863 -24 57.712971401004644
      vertex 31 -24 60
    endloop
  endfacet
  facet normal 0 -1 0
    outer loop
      vertex 30.04900003406861 -24 64.4741030738338
      vertex 28.899186938124423 -24 66.4656377752172
      vertex 30.04900003406861 -24 55.5258969261662
    endloop
  endfacet
  facet normal 0 1 0
    outer loop
      vertex 30.759623608071863 -18 57.712971401004644
      vertex 30.73206574574803 -18 57.62815702181085
      vertex 30.764187558124803 -18 57.7563944851592
    endloop
  endfacet
  facet normal 0 1 0
    outer loop
      vertex 30.04900003406861 -18 55.5258969261662
      vertex 29.985589359418057 -18 55.41606641592922
      vertex 30.07416203706039 -18 55.60333760853636
    endloop
  endfacet
  facet normal 0 -1 0
    outer loop
      vertex 30.04900003406861 -24 64.4741030738338
      vertex 30.04900003406861 -24 55.5258969261662
      vertex 30.759623608071863 -24 57.712971401004644
    endloop
  endfacet
  facet normal 0 -1 0
    outer loop
      vertex 28.899186938124423 -24 66.4656377752172
      vertex 27.36043666994744 -24 68.17459308025133
      vertex 28.899186938124423 -24 53.5343622247828
    endloop
  endfacet
  facet normal 0 -1 0
    outer loop
      vertex 28.899186938124423 -24 66.4656377752172
      vertex 28.899186938124423 -24 53.5343622247828
      vertex 30.04900003406861 -24 55.5258969261662
    endloop
  endfacet
  facet normal 0 1 0
    outer loop
      vertex 27.36043666994744 -18 68.17459308025133
      vertex 27.447592438494155 -18 68.0777967929638
      vertex 27.26142419117516 -18 68.24652985688263
    endloop
  endfacet
  facet normal 0.7431448254773715 -1.1862062643133637e-14 0.6691306063588834
    outer loop
      vertex 27.36043666994744 -18 68.17459308025133
      vertex 28.899186938124423 -24 66.4656377752172
      vertex 27.447592438494155 -18 68.0777967929638
    endloop
  endfacet
  facet normal 0.7431448254773922 0 0.6691306063588605
    outer loop
      vertex 27.36043666994744 -18 68.17459308025133
      vertex 27.36043666994744 -24 68.17459308025133
      vertex 28.899186938124423 -24 66.4656377752172
    endloop
  endfacet
  facet normal 0 1 0
    outer loop
      vertex 25.5 -18 69.52627944162882
      vertex 25.60797756885274 -18 69.44782914578668
      vertex 25.41092320631826 -18 69.56593898537125
    endloop
  endfacet
  facet normal 0.5877852522925495 -3.609691369432399e-14 0.8090169943748918
    outer loop
      vertex 27.36043666994744 -18 68.17459308025133
      vertex 27.26142419117516 -18 68.24652985688263
      vertex 25.5 -24 69.52627944162882
    endloop
  endfacet
  facet normal 0.5877852522924734 0 0.8090169943749473
    outer loop
      vertex 27.36043666994744 -18 68.17459308025133
      vertex 25.5 -24 69.52627944162882
      vertex 27.36043666994744 -24 68.17459308025133
    endloop
  endfacet
  facet normal 0.5877852522924721 -1.4078514682017522e-15 0.8090169943749481
    outer loop
      vertex 25.5 -24 69.52627944162882
      vertex 27.26142419117516 -18 68.24652985688263
      vertex 25.60797756885274 -18 69.44782914578668
    endloop
  endfacet
  facet normal 0.5877852522924211 0 0.8090169943749853
    outer loop
      vertex 25.5 -18 69.52627944162882
      vertex 25.5 -24 69.52627944162882
      vertex 25.60797756885274 -18 69.44782914578668
    endloop
  endfacet
  facet normal 0 -1 0
    outer loop
      vertex 27.36043666994744 -24 68.17459308025133
      vertex 27.36043666994744 -24 51.825406919748666
      vertex 28.899186938124423 -24 53.5343622247828
    endloop
  endfacet
  facet normal 0 -1 0
    outer loop
      vertex 27.36043666994744 -24 68.17459308025133
      vertex 25.5 -24 69.52627944162882
      vertex 27.36043666994744 -24 51.825406919748666
    endloop
  endfacet
  facet normal 0 -1 0
    outer loop
      vertex 27.36043666994744 -24 51.825406919748666
      vertex 25.5 -24 69.52627944162882
      vertex 25.5 -24 50.47372055837118
    endloop
  endfacet
  facet normal 0 1 0
    outer loop
      vertex 28.899186938124423 -18 53.5343622247828
      vertex 28.809367696104026 -18 53.434607850522475
      vertex 28.954835805427017 -18 53.63074889033455
    endloop
  endfacet
  facet normal 0 1 0
    outer loop
      vertex 27.36043666994744 -18 51.825406919748666
      vertex 27.26142419117516 -18 51.75347014311737
      vertex 27.447592438494155 -18 51.922203207036205
    endloop
  endfacet
  facet normal 0 1 0
    outer loop
      vertex 25.5 -18 50.47372055837118
      vertex 25.41092320631828 -18 50.43406101462877
      vertex 25.607977568852714 -18 50.5521708542133
    endloop
  endfacet
  facet normal 0.4067366430758827 -3.299603144005689e-14 0.9135454576425642
    outer loop
      vertex 25.5 -18 69.52627944162882
      vertex 25.41092320631826 -18 69.56593898537125
      vertex 23.399186938124423 -24 70.46162167924669
    endloop
  endfacet
  facet normal 0.406736643075804 0 0.9135454576425991
    outer loop
      vertex 25.5 -18 69.52627944162882
      vertex 23.399186938124423 -24 70.46162167924669
      vertex 25.5 -24 69.52627944162882
    endloop
  endfacet
  facet normal 0 -1 0
    outer loop
      vertex 25.5 -24 69.52627944162882
      vertex 23.399186938124423 -24 70.46162167924669
      vertex 25.5 -24 50.47372055837118
    endloop
  endfacet
  facet normal 0 1 0
    outer loop
      vertex 23.399186938124423 -18 70.46162167924669
      vertex 23.502201276829183 -18 70.41575674065723
      vertex 23.337184384405724 -18 70.4748007288799
    endloop
  endfacet
  facet normal 0.4067366430757959 1.8631190557268824e-15 0.9135454576426028
    outer loop
      vertex 23.399186938124423 -24 70.46162167924669
      vertex 25.41092320631826 -18 69.56593898537125
      vertex 23.502201276829183 -18 70.41575674065723
    endloop
  endfacet
  facet normal 0.4067366430758865 0 0.9135454576425625
    outer loop
      vertex 23.399186938124423 -18 70.46162167924669
      vertex 23.399186938124423 -24 70.46162167924669
      vertex 23.502201276829183 -18 70.41575674065723
    endloop
  endfacet
  facet normal 0 -1 0
    outer loop
      vertex 23.399186938124423 -24 70.46162167924669
      vertex 23.399186938124423 -24 49.53837832075331
      vertex 25.5 -24 50.47372055837118
    endloop
  endfacet
  facet normal 0.20791169081777747 -7.352564780967373e-15 0.9781476007338018
    outer loop
      vertex 23.399186938124423 -18 70.46162167924669
      vertex 23.337184384405724 -18 70.4748007288799
      vertex 21.14981309594419 -24 70.939740849051
    endloop
  endfacet
  facet normal 0.20791169081775873 0 0.9781476007338058
    outer loop
      vertex 23.399186938124423 -18 70.46162167924669
      vertex 21.14981309594419 -24 70.939740849051
      vertex 23.399186938124423 -24 70.46162167924669
    endloop
  endfacet
  facet normal 0.20791169081775943 -4.653635788478777e-16 0.9781476007338057
    outer loop
      vertex 21.14981309594419 -24 70.939740849051
      vertex 23.337184384405724 -18 70.4748007288799
      vertex 21.201717869486707 -18 70.92870814885255
    endloop
  endfacet
  facet normal 0 -1 0
    outer loop
      vertex 23.399186938124423 -24 70.46162167924669
      vertex 21.14981309594419 -24 70.939740849051
      vertex 23.399186938124423 -24 49.53837832075331
    endloop
  endfacet
  facet normal 0 1 0
    outer loop
      vertex 21.14981309594419 -18 70.939740849051
      vertex 21.201717869486707 -18 70.92870814885255
      vertex 21.12734144619558 -18 70.939740849051
    endloop
  endfacet
  facet normal 0.20791169081770797 0 0.9781476007338166
    outer loop
      vertex 21.14981309594419 -18 70.939740849051
      vertex 21.14981309594419 -24 70.939740849051
      vertex 21.201717869486707 -18 70.92870814885255
    endloop
  endfacet
  facet normal 0 0 1
    outer loop
      vertex 21.14981309594419 -18 70.939740849051
      vertex 21.12734144619558 -18 70.939740849051
      vertex 18.85018690405581 -24 70.939740849051
    endloop
  endfacet
  facet normal 0 0 1
    outer loop
      vertex 21.14981309594419 -18 70.939740849051
      vertex 18.85018690405581 -24 70.939740849051
      vertex 21.14981309594419 -24 70.939740849051
    endloop
  endfacet
  facet normal 0 -1 0
    outer loop
      vertex 21.14981309594419 -24 70.939740849051
      vertex 18.85018690405581 -24 70.939740849051
      vertex 21.14981309594419 -24 49.060259150948994
    endloop
  endfacet
  facet normal 0 -1 0
    outer loop
      vertex 21.14981309594419 -24 70.939740849051
      vertex 21.14981309594419 -24 49.060259150948994
      vertex 23.399186938124423 -24 49.53837832075331
    endloop
  endfacet
  facet normal 0 1 0
    outer loop
      vertex 23.399186938124423 -18 49.53837832075331
      vertex 23.337184384405706 -18 49.5251992711201
      vertex 23.502201276829226 -18 49.58424325934278
    endloop
  endfacet
  facet normal 0 1 0
    outer loop
      vertex 21.14981309594419 -18 49.060259150948994
      vertex 21.127341446195587 -18 49.060259150948994
      vertex 21.201717869486703 -18 49.07129185114745
    endloop
  endfacet
  facet normal 0 1 0
    outer loop
      vertex 18.85018690405581 -18 70.939740849051
      vertex 18.87265855380442 -18 70.939740849051
      vertex 18.798282130513293 -18 70.92870814885255
    endloop
  endfacet
  facet normal 0 0 1
    outer loop
      vertex 18.85018690405581 -24 70.939740849051
      vertex 21.12734144619558 -18 70.939740849051
      vertex 18.87265855380442 -18 70.939740849051
    endloop
  endfacet
  facet normal 0 0 1
    outer loop
      vertex 18.85018690405581 -18 70.939740849051
      vertex 18.85018690405581 -24 70.939740849051
      vertex 18.87265855380442 -18 70.939740849051
    endloop
  endfacet
  facet normal -0.20791169081770797 -1.9886985785269882e-14 0.9781476007338166
    outer loop
      vertex 18.85018690405581 -18 70.939740849051
      vertex 18.798282130513293 -18 70.92870814885255
      vertex 16.600813061875577 -24 70.46162167924669
    endloop
  endfacet
  facet normal -0.20791169081775873 0 0.9781476007338058
    outer loop
      vertex 18.85018690405581 -18 70.939740849051
      vertex 16.600813061875577 -24 70.46162167924669
      vertex 18.85018690405581 -24 70.939740849051
    endloop
  endfacet
  facet normal -0.20791169081775943 -1.9520373227711207e-16 0.9781476007338057
    outer loop
      vertex 16.600813061875577 -24 70.46162167924669
      vertex 18.798282130513293 -18 70.92870814885255
      vertex 16.662815615594276 -18 70.4748007288799
    endloop
  endfacet
  facet normal 0 -1 0
    outer loop
      vertex 18.85018690405581 -24 70.939740849051
      vertex 16.600813061875577 -24 70.46162167924669
      vertex 18.85018690405581 -24 49.060259150948994
    endloop
  endfacet
  facet normal 0 -1 0
    outer loop
      vertex 21.14981309594419 -24 49.060259150948994
      vertex 18.85018690405581 -24 70.939740849051
      vertex 18.85018690405581 -24 49.060259150948994
    endloop
  endfacet
  facet normal 0 -1 0
    outer loop
      vertex 16.600813061875577 -24 70.46162167924669
      vertex 16.600813061875577 -24 49.53837832075331
      vertex 18.85018690405581 -24 49.060259150948994
    endloop
  endfacet
  facet normal 0 1 0
    outer loop
      vertex 16.600813061875577 -18 70.46162167924669
      vertex 16.662815615594276 -18 70.4748007288799
      vertex 16.497798723170817 -18 70.41575674065723
    endloop
  endfacet
  facet normal -0.20791169081777747 0 0.9781476007338018
    outer loop
      vertex 16.600813061875577 -18 70.46162167924669
      vertex 16.600813061875577 -24 70.46162167924669
      vertex 16.662815615594276 -18 70.4748007288799
    endloop
  endfacet
  facet normal -0.406736643075804 0 0.9135454576425991
    outer loop
      vertex 16.600813061875577 -18 70.46162167924669
      vertex 14.5 -24 69.52627944162882
      vertex 16.600813061875577 -24 70.46162167924669
    endloop
  endfacet
  facet normal -0.4067366430758865 3.458271187015911e-14 0.9135454576425625
    outer loop
      vertex 16.600813061875577 -18 70.46162167924669
      vertex 16.497798723170817 -18 70.41575674065723
      vertex 14.5 -24 69.52627944162882
    endloop
  endfacet
  facet normal -0.40673664307579627 -1.418095965767165e-15 0.9135454576426028
    outer loop
      vertex 14.5 -24 69.52627944162882
      vertex 16.497798723170817 -18 70.41575674065723
      vertex 14.589076793681743 -18 69.56593898537125
    endloop
  endfacet
  facet normal -0.4067366430758759 0 0.9135454576425672
    outer loop
      vertex 14.5 -18 69.52627944162882
      vertex 14.5 -24 69.52627944162882
      vertex 14.589076793681743 -18 69.56593898537125
    endloop
  endfacet
  facet normal 0 -1 0
    outer loop
      vertex 16.600813061875577 -24 70.46162167924669
      vertex 14.5 -24 69.52627944162882
      vertex 16.600813061875577 -24 49.53837832075331
    endloop
  endfacet
  facet normal 0 -1 0
    outer loop
      vertex 16.600813061875577 -24 49.53837832075331
      vertex 14.5 -24 69.52627944162882
      vertex 14.5 -24 50.47372055837118
    endloop
  endfacet
  facet normal 0 1 0
    outer loop
      vertex 18.85018690405581 -18 49.060259150948994
      vertex 18.798282130513297 -18 49.07129185114745
      vertex 18.872658553804413 -18 49.060259150948994
    endloop
  endfacet
  facet normal 0 1 0
    outer loop
      vertex 16.600813061875577 -18 49.53837832075331
      vertex 16.497798723170774 -18 49.58424325934278
      vertex 16.662815615594294 -18 49.5251992711201
    endloop
  endfacet
  facet normal 0 1 0
    outer loop
      vertex 14.5 -18 69.52627944162882
      vertex 14.589076793681743 -18 69.56593898537125
      vertex 14.392022431147263 -18 69.44782914578668
    endloop
  endfacet
  facet normal -0.5877852522924734 0 0.8090169943749473
    outer loop
      vertex 14.5 -18 69.52627944162882
      vertex 12.63956333005256 -24 68.17459308025133
      vertex 14.5 -24 69.52627944162882
    endloop
  endfacet
  facet normal -0.5877852522924273 -2.1800865379694876e-14 0.8090169943749806
    outer loop
      vertex 14.5 -18 69.52627944162882
      vertex 14.392022431147263 -18 69.44782914578668
      vertex 12.63956333005256 -24 68.17459308025133
    endloop
  endfacet
  facet normal -0.5877852522924721 -1.7767900362353304e-15 0.8090169943749481
    outer loop
      vertex 12.63956333005256 -24 68.17459308025133
      vertex 14.392022431147263 -18 69.44782914578668
      vertex 12.738575808824843 -18 68.24652985688263
    endloop
  endfacet
  facet normal 0 1 0
    outer loop
      vertex 12.63956333005256 -18 68.17459308025133
      vertex 12.738575808824843 -18 68.24652985688263
      vertex 12.552407561505843 -18 68.0777967929638
    endloop
  endfacet
  facet normal -0.5877852522925426 0 0.8090169943748969
    outer loop
      vertex 12.63956333005256 -18 68.17459308025133
      vertex 12.63956333005256 -24 68.17459308025133
      vertex 12.738575808824843 -18 68.24652985688263
    endloop
  endfacet
  facet normal -0.7431448254773647 0 0.669130606358891
    outer loop
      vertex 12.63956333005256 -18 68.17459308025133
      vertex 12.552407561505843 -18 68.0777967929638
      vertex 12.63956333005256 -24 68.17459308025133
    endloop
  endfacet
  facet normal -0.7431448254773926 -9.069374590335176e-16 0.66913060635886
    outer loop
      vertex 12.63956333005256 -24 68.17459308025133
      vertex 12.552407561505843 -18 68.0777967929638
      vertex 11.190632303895972 -18 66.56539214947753
    endloop
  endfacet
  facet normal 0 -1 0
    outer loop
      vertex 14.5 -24 69.52627944162882
      vertex 12.63956333005256 -24 68.17459308025133
      vertex 14.5 -24 50.47372055837118
    endloop
  endfacet
  facet normal 0 -1 0
    outer loop
      vertex 12.63956333005256 -24 68.17459308025133
      vertex 12.63956333005256 -24 51.825406919748666
      vertex 14.5 -24 50.47372055837118
    endloop
  endfacet
  facet normal 0 -1 0
    outer loop
      vertex 12.63956333005256 -24 68.17459308025133
      vertex 11.100813061875577 -24 66.4656377752172
      vertex 12.63956333005256 -24 51.825406919748666
    endloop
  endfacet
  facet normal 0 1 0
    outer loop
      vertex 11.100813061875577 -18 66.4656377752172
      vertex 11.190632303895972 -18 66.56539214947753
      vertex 11.045164194572981 -18 66.36925110966544
    endloop
  endfacet
  facet normal -0.7431448254774123 -1.1544770516244012e-14 0.669130606358838
    outer loop
      vertex 11.100813061875577 -18 66.4656377752172
      vertex 12.63956333005256 -24 68.17459308025133
      vertex 11.190632303895972 -18 66.56539214947753
    endloop
  endfacet
  facet normal -0.8660254037844564 0 0.49999999999996925
    outer loop
      vertex 11.100813061875577 -18 66.4656377752172
      vertex 11.045164194572981 -18 66.36925110966544
      vertex 11.100813061875577 -24 66.4656377752172
    endloop
  endfacet
  facet normal -0.7431448254773922 0 0.6691306063588605
    outer loop
      vertex 11.100813061875577 -18 66.4656377752172
      vertex 11.100813061875577 -24 66.4656377752172
      vertex 12.63956333005256 -24 68.17459308025133
    endloop
  endfacet
  facet normal -0.8660254037844379 6.81040355275896e-16 0.500000000000001
    outer loop
      vertex 11.100813061875577 -24 66.4656377752172
      vertex 11.045164194572981 -18 66.36925110966544
      vertex 10.014410640581943 -18 64.58393358407078
    endloop
  endfacet
  facet normal 0 1 0
    outer loop
      vertex 9.950999965931391 -18 64.4741030738338
      vertex 10.014410640581943 -18 64.58393358407078
      vertex 9.92583796293961 -18 64.39666239146365
    endloop
  endfacet
  facet normal -0.8660254037844382 6.200911598165066e-16 0.500000000000001
    outer loop
      vertex 9.950999965931391 -18 64.4741030738338
      vertex 11.100813061875577 -24 66.4656377752172
      vertex 10.014410640581943 -18 64.58393358407078
    endloop
  endfacet
  facet normal -0.9510565162951463 0 0.3090169943749696
    outer loop
      vertex 9.950999965931391 -18 64.4741030738338
      vertex 9.92583796293961 -18 64.39666239146365
      vertex 9.950999965931391 -24 64.4741030738338
    endloop
  endfacet
  facet normal -0.9510565162951534 -3.1233947139996104e-16 0.30901699437494773
    outer loop
      vertex 9.950999965931391 -24 64.4741030738338
      vertex 9.92583796293961 -18 64.39666239146365
      vertex 9.267934254251967 -18 62.37184297818915
    endloop
  endfacet
  facet normal -0.8660254037844389 0 0.4999999999999995
    outer loop
      vertex 9.950999965931391 -18 64.4741030738338
      vertex 9.950999965931391 -24 64.4741030738338
      vertex 11.100813061875577 -24 66.4656377752172
    endloop
  endfacet
  facet normal 0 -1 0
    outer loop
      vertex 11.100813061875577 -24 66.4656377752172
      vertex 9.950999965931391 -24 64.4741030738338
      vertex 11.100813061875577 -24 53.5343622247828
    endloop
  endfacet
  facet normal 0 -1 0
    outer loop
      vertex 11.100813061875577 -24 66.4656377752172
      vertex 11.100813061875577 -24 53.5343622247828
      vertex 12.63956333005256 -24 51.825406919748666
    endloop
  endfacet
  facet normal 0 1 0
    outer loop
      vertex 9.240376391928137 -18 62.287028598995356
      vertex 9.267934254251967 -18 62.37184297818915
      vertex 9.235812441875195 -18 62.2436055148408
    endloop
  endfacet
  facet normal 0 -1 0
    outer loop
      vertex 9.950999965931391 -24 64.4741030738338
      vertex 9.240376391928137 -24 62.287028598995356
      vertex 9.950999965931391 -24 55.5258969261662
    endloop
  endfacet
  facet normal -0.9510565162951543 -1.3357127128086445e-15 0.3090169943749451
    outer loop
      vertex 9.240376391928137 -18 62.287028598995356
      vertex 9.950999965931391 -24 64.4741030738338
      vertex 9.267934254251967 -18 62.37184297818915
    endloop
  endfacet
  facet normal -0.9945218953682717 0 0.10452846326766835
    outer loop
      vertex 9.240376391928137 -18 62.287028598995356
      vertex 9.235812441875195 -18 62.2436055148408
      vertex 9.240376391928137 -24 62.287028598995356
    endloop
  endfacet
  facet normal -0.9945218953682734 -1.1380460122902888e-16 0.10452846326765279
    outer loop
      vertex 9.240376391928137 -24 62.287028598995356
      vertex 9.235812441875195 -18 62.2436055148408
      vertex 9 -18 60
    endloop
  endfacet
  facet normal -0.9510565162951532 0 0.30901699437494845
    outer loop
      vertex 9.240376391928137 -18 62.287028598995356
      vertex 9.240376391928137 -24 62.287028598995356
      vertex 9.950999965931391 -24 64.4741030738338
    endloop
  endfacet
  facet normal -0.9945218953682733 0 0.10452846326765308
    outer loop
      vertex 9 -18 60
      vertex 9 -24 60
      vertex 9.240376391928137 -24 62.287028598995356
    endloop
  endfacet
  facet normal 0 -1 0
    outer loop
      vertex 9.240376391928137 -24 62.287028598995356
      vertex 9 -24 60
      vertex 9.240376391928137 -24 57.712971401004644
    endloop
  endfacet
  facet normal 0 1 0
    outer loop
      vertex 9.950999965931391 -18 55.5258969261662
      vertex 9.92583796293961 -18 55.60333760853636
      vertex 10.014410640581943 -18 55.41606641592922
    endloop
  endfacet
  facet normal 0 1 0
    outer loop
      vertex 9.240376391928137 -18 57.712971401004644
      vertex 9.235812441875195 -18 57.7563944851592
      vertex 9.267934254251967 -18 57.62815702181085
    endloop
  endfacet
  facet normal 0 -1 0
    outer loop
      vertex 9.950999965931391 -24 64.4741030738338
      vertex 9.950999965931391 -24 55.5258969261662
      vertex 11.100813061875577 -24 53.5343622247828
    endloop
  endfacet
  facet normal 0 -1 0
    outer loop
      vertex 9.240376391928137 -24 62.287028598995356
      vertex 9.240376391928137 -24 57.712971401004644
      vertex 9.950999965931391 -24 55.5258969261662
    endloop
  endfacet
  facet normal 0 1 0
    outer loop
      vertex 14.5 -18 50.47372055837118
      vertex 14.392022431147286 -18 50.5521708542133
      vertex 14.58907679368172 -18 50.43406101462877
    endloop
  endfacet
  facet normal 0 1 0
    outer loop
      vertex 12.63956333005256 -18 51.825406919748666
      vertex 12.552407561505843 -18 51.922203207036205
      vertex 12.738575808824843 -18 51.75347014311737
    endloop
  endfacet
  facet normal 0 1 0
    outer loop
      vertex 11.100813061875577 -18 53.5343622247828
      vertex 11.045164194572981 -18 53.63074889033455
      vertex 11.190632303895972 -18 53.434607850522475
    endloop
  endfacet
  facet normal -0.8819212643483509 0 -0.47139673682600547
    outer loop
      vertex 28.562983158520318 -18 20.688830178257163
      vertex 28.562983158520318 -20.6 20.688830178257163
      vertex 28.39664530214458 -18 21.000026419435283
    endloop
  endfacet
  facet normal -0.8819212643483509 0 -0.47139673682600547
    outer loop
      vertex 28.39664530214458 -18 21.000026419435283
      vertex 28.562983158520318 -20.6 20.688830178257163
      vertex 28.39664530214458 -20.6 21.000026419435283
    endloop
  endfacet
  facet normal -0.7730104533627395 0 -0.6343932841636424
    outer loop
      vertex 28.39664530214458 -18 21.000026419435283
      vertex 28.39664530214458 -20.6 21.000026419435283
      vertex 28.172792206135785 -18 21.272792206135787
    endloop
  endfacet
  facet normal -0.9569403357322099 0 -0.29028467725445867
    outer loop
      vertex 28.562983158520318 -18 20.688830178257163
      vertex 28.665413504725816 -18 20.35116257962903
      vertex 28.665413504725816 -20.6 20.35116257962903
    endloop
  endfacet
  facet normal -0.9569403357322099 0 -0.29028467725445867
    outer loop
      vertex 28.562983158520318 -18 20.688830178257163
      vertex 28.665413504725816 -20.6 20.35116257962903
      vertex 28.562983158520318 -20.6 20.688830178257163
    endloop
  endfacet
  facet normal -0.9951847266721965 0 -0.09801714032956604
    outer loop
      vertex 28.665413504725816 -18 20.35116257962903
      vertex 28.700000000000003 -20.6 20
      vertex 28.665413504725816 -20.6 20.35116257962903
    endloop
  endfacet
  facet normal -0.9951847266721965 0 -0.09801714032956604
    outer loop
      vertex 28.665413504725816 -18 20.35116257962903
      vertex 28.700000000000003 -18 20
      vertex 28.700000000000003 -20.6 20
    endloop
  endfacet
  facet normal -0.9951847266721965 0 0.09801714032956604
    outer loop
      vertex 28.700000000000003 -18 20
      vertex 28.665413504725816 -18 19.64883742037097
      vertex 28.665413504725816 -20.6 19.64883742037097
    endloop
  endfacet
  facet normal -0.9951847266721965 0 0.09801714032956604
    outer loop
      vertex 28.700000000000003 -18 20
      vertex 28.665413504725816 -20.6 19.64883742037097
      vertex 28.700000000000003 -20.6 20
    endloop
  endfacet
  facet normal -0.9569403357322099 0 0.29028467725445867
    outer loop
      vertex 28.665413504725816 -18 19.64883742037097
      vertex 28.562983158520318 -18 19.311169821742837
      vertex 28.562983158520318 -20.6 19.311169821742837
    endloop
  endfacet
  facet normal -0.9569403357322099 0 0.29028467725445867
    outer loop
      vertex 28.665413504725816 -18 19.64883742037097
      vertex 28.562983158520318 -20.6 19.311169821742837
      vertex 28.665413504725816 -20.6 19.64883742037097
    endloop
  endfacet
  facet normal -0.8819212643483509 0 0.47139673682600547
    outer loop
      vertex 28.562983158520318 -18 19.311169821742837
      vertex 28.39664530214458 -18 18.999973580564717
      vertex 28.39664530214458 -20.6 18.999973580564717
    endloop
  endfacet
  facet normal -0.8819212643483509 0 0.47139673682600547
    outer loop
      vertex 28.562983158520318 -18 19.311169821742837
      vertex 28.39664530214458 -20.6 18.999973580564717
      vertex 28.562983158520318 -20.6 19.311169821742837
    endloop
  endfacet
  facet normal -0.7730104533627395 0 0.6343932841636424
    outer loop
      vertex 28.39664530214458 -18 18.999973580564717
      vertex 28.172792206135785 -20.6 18.727207793864213
      vertex 28.39664530214458 -20.6 18.999973580564717
    endloop
  endfacet
  facet normal -0.6343932841636473 0 -0.7730104533627356
    outer loop
      vertex 28.172792206135785 -18 21.272792206135787
      vertex 28.172792206135785 -20.6 21.272792206135787
      vertex 27.900026419435285 -18 21.496645302144582
    endloop
  endfacet
  facet normal -0.7730104533627395 0 -0.6343932841636424
    outer loop
      vertex 28.172792206135785 -18 21.272792206135787
      vertex 28.39664530214458 -20.6 21.000026419435283
      vertex 28.172792206135785 -20.6 21.272792206135787
    endloop
  endfacet
  facet normal -0.6343932841636473 0 -0.7730104533627356
    outer loop
      vertex 27.900026419435285 -18 21.496645302144582
      vertex 28.172792206135785 -20.6 21.272792206135787
      vertex 27.900026419435285 -20.6 21.496645302144582
    endloop
  endfacet
  facet normal -0.4713967368259934 0 -0.8819212643483574
    outer loop
      vertex 27.58883017825716 -18 21.662983158520316
      vertex 27.900026419435285 -18 21.496645302144582
      vertex 27.900026419435285 -20.6 21.496645302144582
    endloop
  endfacet
  facet normal -0.4713967368259934 0 -0.8819212643483574
    outer loop
      vertex 27.58883017825716 -18 21.662983158520316
      vertex 27.900026419435285 -20.6 21.496645302144582
      vertex 27.58883017825716 -20.6 21.662983158520316
    endloop
  endfacet
  facet normal -0.2902846772544615 0 -0.9569403357322092
    outer loop
      vertex 27.58883017825716 -18 21.662983158520316
      vertex 27.58883017825716 -20.6 21.662983158520316
      vertex 27.25116257962903 -18 21.765413504725814
    endloop
  endfacet
  facet normal -0.2902846772544615 0 -0.9569403357322092
    outer loop
      vertex 27.25116257962903 -18 21.765413504725814
      vertex 27.58883017825716 -20.6 21.662983158520316
      vertex 27.25116257962903 -20.6 21.765413504725814
    endloop
  endfacet
  facet normal -0.09801714032956504 0 -0.9951847266721965
    outer loop
      vertex 27.25116257962903 -18 21.765413504725814
      vertex 27.25116257962903 -20.6 21.765413504725814
      vertex 26.9 -18 21.8
    endloop
  endfacet
  facet normal -0.09801714032956504 0 -0.9951847266721965
    outer loop
      vertex 26.9 -18 21.8
      vertex 27.25116257962903 -20.6 21.765413504725814
      vertex 26.9 -20.6 21.8
    endloop
  endfacet
  facet normal -0.7730104533627395 0 0.6343932841636424
    outer loop
      vertex 28.39664530214458 -18 18.999973580564717
      vertex 28.172792206135785 -18 18.727207793864213
      vertex 28.172792206135785 -20.6 18.727207793864213
    endloop
  endfacet
  facet normal -0.6343932841636473 0 0.7730104533627356
    outer loop
      vertex 28.172792206135785 -18 18.727207793864213
      vertex 27.900026419435285 -20.6 18.503354697855418
      vertex 28.172792206135785 -20.6 18.727207793864213
    endloop
  endfacet
  facet normal -0.6343932841636473 0 0.7730104533627356
    outer loop
      vertex 28.172792206135785 -18 18.727207793864213
      vertex 27.900026419435285 -18 18.503354697855418
      vertex 27.900026419435285 -20.6 18.503354697855418
    endloop
  endfacet
  facet normal -0.4713967368259934 0 0.8819212643483574
    outer loop
      vertex 27.900026419435285 -18 18.503354697855418
      vertex 27.58883017825716 -20.6 18.337016841479684
      vertex 27.900026419435285 -20.6 18.503354697855418
    endloop
  endfacet
  facet normal -0.4713967368259934 0 0.8819212643483574
    outer loop
      vertex 27.900026419435285 -18 18.503354697855418
      vertex 27.58883017825716 -18 18.337016841479684
      vertex 27.58883017825716 -20.6 18.337016841479684
    endloop
  endfacet
  facet normal -0.2902846772544615 0 0.9569403357322092
    outer loop
      vertex 27.58883017825716 -18 18.337016841479684
      vertex 27.25116257962903 -20.6 18.234586495274186
      vertex 27.58883017825716 -20.6 18.337016841479684
    endloop
  endfacet
  facet normal -0.2902846772544615 0 0.9569403357322092
    outer loop
      vertex 27.58883017825716 -18 18.337016841479684
      vertex 27.25116257962903 -18 18.234586495274186
      vertex 27.25116257962903 -20.6 18.234586495274186
    endloop
  endfacet
  facet normal -0.09801714032956504 0 0.9951847266721965
    outer loop
      vertex 27.25116257962903 -18 18.234586495274186
      vertex 26.9 -20.6 18.2
      vertex 27.25116257962903 -20.6 18.234586495274186
    endloop
  endfacet
  facet normal -0.09801714032956504 0 0.9951847266721965
    outer loop
      vertex 27.25116257962903 -18 18.234586495274186
      vertex 26.9 -18 18.2
      vertex 26.9 -20.6 18.2
    endloop
  endfacet
  facet normal 0.09801714032956604 0 -0.9951847266721965
    outer loop
      vertex 26.9 -18 21.8
      vertex 26.9 -20.6 21.8
      vertex 26.54883742037097 -18 21.765413504725814
    endloop
  endfacet
  facet normal 0.09801714032956604 0 -0.9951847266721965
    outer loop
      vertex 26.54883742037097 -18 21.765413504725814
      vertex 26.9 -20.6 21.8
      vertex 26.54883742037097 -20.6 21.765413504725814
    endloop
  endfacet
  facet normal 0.2902846772544615 0 -0.9569403357322092
    outer loop
      vertex 26.54883742037097 -18 21.765413504725814
      vertex 26.54883742037097 -20.6 21.765413504725814
      vertex 26.21116982174284 -18 21.662983158520316
    endloop
  endfacet
  facet normal 0.2902846772544615 0 -0.9569403357322092
    outer loop
      vertex 26.21116982174284 -18 21.662983158520316
      vertex 26.54883742037097 -20.6 21.765413504725814
      vertex 26.21116982174284 -20.6 21.662983158520316
    endloop
  endfacet
  facet normal 0.4713967368259934 0 -0.8819212643483574
    outer loop
      vertex 26.21116982174284 -18 21.662983158520316
      vertex 26.21116982174284 -20.6 21.662983158520316
      vertex 25.899973580564716 -18 21.496645302144582
    endloop
  endfacet
  facet normal 0.4713967368259934 0 -0.8819212643483574
    outer loop
      vertex 25.899973580564716 -18 21.496645302144582
      vertex 26.21116982174284 -20.6 21.662983158520316
      vertex 25.899973580564716 -20.6 21.496645302144582
    endloop
  endfacet
  facet normal 0.6343932841636473 0 -0.7730104533627356
    outer loop
      vertex 25.899973580564716 -18 21.496645302144582
      vertex 25.899973580564716 -20.6 21.496645302144582
      vertex 25.627207793864216 -18 21.272792206135787
    endloop
  endfacet
  facet normal 0.6343932841636473 0 -0.7730104533627356
    outer loop
      vertex 25.627207793864216 -18 21.272792206135787
      vertex 25.899973580564716 -20.6 21.496645302144582
      vertex 25.627207793864216 -20.6 21.272792206135787
    endloop
  endfacet
  facet normal 0.7730104533627395 0 -0.6343932841636424
    outer loop
      vertex 25.627207793864216 -18 21.272792206135787
      vertex 25.627207793864216 -20.6 21.272792206135787
      vertex 25.40335469785542 -18 21.000026419435283
    endloop
  endfacet
  facet normal 0.09801714032956604 0 0.9951847266721965
    outer loop
      vertex 26.9 -18 18.2
      vertex 26.54883742037097 -20.6 18.234586495274186
      vertex 26.9 -20.6 18.2
    endloop
  endfacet
  facet normal 0.09801714032956604 0 0.9951847266721965
    outer loop
      vertex 26.9 -18 18.2
      vertex 26.54883742037097 -18 18.234586495274186
      vertex 26.54883742037097 -20.6 18.234586495274186
    endloop
  endfacet
  facet normal 0.2902846772544615 0 0.9569403357322092
    outer loop
      vertex 26.54883742037097 -18 18.234586495274186
      vertex 26.21116982174284 -20.6 18.337016841479684
      vertex 26.54883742037097 -20.6 18.234586495274186
    endloop
  endfacet
  facet normal 0.2902846772544615 0 0.9569403357322092
    outer loop
      vertex 26.54883742037097 -18 18.234586495274186
      vertex 26.21116982174284 -18 18.337016841479684
      vertex 26.21116982174284 -20.6 18.337016841479684
    endloop
  endfacet
  facet normal 0.7730104533627395 0 0.6343932841636424
    outer loop
      vertex 25.627207793864216 -18 18.727207793864213
      vertex 25.40335469785542 -20.6 18.999973580564717
      vertex 25.627207793864216 -20.6 18.727207793864213
    endloop
  endfacet
  facet normal 0.4713967368259934 0 0.8819212643483574
    outer loop
      vertex 26.21116982174284 -18 18.337016841479684
      vertex 25.899973580564716 -20.6 18.503354697855418
      vertex 26.21116982174284 -20.6 18.337016841479684
    endloop
  endfacet
  facet normal 0.4713967368259934 0 0.8819212643483574
    outer loop
      vertex 26.21116982174284 -18 18.337016841479684
      vertex 25.899973580564716 -18 18.503354697855418
      vertex 25.899973580564716 -20.6 18.503354697855418
    endloop
  endfacet
  facet normal 0.6343932841636473 0 0.7730104533627356
    outer loop
      vertex 25.899973580564716 -18 18.503354697855418
      vertex 25.627207793864216 -18 18.727207793864213
      vertex 25.627207793864216 -20.6 18.727207793864213
    endloop
  endfacet
  facet normal 0.6343932841636473 0 0.7730104533627356
    outer loop
      vertex 25.899973580564716 -18 18.503354697855418
      vertex 25.627207793864216 -20.6 18.727207793864213
      vertex 25.899973580564716 -20.6 18.503354697855418
    endloop
  endfacet
  facet normal 0.881921264348355 0 -0.4713967368259976
    outer loop
      vertex 25.40335469785542 -18 21.000026419435283
      vertex 25.40335469785542 -20.6 21.000026419435283
      vertex 25.237016841479686 -18 20.688830178257163
    endloop
  endfacet
  facet normal 0.7730104533627395 0 -0.6343932841636424
    outer loop
      vertex 25.627207793864216 -20.6 21.272792206135787
      vertex 25.40335469785542 -20.6 21.000026419435283
      vertex 25.40335469785542 -18 21.000026419435283
    endloop
  endfacet
  facet normal 0.881921264348355 0 -0.4713967368259976
    outer loop
      vertex 25.237016841479686 -18 20.688830178257163
      vertex 25.40335469785542 -20.6 21.000026419435283
      vertex 25.237016841479686 -20.6 20.688830178257163
    endloop
  endfacet
  facet normal 0.9569403357322072 0 -0.29028467725446794
    outer loop
      vertex 25.237016841479686 -18 20.688830178257163
      vertex 25.237016841479686 -20.6 20.688830178257163
      vertex 25.134586495274185 -18 20.35116257962903
    endloop
  endfacet
  facet normal 0.9569403357322072 0 -0.29028467725446794
    outer loop
      vertex 25.134586495274185 -18 20.35116257962903
      vertex 25.237016841479686 -20.6 20.688830178257163
      vertex 25.134586495274185 -20.6 20.35116257962903
    endloop
  endfacet
  facet normal 0.7730104533627395 0 0.6343932841636424
    outer loop
      vertex 25.627207793864216 -18 18.727207793864213
      vertex 25.40335469785542 -18 18.999973580564717
      vertex 25.40335469785542 -20.6 18.999973580564717
    endloop
  endfacet
  facet normal 0.881921264348355 0 0.4713967368259976
    outer loop
      vertex 25.40335469785542 -18 18.999973580564717
      vertex 25.237016841479686 -20.6 19.311169821742837
      vertex 25.40335469785542 -20.6 18.999973580564717
    endloop
  endfacet
  facet normal 0.9569403357322072 0 0.29028467725446794
    outer loop
      vertex 25.237016841479686 -18 19.311169821742837
      vertex 25.134586495274185 -18 19.64883742037097
      vertex 25.134586495274185 -20.6 19.64883742037097
    endloop
  endfacet
  facet normal 0.9569403357322072 0 0.29028467725446794
    outer loop
      vertex 25.237016841479686 -18 19.311169821742837
      vertex 25.134586495274185 -20.6 19.64883742037097
      vertex 25.237016841479686 -20.6 19.311169821742837
    endloop
  endfacet
  facet normal 0.881921264348355 0 0.4713967368259976
    outer loop
      vertex 25.40335469785542 -18 18.999973580564717
      vertex 25.237016841479686 -18 19.311169821742837
      vertex 25.237016841479686 -20.6 19.311169821742837
    endloop
  endfacet
  facet normal 0.9951847266721974 0 -0.09801714032955607
    outer loop
      vertex 25.134586495274185 -18 20.35116257962903
      vertex 25.134586495274185 -20.6 20.35116257962903
      vertex 25.1 -18 20
    endloop
  endfacet
  facet normal 0.9951847266721974 0 0.09801714032955607
    outer loop
      vertex 25.1 -18 20
      vertex 25.1 -20.6 20
      vertex 25.134586495274185 -18 19.64883742037097
    endloop
  endfacet
  facet normal 0.9951847266721974 0 -0.09801714032955607
    outer loop
      vertex 25.1 -18 20
      vertex 25.134586495274185 -20.6 20.35116257962903
      vertex 25.1 -20.6 20
    endloop
  endfacet
  facet normal 0.9951847266721974 0 0.09801714032955607
    outer loop
      vertex 25.134586495274185 -18 19.64883742037097
      vertex 25.1 -20.6 20
      vertex 25.134586495274185 -20.6 19.64883742037097
    endloop
  endfacet
  facet normal -0.8819212643483529 0 -0.4713967368260015
    outer loop
      vertex 14.762983158520315 -18 20.688830178257163
      vertex 14.762983158520315 -20.6 20.688830178257163
      vertex 14.59664530214458 -18 21.000026419435283
    endloop
  endfacet
  facet normal -0.7730104533627395 0 -0.6343932841636424
    outer loop
      vertex 14.59664530214458 -18 21.000026419435283
      vertex 14.59664530214458 -20.6 21.000026419435283
      vertex 14.372792206135784 -18 21.272792206135787
    endloop
  endfacet
  facet normal -0.8819212643483529 0 -0.4713967368260015
    outer loop
      vertex 14.59664530214458 -18 21.000026419435283
      vertex 14.762983158520315 -20.6 20.688830178257163
      vertex 14.59664530214458 -20.6 21.000026419435283
    endloop
  endfacet
  facet normal -0.9951847266721974 0 -0.09801714032955607
    outer loop
      vertex 14.865413504725815 -18 20.35116257962903
      vertex 14.899999999999999 -20.6 20
      vertex 14.865413504725815 -20.6 20.35116257962903
    endloop
  endfacet
  facet normal -0.9951847266721974 0 -0.09801714032955607
    outer loop
      vertex 14.865413504725815 -18 20.35116257962903
      vertex 14.899999999999999 -18 20
      vertex 14.899999999999999 -20.6 20
    endloop
  endfacet
  facet normal -0.9951847266721974 0 0.09801714032955607
    outer loop
      vertex 14.899999999999999 -18 20
      vertex 14.865413504725815 -18 19.64883742037097
      vertex 14.865413504725815 -20.6 19.64883742037097
    endloop
  endfacet
  facet normal -0.9951847266721974 0 0.09801714032955607
    outer loop
      vertex 14.899999999999999 -18 20
      vertex 14.865413504725815 -20.6 19.64883742037097
      vertex 14.899999999999999 -20.6 20
    endloop
  endfacet
  facet normal -0.9569403357322086 0 -0.29028467725446333
    outer loop
      vertex 14.762983158520315 -18 20.688830178257163
      vertex 14.865413504725815 -18 20.35116257962903
      vertex 14.865413504725815 -20.6 20.35116257962903
    endloop
  endfacet
  facet normal -0.9569403357322086 0 -0.29028467725446333
    outer loop
      vertex 14.762983158520315 -18 20.688830178257163
      vertex 14.865413504725815 -20.6 20.35116257962903
      vertex 14.762983158520315 -20.6 20.688830178257163
    endloop
  endfacet
  facet normal -0.9569403357322086 0 0.29028467725446333
    outer loop
      vertex 14.865413504725815 -18 19.64883742037097
      vertex 14.762983158520315 -18 19.311169821742837
      vertex 14.762983158520315 -20.6 19.311169821742837
    endloop
  endfacet
  facet normal -0.9569403357322086 0 0.29028467725446333
    outer loop
      vertex 14.865413504725815 -18 19.64883742037097
      vertex 14.762983158520315 -20.6 19.311169821742837
      vertex 14.865413504725815 -20.6 19.64883742037097
    endloop
  endfacet
  facet normal -0.8819212643483529 0 0.4713967368260015
    outer loop
      vertex 14.762983158520315 -18 19.311169821742837
      vertex 14.59664530214458 -20.6 18.999973580564717
      vertex 14.762983158520315 -20.6 19.311169821742837
    endloop
  endfacet
  facet normal -0.8819212643483529 0 0.4713967368260015
    outer loop
      vertex 14.762983158520315 -18 19.311169821742837
      vertex 14.59664530214458 -18 18.999973580564717
      vertex 14.59664530214458 -20.6 18.999973580564717
    endloop
  endfacet
  facet normal -0.7730104533627395 0 0.6343932841636424
    outer loop
      vertex 14.59664530214458 -18 18.999973580564717
      vertex 14.372792206135784 -20.6 18.727207793864213
      vertex 14.59664530214458 -20.6 18.999973580564717
    endloop
  endfacet
  facet normal -0.7730104533627395 0 -0.6343932841636424
    outer loop
      vertex 14.59664530214458 -20.6 21.000026419435283
      vertex 14.372792206135784 -20.6 21.272792206135787
      vertex 14.372792206135784 -18 21.272792206135787
    endloop
  endfacet
  facet normal -0.6343932841636473 0 -0.7730104533627356
    outer loop
      vertex 14.372792206135784 -18 21.272792206135787
      vertex 14.372792206135784 -20.6 21.272792206135787
      vertex 14.100026419435284 -18 21.496645302144582
    endloop
  endfacet
  facet normal -0.6343932841636473 0 -0.7730104533627356
    outer loop
      vertex 14.100026419435284 -18 21.496645302144582
      vertex 14.372792206135784 -20.6 21.272792206135787
      vertex 14.100026419435284 -20.6 21.496645302144582
    endloop
  endfacet
  facet normal -0.4713967368259934 0 -0.8819212643483574
    outer loop
      vertex 14.100026419435284 -18 21.496645302144582
      vertex 14.100026419435284 -20.6 21.496645302144582
      vertex 13.788830178257161 -18 21.662983158520316
    endloop
  endfacet
  facet normal -0.4713967368259934 0 -0.8819212643483574
    outer loop
      vertex 13.788830178257161 -18 21.662983158520316
      vertex 14.100026419435284 -20.6 21.496645302144582
      vertex 13.788830178257161 -20.6 21.662983158520316
    endloop
  endfacet
  facet normal -0.2902846772544615 0 -0.9569403357322092
    outer loop
      vertex 13.788830178257161 -18 21.662983158520316
      vertex 13.788830178257161 -20.6 21.662983158520316
      vertex 13.451162579629031 -18 21.765413504725814
    endloop
  endfacet
  facet normal -0.2902846772544615 0 -0.9569403357322092
    outer loop
      vertex 13.451162579629031 -18 21.765413504725814
      vertex 13.788830178257161 -20.6 21.662983158520316
      vertex 13.451162579629031 -20.6 21.765413504725814
    endloop
  endfacet
  facet normal -0.09801714032956554 0 -0.9951847266721965
    outer loop
      vertex 13.451162579629031 -18 21.765413504725814
      vertex 13.451162579629031 -20.6 21.765413504725814
      vertex 13.1 -18 21.8
    endloop
  endfacet
  facet normal -0.09801714032956554 0 -0.9951847266721965
    outer loop
      vertex 13.1 -18 21.8
      vertex 13.451162579629031 -20.6 21.765413504725814
      vertex 13.1 -20.6 21.8
    endloop
  endfacet
  facet normal -0.7730104533627395 0 0.6343932841636424
    outer loop
      vertex 14.59664530214458 -18 18.999973580564717
      vertex 14.372792206135784 -18 18.727207793864213
      vertex 14.372792206135784 -20.6 18.727207793864213
    endloop
  endfacet
  facet normal -0.6343932841636473 0 0.7730104533627356
    outer loop
      vertex 14.372792206135784 -18 18.727207793864213
      vertex 14.100026419435284 -18 18.503354697855418
      vertex 14.100026419435284 -20.6 18.503354697855418
    endloop
  endfacet
  facet normal -0.6343932841636473 0 0.7730104533627356
    outer loop
      vertex 14.372792206135784 -18 18.727207793864213
      vertex 14.100026419435284 -20.6 18.503354697855418
      vertex 14.372792206135784 -20.6 18.727207793864213
    endloop
  endfacet
  facet normal -0.4713967368259934 0 0.8819212643483574
    outer loop
      vertex 14.100026419435284 -18 18.503354697855418
      vertex 13.788830178257161 -20.6 18.337016841479684
      vertex 14.100026419435284 -20.6 18.503354697855418
    endloop
  endfacet
  facet normal -0.4713967368259934 0 0.8819212643483574
    outer loop
      vertex 14.100026419435284 -18 18.503354697855418
      vertex 13.788830178257161 -18 18.337016841479684
      vertex 13.788830178257161 -20.6 18.337016841479684
    endloop
  endfacet
  facet normal -0.2902846772544615 0 0.9569403357322092
    outer loop
      vertex 13.788830178257161 -18 18.337016841479684
      vertex 13.451162579629031 -20.6 18.234586495274186
      vertex 13.788830178257161 -20.6 18.337016841479684
    endloop
  endfacet
  facet normal -0.2902846772544615 0 0.9569403357322092
    outer loop
      vertex 13.788830178257161 -18 18.337016841479684
      vertex 13.451162579629031 -18 18.234586495274186
      vertex 13.451162579629031 -20.6 18.234586495274186
    endloop
  endfacet
  facet normal -0.09801714032956554 0 0.9951847266721965
    outer loop
      vertex 13.451162579629031 -18 18.234586495274186
      vertex 13.1 -20.6 18.2
      vertex 13.451162579629031 -20.6 18.234586495274186
    endloop
  endfacet
  facet normal -0.09801714032956554 0 0.9951847266721965
    outer loop
      vertex 13.451162579629031 -18 18.234586495274186
      vertex 13.1 -18 18.2
      vertex 13.1 -20.6 18.2
    endloop
  endfacet
  facet normal 0.09801714032956554 0 -0.9951847266721965
    outer loop
      vertex 13.1 -18 21.8
      vertex 13.1 -20.6 21.8
      vertex 12.748837420370968 -18 21.765413504725814
    endloop
  endfacet
  facet normal 0.09801714032956554 0 -0.9951847266721965
    outer loop
      vertex 12.748837420370968 -18 21.765413504725814
      vertex 13.1 -20.6 21.8
      vertex 12.748837420370968 -20.6 21.765413504725814
    endloop
  endfacet
  facet normal 0.2902846772544615 0 -0.9569403357322092
    outer loop
      vertex 12.748837420370968 -18 21.765413504725814
      vertex 12.748837420370968 -20.6 21.765413504725814
      vertex 12.411169821742838 -18 21.662983158520316
    endloop
  endfacet
  facet normal 0.2902846772544615 0 -0.9569403357322092
    outer loop
      vertex 12.411169821742838 -18 21.662983158520316
      vertex 12.748837420370968 -20.6 21.765413504725814
      vertex 12.411169821742838 -20.6 21.662983158520316
    endloop
  endfacet
  facet normal 0.4713967368259934 0 -0.8819212643483574
    outer loop
      vertex 12.411169821742838 -18 21.662983158520316
      vertex 12.411169821742838 -20.6 21.662983158520316
      vertex 12.099973580564715 -18 21.496645302144582
    endloop
  endfacet
  facet normal 0.4713967368259934 0 -0.8819212643483574
    outer loop
      vertex 12.099973580564715 -18 21.496645302144582
      vertex 12.411169821742838 -20.6 21.662983158520316
      vertex 12.099973580564715 -20.6 21.496645302144582
    endloop
  endfacet
  facet normal 0.6343932841636473 0 -0.7730104533627356
    outer loop
      vertex 12.099973580564715 -18 21.496645302144582
      vertex 12.099973580564715 -20.6 21.496645302144582
      vertex 11.827207793864215 -18 21.272792206135787
    endloop
  endfacet
  facet normal 0.7730104533627395 0 -0.6343932841636424
    outer loop
      vertex 11.827207793864215 -18 21.272792206135787
      vertex 11.827207793864215 -20.6 21.272792206135787
      vertex 11.60335469785542 -18 21.000026419435283
    endloop
  endfacet
  facet normal 0.6343932841636473 0 -0.7730104533627356
    outer loop
      vertex 11.827207793864215 -18 21.272792206135787
      vertex 12.099973580564715 -20.6 21.496645302144582
      vertex 11.827207793864215 -20.6 21.272792206135787
    endloop
  endfacet
  facet normal 0.09801714032956554 0 0.9951847266721965
    outer loop
      vertex 13.1 -18 18.2
      vertex 12.748837420370968 -20.6 18.234586495274186
      vertex 13.1 -20.6 18.2
    endloop
  endfacet
  facet normal 0.09801714032956554 0 0.9951847266721965
    outer loop
      vertex 13.1 -18 18.2
      vertex 12.748837420370968 -18 18.234586495274186
      vertex 12.748837420370968 -20.6 18.234586495274186
    endloop
  endfacet
  facet normal 0.2902846772544615 0 0.9569403357322092
    outer loop
      vertex 12.748837420370968 -18 18.234586495274186
      vertex 12.411169821742838 -20.6 18.337016841479684
      vertex 12.748837420370968 -20.6 18.234586495274186
    endloop
  endfacet
  facet normal 0.2902846772544615 0 0.9569403357322092
    outer loop
      vertex 12.748837420370968 -18 18.234586495274186
      vertex 12.411169821742838 -18 18.337016841479684
      vertex 12.411169821742838 -20.6 18.337016841479684
    endloop
  endfacet
  facet normal 0.7730104533627395 0 0.6343932841636424
    outer loop
      vertex 11.827207793864215 -18 18.727207793864213
      vertex 11.60335469785542 -20.6 18.999973580564717
      vertex 11.827207793864215 -20.6 18.727207793864213
    endloop
  endfacet
  facet normal 0.4713967368259934 0 0.8819212643483574
    outer loop
      vertex 12.411169821742838 -18 18.337016841479684
      vertex 12.099973580564715 -20.6 18.503354697855418
      vertex 12.411169821742838 -20.6 18.337016841479684
    endloop
  endfacet
  facet normal 0.4713967368259934 0 0.8819212643483574
    outer loop
      vertex 12.411169821742838 -18 18.337016841479684
      vertex 12.099973580564715 -18 18.503354697855418
      vertex 12.099973580564715 -20.6 18.503354697855418
    endloop
  endfacet
  facet normal 0.6343932841636473 0 0.7730104533627356
    outer loop
      vertex 12.099973580564715 -18 18.503354697855418
      vertex 11.827207793864215 -20.6 18.727207793864213
      vertex 12.099973580564715 -20.6 18.503354697855418
    endloop
  endfacet
  facet normal 0.6343932841636473 0 0.7730104533627356
    outer loop
      vertex 12.099973580564715 -18 18.503354697855418
      vertex 11.827207793864215 -18 18.727207793864213
      vertex 11.827207793864215 -20.6 18.727207793864213
    endloop
  endfacet
  facet normal 0.7730104533627395 0 -0.6343932841636424
    outer loop
      vertex 11.60335469785542 -18 21.000026419435283
      vertex 11.827207793864215 -20.6 21.272792206135787
      vertex 11.60335469785542 -20.6 21.000026419435283
    endloop
  endfacet
  facet normal 0.8819212643483529 0 -0.4713967368260015
    outer loop
      vertex 11.60335469785542 -18 21.000026419435283
      vertex 11.60335469785542 -20.6 21.000026419435283
      vertex 11.437016841479684 -18 20.688830178257163
    endloop
  endfacet
  facet normal 0.8819212643483529 0 -0.4713967368260015
    outer loop
      vertex 11.437016841479684 -18 20.688830178257163
      vertex 11.60335469785542 -20.6 21.000026419435283
      vertex 11.437016841479684 -20.6 20.688830178257163
    endloop
  endfacet
  facet normal 0.7730104533627395 0 0.6343932841636424
    outer loop
      vertex 11.827207793864215 -18 18.727207793864213
      vertex 11.60335469785542 -18 18.999973580564717
      vertex 11.60335469785542 -20.6 18.999973580564717
    endloop
  endfacet
  facet normal 0.8819212643483529 0 0.4713967368260015
    outer loop
      vertex 11.60335469785542 -18 18.999973580564717
      vertex 11.437016841479684 -18 19.311169821742837
      vertex 11.437016841479684 -20.6 19.311169821742837
    endloop
  endfacet
  facet normal 0.8819212643483529 0 0.4713967368260015
    outer loop
      vertex 11.60335469785542 -18 18.999973580564717
      vertex 11.437016841479684 -20.6 19.311169821742837
      vertex 11.60335469785542 -20.6 18.999973580564717
    endloop
  endfacet
  facet normal 0.9569403357322086 0 -0.29028467725446333
    outer loop
      vertex 11.437016841479684 -18 20.688830178257163
      vertex 11.437016841479684 -20.6 20.688830178257163
      vertex 11.334586495274184 -18 20.35116257962903
    endloop
  endfacet
  facet normal 0.9951847266721969 0 -0.09801714032956106
    outer loop
      vertex 11.334586495274184 -18 20.35116257962903
      vertex 11.334586495274184 -20.6 20.35116257962903
      vertex 11.299999999999999 -18 20
    endloop
  endfacet
  facet normal 0.9569403357322086 0 -0.29028467725446333
    outer loop
      vertex 11.334586495274184 -18 20.35116257962903
      vertex 11.437016841479684 -20.6 20.688830178257163
      vertex 11.334586495274184 -20.6 20.35116257962903
    endloop
  endfacet
  facet normal 0.9951847266721969 0 0.09801714032956106
    outer loop
      vertex 11.299999999999999 -18 20
      vertex 11.299999999999999 -20.6 20
      vertex 11.334586495274184 -18 19.64883742037097
    endloop
  endfacet
  facet normal 0.9951847266721969 0 0.09801714032956106
    outer loop
      vertex 11.334586495274184 -18 19.64883742037097
      vertex 11.299999999999999 -20.6 20
      vertex 11.334586495274184 -20.6 19.64883742037097
    endloop
  endfacet
  facet normal 0.9951847266721969 0 -0.09801714032956106
    outer loop
      vertex 11.299999999999999 -18 20
      vertex 11.334586495274184 -20.6 20.35116257962903
      vertex 11.299999999999999 -20.6 20
    endloop
  endfacet
  facet normal 0.9569403357322086 0 0.29028467725446333
    outer loop
      vertex 11.437016841479684 -18 19.311169821742837
      vertex 11.334586495274184 -18 19.64883742037097
      vertex 11.334586495274184 -20.6 19.64883742037097
    endloop
  endfacet
  facet normal 0.9569403357322086 0 0.29028467725446333
    outer loop
      vertex 11.437016841479684 -18 19.311169821742837
      vertex 11.334586495274184 -20.6 19.64883742037097
      vertex 11.437016841479684 -20.6 19.311169821742837
    endloop
  endfacet
  facet normal -0.9569403357322092 0 -0.2902846772544615
    outer loop
      vertex 21.765413504725814 -18 27.25116257962903
      vertex 21.765413504725814 -20.6 27.25116257962903
      vertex 21.662983158520316 -18 27.58883017825716
    endloop
  endfacet
  facet normal -0.9951847266721965 0 -0.09801714032956504
    outer loop
      vertex 21.765413504725814 -18 27.25116257962903
      vertex 21.8 -18 26.9
      vertex 21.8 -20.6 26.9
    endloop
  endfacet
  facet normal -0.9951847266721965 0 -0.09801714032956504
    outer loop
      vertex 21.765413504725814 -18 27.25116257962903
      vertex 21.8 -20.6 26.9
      vertex 21.765413504725814 -20.6 27.25116257962903
    endloop
  endfacet
  facet normal -0.9951847266721965 0 0.09801714032956604
    outer loop
      vertex 21.8 -18 26.9
      vertex 21.765413504725814 -18 26.54883742037097
      vertex 21.765413504725814 -20.6 26.54883742037097
    endloop
  endfacet
  facet normal -0.9951847266721965 0 0.09801714032956604
    outer loop
      vertex 21.8 -18 26.9
      vertex 21.765413504725814 -20.6 26.54883742037097
      vertex 21.8 -20.6 26.9
    endloop
  endfacet
  facet normal -0.8819212643483574 0 -0.4713967368259934
    outer loop
      vertex 21.662983158520316 -18 27.58883017825716
      vertex 21.662983158520316 -20.6 27.58883017825716
      vertex 21.496645302144582 -18 27.900026419435285
    endloop
  endfacet
  facet normal -0.9569403357322092 0 -0.2902846772544615
    outer loop
      vertex 21.662983158520316 -18 27.58883017825716
      vertex 21.765413504725814 -20.6 27.25116257962903
      vertex 21.662983158520316 -20.6 27.58883017825716
    endloop
  endfacet
  facet normal -0.8819212643483574 0 -0.4713967368259934
    outer loop
      vertex 21.496645302144582 -18 27.900026419435285
      vertex 21.662983158520316 -20.6 27.58883017825716
      vertex 21.496645302144582 -20.6 27.900026419435285
    endloop
  endfacet
  facet normal -0.7730104533627356 0 -0.6343932841636473
    outer loop
      vertex 21.496645302144582 -18 27.900026419435285
      vertex 21.496645302144582 -20.6 27.900026419435285
      vertex 21.272792206135787 -18 28.172792206135785
    endloop
  endfacet
  facet normal -0.9569403357322092 0 0.2902846772544615
    outer loop
      vertex 21.765413504725814 -18 26.54883742037097
      vertex 21.662983158520316 -20.6 26.21116982174284
      vertex 21.765413504725814 -20.6 26.54883742037097
    endloop
  endfacet
  facet normal -0.9569403357322092 0 0.2902846772544615
    outer loop
      vertex 21.765413504725814 -18 26.54883742037097
      vertex 21.662983158520316 -18 26.21116982174284
      vertex 21.662983158520316 -20.6 26.21116982174284
    endloop
  endfacet
  facet normal -0.8819212643483574 0 0.4713967368259934
    outer loop
      vertex 21.662983158520316 -18 26.21116982174284
      vertex 21.496645302144582 -18 25.899973580564716
      vertex 21.496645302144582 -20.6 25.899973580564716
    endloop
  endfacet
  facet normal -0.8819212643483574 0 0.4713967368259934
    outer loop
      vertex 21.662983158520316 -18 26.21116982174284
      vertex 21.496645302144582 -20.6 25.899973580564716
      vertex 21.662983158520316 -20.6 26.21116982174284
    endloop
  endfacet
  facet normal -0.7730104533627356 0 0.6343932841636473
    outer loop
      vertex 21.496645302144582 -18 25.899973580564716
      vertex 21.272792206135787 -20.6 25.627207793864216
      vertex 21.496645302144582 -20.6 25.899973580564716
    endloop
  endfacet
  facet normal -0.47139673682600547 0 -0.8819212643483509
    outer loop
      vertex 20.688830178257163 -18 28.562983158520318
      vertex 21.000026419435283 -18 28.39664530214458
      vertex 21.000026419435283 -20.6 28.39664530214458
    endloop
  endfacet
  facet normal -0.47139673682600547 0 -0.8819212643483509
    outer loop
      vertex 20.688830178257163 -18 28.562983158520318
      vertex 21.000026419435283 -20.6 28.39664530214458
      vertex 20.688830178257163 -20.6 28.562983158520318
    endloop
  endfacet
  facet normal -0.29028467725445867 0 -0.9569403357322099
    outer loop
      vertex 20.688830178257163 -18 28.562983158520318
      vertex 20.688830178257163 -20.6 28.562983158520318
      vertex 20.35116257962903 -18 28.665413504725816
    endloop
  endfacet
  facet normal -0.29028467725445867 0 -0.9569403357322099
    outer loop
      vertex 20.35116257962903 -18 28.665413504725816
      vertex 20.688830178257163 -20.6 28.562983158520318
      vertex 20.35116257962903 -20.6 28.665413504725816
    endloop
  endfacet
  facet normal -0.09801714032956604 0 -0.9951847266721965
    outer loop
      vertex 20.35116257962903 -18 28.665413504725816
      vertex 20.35116257962903 -20.6 28.665413504725816
      vertex 20 -18 28.700000000000003
    endloop
  endfacet
  facet normal -0.09801714032956604 0 -0.9951847266721965
    outer loop
      vertex 20.35116257962903 -20.6 28.665413504725816
      vertex 20 -20.6 28.700000000000003
      vertex 20 -18 28.700000000000003
    endloop
  endfacet
  facet normal -0.7730104533627356 0 -0.6343932841636473
    outer loop
      vertex 21.272792206135787 -18 28.172792206135785
      vertex 21.496645302144582 -20.6 27.900026419435285
      vertex 21.272792206135787 -20.6 28.172792206135785
    endloop
  endfacet
  facet normal -0.6343932841636424 0 -0.7730104533627395
    outer loop
      vertex 21.272792206135787 -18 28.172792206135785
      vertex 21.272792206135787 -20.6 28.172792206135785
      vertex 21.000026419435283 -18 28.39664530214458
    endloop
  endfacet
  facet normal -0.6343932841636424 0 -0.7730104533627395
    outer loop
      vertex 21.000026419435283 -18 28.39664530214458
      vertex 21.272792206135787 -20.6 28.172792206135785
      vertex 21.000026419435283 -20.6 28.39664530214458
    endloop
  endfacet
  facet normal -0.7730104533627356 0 0.6343932841636473
    outer loop
      vertex 21.496645302144582 -18 25.899973580564716
      vertex 21.272792206135787 -18 25.627207793864216
      vertex 21.272792206135787 -20.6 25.627207793864216
    endloop
  endfacet
  facet normal -0.6343932841636424 0 0.7730104533627395
    outer loop
      vertex 21.272792206135787 -18 25.627207793864216
      vertex 21.000026419435283 -20.6 25.40335469785542
      vertex 21.272792206135787 -20.6 25.627207793864216
    endloop
  endfacet
  facet normal -0.6343932841636424 0 0.7730104533627395
    outer loop
      vertex 21.272792206135787 -18 25.627207793864216
      vertex 21.000026419435283 -18 25.40335469785542
      vertex 21.000026419435283 -20.6 25.40335469785542
    endloop
  endfacet
  facet normal -0.4713967368259976 0 0.881921264348355
    outer loop
      vertex 21.000026419435283 -18 25.40335469785542
      vertex 20.688830178257163 -20.6 25.237016841479686
      vertex 21.000026419435283 -20.6 25.40335469785542
    endloop
  endfacet
  facet normal -0.4713967368259976 0 0.881921264348355
    outer loop
      vertex 21.000026419435283 -18 25.40335469785542
      vertex 20.688830178257163 -18 25.237016841479686
      vertex 20.688830178257163 -20.6 25.237016841479686
    endloop
  endfacet
  facet normal -0.29028467725446794 0 0.9569403357322072
    outer loop
      vertex 20.688830178257163 -18 25.237016841479686
      vertex 20.35116257962903 -20.6 25.134586495274185
      vertex 20.688830178257163 -20.6 25.237016841479686
    endloop
  endfacet
  facet normal -0.29028467725446794 0 0.9569403357322072
    outer loop
      vertex 20.688830178257163 -18 25.237016841479686
      vertex 20.35116257962903 -18 25.134586495274185
      vertex 20.35116257962903 -20.6 25.134586495274185
    endloop
  endfacet
  facet normal -0.09801714032955607 0 0.9951847266721974
    outer loop
      vertex 20.35116257962903 -18 25.134586495274185
      vertex 20 -20.6 25.1
      vertex 20.35116257962903 -20.6 25.134586495274185
    endloop
  endfacet
  facet normal -0.09801714032955607 0 0.9951847266721974
    outer loop
      vertex 20.35116257962903 -18 25.134586495274185
      vertex 20 -18 25.1
      vertex 20 -20.6 25.1
    endloop
  endfacet
  facet normal 0.09801714032956604 0 -0.9951847266721965
    outer loop
      vertex 20 -18 28.700000000000003
      vertex 20 -20.6 28.700000000000003
      vertex 19.64883742037097 -18 28.665413504725816
    endloop
  endfacet
  facet normal 0.09801714032956604 0 -0.9951847266721965
    outer loop
      vertex 19.64883742037097 -18 28.665413504725816
      vertex 20 -20.6 28.700000000000003
      vertex 19.64883742037097 -20.6 28.665413504725816
    endloop
  endfacet
  facet normal 0.29028467725445867 0 -0.9569403357322099
    outer loop
      vertex 19.64883742037097 -18 28.665413504725816
      vertex 19.64883742037097 -20.6 28.665413504725816
      vertex 19.311169821742837 -18 28.562983158520318
    endloop
  endfacet
  facet normal 0.29028467725445867 0 -0.9569403357322099
    outer loop
      vertex 19.311169821742837 -18 28.562983158520318
      vertex 19.64883742037097 -20.6 28.665413504725816
      vertex 19.311169821742837 -20.6 28.562983158520318
    endloop
  endfacet
  facet normal 0.47139673682600547 0 -0.8819212643483509
    outer loop
      vertex 19.311169821742837 -18 28.562983158520318
      vertex 19.311169821742837 -20.6 28.562983158520318
      vertex 18.999973580564717 -18 28.39664530214458
    endloop
  endfacet
  facet normal 0.47139673682600547 0 -0.8819212643483509
    outer loop
      vertex 18.999973580564717 -18 28.39664530214458
      vertex 19.311169821742837 -20.6 28.562983158520318
      vertex 18.999973580564717 -20.6 28.39664530214458
    endloop
  endfacet
  facet normal 0.09801714032955607 0 0.9951847266721974
    outer loop
      vertex 20 -18 25.1
      vertex 19.64883742037097 -20.6 25.134586495274185
      vertex 20 -20.6 25.1
    endloop
  endfacet
  facet normal 0.09801714032955607 0 0.9951847266721974
    outer loop
      vertex 20 -18 25.1
      vertex 19.64883742037097 -18 25.134586495274185
      vertex 19.64883742037097 -20.6 25.134586495274185
    endloop
  endfacet
  facet normal 0.29028467725446794 0 0.9569403357322072
    outer loop
      vertex 19.64883742037097 -18 25.134586495274185
      vertex 19.311169821742837 -20.6 25.237016841479686
      vertex 19.64883742037097 -20.6 25.134586495274185
    endloop
  endfacet
  facet normal 0.29028467725446794 0 0.9569403357322072
    outer loop
      vertex 19.64883742037097 -18 25.134586495274185
      vertex 19.311169821742837 -18 25.237016841479686
      vertex 19.311169821742837 -20.6 25.237016841479686
    endloop
  endfacet
  facet normal 0.6343932841636424 0 -0.7730104533627395
    outer loop
      vertex 18.999973580564717 -18 28.39664530214458
      vertex 18.999973580564717 -20.6 28.39664530214458
      vertex 18.727207793864213 -18 28.172792206135785
    endloop
  endfacet
  facet normal 0.6343932841636424 0 -0.7730104533627395
    outer loop
      vertex 18.727207793864213 -18 28.172792206135785
      vertex 18.999973580564717 -20.6 28.39664530214458
      vertex 18.727207793864213 -20.6 28.172792206135785
    endloop
  endfacet
  facet normal 0.7730104533627356 0 -0.6343932841636473
    outer loop
      vertex 18.727207793864213 -18 28.172792206135785
      vertex 18.727207793864213 -20.6 28.172792206135785
      vertex 18.503354697855418 -18 27.900026419435285
    endloop
  endfacet
  facet normal 0.4713967368259976 0 0.881921264348355
    outer loop
      vertex 19.311169821742837 -18 25.237016841479686
      vertex 18.999973580564717 -20.6 25.40335469785542
      vertex 19.311169821742837 -20.6 25.237016841479686
    endloop
  endfacet
  facet normal 0.4713967368259976 0 0.881921264348355
    outer loop
      vertex 19.311169821742837 -18 25.237016841479686
      vertex 18.999973580564717 -18 25.40335469785542
      vertex 18.999973580564717 -20.6 25.40335469785542
    endloop
  endfacet
  facet normal 0.6343932841636424 0 0.7730104533627395
    outer loop
      vertex 18.999973580564717 -18 25.40335469785542
      vertex 18.727207793864213 -18 25.627207793864216
      vertex 18.727207793864213 -20.6 25.627207793864216
    endloop
  endfacet
  facet normal 0.7730104533627356 0 0.6343932841636473
    outer loop
      vertex 18.727207793864213 -18 25.627207793864216
      vertex 18.503354697855418 -20.6 25.899973580564716
      vertex 18.727207793864213 -20.6 25.627207793864216
    endloop
  endfacet
  facet normal 0.6343932841636424 0 0.7730104533627395
    outer loop
      vertex 18.999973580564717 -18 25.40335469785542
      vertex 18.727207793864213 -20.6 25.627207793864216
      vertex 18.999973580564717 -20.6 25.40335469785542
    endloop
  endfacet
  facet normal 0.7730104533627356 0 -0.6343932841636473
    outer loop
      vertex 18.503354697855418 -18 27.900026419435285
      vertex 18.727207793864213 -20.6 28.172792206135785
      vertex 18.503354697855418 -20.6 27.900026419435285
    endloop
  endfacet
  facet normal 0.8819212643483574 0 -0.4713967368259934
    outer loop
      vertex 18.503354697855418 -18 27.900026419435285
      vertex 18.503354697855418 -20.6 27.900026419435285
      vertex 18.337016841479684 -18 27.58883017825716
    endloop
  endfacet
  facet normal 0.9569403357322092 0 -0.2902846772544615
    outer loop
      vertex 18.337016841479684 -18 27.58883017825716
      vertex 18.337016841479684 -20.6 27.58883017825716
      vertex 18.234586495274186 -18 27.25116257962903
    endloop
  endfacet
  facet normal 0.8819212643483574 0 -0.4713967368259934
    outer loop
      vertex 18.337016841479684 -18 27.58883017825716
      vertex 18.503354697855418 -20.6 27.900026419435285
      vertex 18.337016841479684 -20.6 27.58883017825716
    endloop
  endfacet
  facet normal 0.9951847266721965 0 -0.09801714032956504
    outer loop
      vertex 18.234586495274186 -18 27.25116257962903
      vertex 18.234586495274186 -20.6 27.25116257962903
      vertex 18.2 -18 26.9
    endloop
  endfacet
  facet normal 0.9569403357322092 0 -0.2902846772544615
    outer loop
      vertex 18.234586495274186 -18 27.25116257962903
      vertex 18.337016841479684 -20.6 27.58883017825716
      vertex 18.234586495274186 -20.6 27.25116257962903
    endloop
  endfacet
  facet normal 0.9951847266721965 0 -0.09801714032956504
    outer loop
      vertex 18.2 -18 26.9
      vertex 18.234586495274186 -20.6 27.25116257962903
      vertex 18.2 -20.6 26.9
    endloop
  endfacet
  facet normal 0.9951847266721965 0 0.09801714032956604
    outer loop
      vertex 18.2 -18 26.9
      vertex 18.2 -20.6 26.9
      vertex 18.234586495274186 -18 26.54883742037097
    endloop
  endfacet
  facet normal 0.9951847266721965 0 0.09801714032956604
    outer loop
      vertex 18.234586495274186 -18 26.54883742037097
      vertex 18.2 -20.6 26.9
      vertex 18.234586495274186 -20.6 26.54883742037097
    endloop
  endfacet
  facet normal 0.7730104533627356 0 0.6343932841636473
    outer loop
      vertex 18.727207793864213 -18 25.627207793864216
      vertex 18.503354697855418 -18 25.899973580564716
      vertex 18.503354697855418 -20.6 25.899973580564716
    endloop
  endfacet
  facet normal 0.8819212643483574 0 0.4713967368259934
    outer loop
      vertex 18.503354697855418 -18 25.899973580564716
      vertex 18.337016841479684 -18 26.21116982174284
      vertex 18.337016841479684 -20.6 26.21116982174284
    endloop
  endfacet
  facet normal 0.8819212643483574 0 0.4713967368259934
    outer loop
      vertex 18.503354697855418 -18 25.899973580564716
      vertex 18.337016841479684 -20.6 26.21116982174284
      vertex 18.503354697855418 -20.6 25.899973580564716
    endloop
  endfacet
  facet normal 0.9569403357322092 0 0.2902846772544615
    outer loop
      vertex 18.337016841479684 -18 26.21116982174284
      vertex 18.234586495274186 -20.6 26.54883742037097
      vertex 18.337016841479684 -20.6 26.21116982174284
    endloop
  endfacet
  facet normal 0.9569403357322092 0 0.2902846772544615
    outer loop
      vertex 18.234586495274186 -18 26.54883742037097
      vertex 18.234586495274186 -20.6 26.54883742037097
      vertex 18.337016841479684 -18 26.21116982174284
    endloop
  endfacet
  facet normal -0.9569403357322092 0 -0.2902846772544615
    outer loop
      vertex 21.765413504725814 -18 13.451162579629031
      vertex 21.765413504725814 -20.6 13.451162579629031
      vertex 21.662983158520316 -18 13.788830178257161
    endloop
  endfacet
  facet normal -0.9951847266721965 0 -0.09801714032956554
    outer loop
      vertex 21.765413504725814 -18 13.451162579629031
      vertex 21.8 -18 13.1
      vertex 21.8 -20.6 13.1
    endloop
  endfacet
  facet normal -0.9951847266721965 0 -0.09801714032956554
    outer loop
      vertex 21.765413504725814 -18 13.451162579629031
      vertex 21.8 -20.6 13.1
      vertex 21.765413504725814 -20.6 13.451162579629031
    endloop
  endfacet
  facet normal -0.9951847266721965 0 0.09801714032956554
    outer loop
      vertex 21.8 -18 13.1
      vertex 21.765413504725814 -20.6 12.748837420370968
      vertex 21.8 -20.6 13.1
    endloop
  endfacet
  facet normal -0.8819212643483574 0 -0.4713967368259934
    outer loop
      vertex 21.496645302144582 -18 14.100026419435284
      vertex 21.662983158520316 -20.6 13.788830178257161
      vertex 21.496645302144582 -20.6 14.100026419435284
    endloop
  endfacet
  facet normal -0.7730104533627356 0 -0.6343932841636473
    outer loop
      vertex 21.496645302144582 -18 14.100026419435284
      vertex 21.496645302144582 -20.6 14.100026419435284
      vertex 21.272792206135787 -18 14.372792206135784
    endloop
  endfacet
  facet normal -0.8819212643483574 0 -0.4713967368259934
    outer loop
      vertex 21.496645302144582 -18 14.100026419435284
      vertex 21.662983158520316 -18 13.788830178257161
      vertex 21.662983158520316 -20.6 13.788830178257161
    endloop
  endfacet
  facet normal -0.9569403357322092 0 -0.2902846772544615
    outer loop
      vertex 21.662983158520316 -18 13.788830178257161
      vertex 21.765413504725814 -20.6 13.451162579629031
      vertex 21.662983158520316 -20.6 13.788830178257161
    endloop
  endfacet
  facet normal -0.9951847266721965 0 0.09801714032956554
    outer loop
      vertex 21.8 -18 13.1
      vertex 21.765413504725814 -18 12.748837420370968
      vertex 21.765413504725814 -20.6 12.748837420370968
    endloop
  endfacet
  facet normal -0.9569403357322092 0 0.2902846772544615
    outer loop
      vertex 21.765413504725814 -18 12.748837420370968
      vertex 21.662983158520316 -20.6 12.411169821742838
      vertex 21.765413504725814 -20.6 12.748837420370968
    endloop
  endfacet
  facet normal -0.9569403357322092 0 0.2902846772544615
    outer loop
      vertex 21.765413504725814 -18 12.748837420370968
      vertex 21.662983158520316 -18 12.411169821742838
      vertex 21.662983158520316 -20.6 12.411169821742838
    endloop
  endfacet
  facet normal -0.8819212643483574 0 0.4713967368259934
    outer loop
      vertex 21.662983158520316 -18 12.411169821742838
      vertex 21.496645302144582 -18 12.099973580564715
      vertex 21.496645302144582 -20.6 12.099973580564715
    endloop
  endfacet
  facet normal -0.8819212643483574 0 0.4713967368259934
    outer loop
      vertex 21.662983158520316 -18 12.411169821742838
      vertex 21.496645302144582 -20.6 12.099973580564715
      vertex 21.662983158520316 -20.6 12.411169821742838
    endloop
  endfacet
  facet normal -0.7730104533627356 0 0.6343932841636473
    outer loop
      vertex 21.496645302144582 -18 12.099973580564715
      vertex 21.272792206135787 -20.6 11.827207793864215
      vertex 21.496645302144582 -20.6 12.099973580564715
    endloop
  endfacet
  facet normal -0.7730104533627356 0 -0.6343932841636473
    outer loop
      vertex 21.272792206135787 -18 14.372792206135784
      vertex 21.496645302144582 -20.6 14.100026419435284
      vertex 21.272792206135787 -20.6 14.372792206135784
    endloop
  endfacet
  facet normal -0.6343932841636424 0 -0.7730104533627395
    outer loop
      vertex 21.272792206135787 -18 14.372792206135784
      vertex 21.272792206135787 -20.6 14.372792206135784
      vertex 21.000026419435283 -18 14.59664530214458
    endloop
  endfacet
  facet normal -0.6343932841636424 0 -0.7730104533627395
    outer loop
      vertex 21.000026419435283 -18 14.59664530214458
      vertex 21.272792206135787 -20.6 14.372792206135784
      vertex 21.000026419435283 -20.6 14.59664530214458
    endloop
  endfacet
  facet normal -0.4713967368260015 0 -0.8819212643483529
    outer loop
      vertex 21.000026419435283 -18 14.59664530214458
      vertex 21.000026419435283 -20.6 14.59664530214458
      vertex 20.688830178257163 -18 14.762983158520315
    endloop
  endfacet
  facet normal -0.4713967368260015 0 -0.8819212643483529
    outer loop
      vertex 20.688830178257163 -18 14.762983158520315
      vertex 21.000026419435283 -20.6 14.59664530214458
      vertex 20.688830178257163 -20.6 14.762983158520315
    endloop
  endfacet
  facet normal -0.09801714032955607 0 -0.9951847266721974
    outer loop
      vertex 20.35116257962903 -18 14.865413504725815
      vertex 20.35116257962903 -20.6 14.865413504725815
      vertex 20 -18 14.899999999999999
    endloop
  endfacet
  facet normal -0.09801714032955607 0 -0.9951847266721974
    outer loop
      vertex 20.35116257962903 -20.6 14.865413504725815
      vertex 20 -20.6 14.899999999999999
      vertex 20 -18 14.899999999999999
    endloop
  endfacet
  facet normal -0.29028467725446333 0 -0.9569403357322086
    outer loop
      vertex 20.688830178257163 -18 14.762983158520315
      vertex 20.688830178257163 -20.6 14.762983158520315
      vertex 20.35116257962903 -18 14.865413504725815
    endloop
  endfacet
  facet normal -0.29028467725446333 0 -0.9569403357322086
    outer loop
      vertex 20.35116257962903 -18 14.865413504725815
      vertex 20.688830178257163 -20.6 14.762983158520315
      vertex 20.35116257962903 -20.6 14.865413504725815
    endloop
  endfacet
  facet normal -0.7730104533627356 0 0.6343932841636473
    outer loop
      vertex 21.496645302144582 -18 12.099973580564715
      vertex 21.272792206135787 -18 11.827207793864215
      vertex 21.272792206135787 -20.6 11.827207793864215
    endloop
  endfacet
  facet normal -0.6343932841636424 0 0.7730104533627395
    outer loop
      vertex 21.272792206135787 -18 11.827207793864215
      vertex 21.000026419435283 -18 11.60335469785542
      vertex 21.000026419435283 -20.6 11.60335469785542
    endloop
  endfacet
  facet normal -0.6343932841636424 0 0.7730104533627395
    outer loop
      vertex 21.272792206135787 -18 11.827207793864215
      vertex 21.000026419435283 -20.6 11.60335469785542
      vertex 21.272792206135787 -20.6 11.827207793864215
    endloop
  endfacet
  facet normal -0.4713967368260015 0 0.8819212643483529
    outer loop
      vertex 21.000026419435283 -18 11.60335469785542
      vertex 20.688830178257163 -20.6 11.437016841479684
      vertex 21.000026419435283 -20.6 11.60335469785542
    endloop
  endfacet
  facet normal -0.4713967368260015 0 0.8819212643483529
    outer loop
      vertex 21.000026419435283 -18 11.60335469785542
      vertex 20.688830178257163 -18 11.437016841479684
      vertex 20.688830178257163 -20.6 11.437016841479684
    endloop
  endfacet
  facet normal -0.29028467725446333 0 0.9569403357322086
    outer loop
      vertex 20.688830178257163 -18 11.437016841479684
      vertex 20.35116257962903 -20.6 11.334586495274184
      vertex 20.688830178257163 -20.6 11.437016841479684
    endloop
  endfacet
  facet normal -0.29028467725446333 0 0.9569403357322086
    outer loop
      vertex 20.688830178257163 -18 11.437016841479684
      vertex 20.35116257962903 -18 11.334586495274184
      vertex 20.35116257962903 -20.6 11.334586495274184
    endloop
  endfacet
  facet normal -0.09801714032956106 0 0.9951847266721969
    outer loop
      vertex 20.35116257962903 -18 11.334586495274184
      vertex 20 -20.6 11.299999999999999
      vertex 20.35116257962903 -20.6 11.334586495274184
    endloop
  endfacet
  facet normal -0.09801714032956106 0 0.9951847266721969
    outer loop
      vertex 20.35116257962903 -18 11.334586495274184
      vertex 20 -18 11.299999999999999
      vertex 20 -20.6 11.299999999999999
    endloop
  endfacet
  facet normal 0.09801714032955607 0 -0.9951847266721974
    outer loop
      vertex 20 -18 14.899999999999999
      vertex 20 -20.6 14.899999999999999
      vertex 19.64883742037097 -18 14.865413504725815
    endloop
  endfacet
  facet normal 0.09801714032955607 0 -0.9951847266721974
    outer loop
      vertex 19.64883742037097 -18 14.865413504725815
      vertex 20 -20.6 14.899999999999999
      vertex 19.64883742037097 -20.6 14.865413504725815
    endloop
  endfacet
  facet normal 0.29028467725446333 0 -0.9569403357322086
    outer loop
      vertex 19.64883742037097 -18 14.865413504725815
      vertex 19.64883742037097 -20.6 14.865413504725815
      vertex 19.311169821742837 -18 14.762983158520315
    endloop
  endfacet
  facet normal 0.29028467725446333 0 -0.9569403357322086
    outer loop
      vertex 19.311169821742837 -18 14.762983158520315
      vertex 19.64883742037097 -20.6 14.865413504725815
      vertex 19.311169821742837 -20.6 14.762983158520315
    endloop
  endfacet
  facet normal 0.4713967368260015 0 -0.8819212643483529
    outer loop
      vertex 19.311169821742837 -18 14.762983158520315
      vertex 19.311169821742837 -20.6 14.762983158520315
      vertex 18.999973580564717 -18 14.59664530214458
    endloop
  endfacet
  facet normal 0.4713967368260015 0 -0.8819212643483529
    outer loop
      vertex 18.999973580564717 -18 14.59664530214458
      vertex 19.311169821742837 -20.6 14.762983158520315
      vertex 18.999973580564717 -20.6 14.59664530214458
    endloop
  endfacet
  facet normal 0.6343932841636424 0 -0.7730104533627395
    outer loop
      vertex 18.999973580564717 -18 14.59664530214458
      vertex 18.999973580564717 -20.6 14.59664530214458
      vertex 18.727207793864213 -18 14.372792206135784
    endloop
  endfacet
  facet normal 0.6343932841636424 0 -0.7730104533627395
    outer loop
      vertex 18.727207793864213 -18 14.372792206135784
      vertex 18.999973580564717 -20.6 14.59664530214458
      vertex 18.727207793864213 -20.6 14.372792206135784
    endloop
  endfacet
  facet normal 0.7730104533627356 0 -0.6343932841636473
    outer loop
      vertex 18.727207793864213 -18 14.372792206135784
      vertex 18.727207793864213 -20.6 14.372792206135784
      vertex 18.503354697855418 -18 14.100026419435284
    endloop
  endfacet
  facet normal 0.09801714032956106 0 0.9951847266721969
    outer loop
      vertex 20 -18 11.299999999999999
      vertex 19.64883742037097 -20.6 11.334586495274184
      vertex 20 -20.6 11.299999999999999
    endloop
  endfacet
  facet normal 0.09801714032956106 0 0.9951847266721969
    outer loop
      vertex 20 -18 11.299999999999999
      vertex 19.64883742037097 -18 11.334586495274184
      vertex 19.64883742037097 -20.6 11.334586495274184
    endloop
  endfacet
  facet normal 0.29028467725446333 0 0.9569403357322086
    outer loop
      vertex 19.64883742037097 -18 11.334586495274184
      vertex 19.311169821742837 -20.6 11.437016841479684
      vertex 19.64883742037097 -20.6 11.334586495274184
    endloop
  endfacet
  facet normal 0.29028467725446333 0 0.9569403357322086
    outer loop
      vertex 19.64883742037097 -18 11.334586495274184
      vertex 19.311169821742837 -18 11.437016841479684
      vertex 19.311169821742837 -20.6 11.437016841479684
    endloop
  endfacet
  facet normal 0.4713967368260015 0 0.8819212643483529
    outer loop
      vertex 19.311169821742837 -18 11.437016841479684
      vertex 18.999973580564717 -20.6 11.60335469785542
      vertex 19.311169821742837 -20.6 11.437016841479684
    endloop
  endfacet
  facet normal 0.4713967368260015 0 0.8819212643483529
    outer loop
      vertex 19.311169821742837 -18 11.437016841479684
      vertex 18.999973580564717 -18 11.60335469785542
      vertex 18.999973580564717 -20.6 11.60335469785542
    endloop
  endfacet
  facet normal 0.6343932841636424 0 0.7730104533627395
    outer loop
      vertex 18.999973580564717 -18 11.60335469785542
      vertex 18.727207793864213 -18 11.827207793864215
      vertex 18.727207793864213 -20.6 11.827207793864215
    endloop
  endfacet
  facet normal 0.6343932841636424 0 0.7730104533627395
    outer loop
      vertex 18.999973580564717 -18 11.60335469785542
      vertex 18.727207793864213 -20.6 11.827207793864215
      vertex 18.999973580564717 -20.6 11.60335469785542
    endloop
  endfacet
  facet normal 0.7730104533627356 0 0.6343932841636473
    outer loop
      vertex 18.727207793864213 -18 11.827207793864215
      vertex 18.503354697855418 -20.6 12.099973580564715
      vertex 18.727207793864213 -20.6 11.827207793864215
    endloop
  endfacet
  facet normal 0.7730104533627356 0 -0.6343932841636473
    outer loop
      vertex 18.503354697855418 -18 14.100026419435284
      vertex 18.727207793864213 -20.6 14.372792206135784
      vertex 18.503354697855418 -20.6 14.100026419435284
    endloop
  endfacet
  facet normal 0.8819212643483574 0 -0.4713967368259934
    outer loop
      vertex 18.503354697855418 -18 14.100026419435284
      vertex 18.503354697855418 -20.6 14.100026419435284
      vertex 18.337016841479684 -18 13.788830178257161
    endloop
  endfacet
  facet normal 0.9569403357322092 0 -0.2902846772544615
    outer loop
      vertex 18.337016841479684 -18 13.788830178257161
      vertex 18.337016841479684 -20.6 13.788830178257161
      vertex 18.234586495274186 -18 13.451162579629031
    endloop
  endfacet
  facet normal 0.8819212643483574 0 -0.4713967368259934
    outer loop
      vertex 18.337016841479684 -18 13.788830178257161
      vertex 18.503354697855418 -20.6 14.100026419435284
      vertex 18.337016841479684 -20.6 13.788830178257161
    endloop
  endfacet
  facet normal 0.9569403357322092 0 -0.2902846772544615
    outer loop
      vertex 18.234586495274186 -18 13.451162579629031
      vertex 18.337016841479684 -20.6 13.788830178257161
      vertex 18.234586495274186 -20.6 13.451162579629031
    endloop
  endfacet
  facet normal 0.9951847266721965 0 -0.09801714032956554
    outer loop
      vertex 18.234586495274186 -18 13.451162579629031
      vertex 18.234586495274186 -20.6 13.451162579629031
      vertex 18.2 -18 13.1
    endloop
  endfacet
  facet normal 0.9951847266721965 0 0.09801714032956554
    outer loop
      vertex 18.2 -18 13.1
      vertex 18.2 -20.6 13.1
      vertex 18.234586495274186 -18 12.748837420370968
    endloop
  endfacet
  facet normal 0.9951847266721965 0 -0.09801714032956554
    outer loop
      vertex 18.2 -18 13.1
      vertex 18.234586495274186 -20.6 13.451162579629031
      vertex 18.2 -20.6 13.1
    endloop
  endfacet
  facet normal 0.7730104533627356 0 0.6343932841636473
    outer loop
      vertex 18.727207793864213 -18 11.827207793864215
      vertex 18.503354697855418 -18 12.099973580564715
      vertex 18.503354697855418 -20.6 12.099973580564715
    endloop
  endfacet
  facet normal 0.9569403357322092 0 0.2902846772544615
    outer loop
      vertex 18.337016841479684 -18 12.411169821742838
      vertex 18.234586495274186 -20.6 12.748837420370968
      vertex 18.337016841479684 -20.6 12.411169821742838
    endloop
  endfacet
  facet normal 0.8819212643483574 0 0.4713967368259934
    outer loop
      vertex 18.503354697855418 -18 12.099973580564715
      vertex 18.337016841479684 -18 12.411169821742838
      vertex 18.337016841479684 -20.6 12.411169821742838
    endloop
  endfacet
  facet normal 0.8819212643483574 0 0.4713967368259934
    outer loop
      vertex 18.503354697855418 -18 12.099973580564715
      vertex 18.337016841479684 -20.6 12.411169821742838
      vertex 18.503354697855418 -20.6 12.099973580564715
    endloop
  endfacet
  facet normal 0.9569403357322092 0 0.2902846772544615
    outer loop
      vertex 18.337016841479684 -18 12.411169821742838
      vertex 18.234586495274186 -18 12.748837420370968
      vertex 18.234586495274186 -20.6 12.748837420370968
    endloop
  endfacet
  facet normal 0.9951847266721965 0 0.09801714032956554
    outer loop
      vertex 18.234586495274186 -18 12.748837420370968
      vertex 18.2 -20.6 13.1
      vertex 18.234586495274186 -20.6 12.748837420370968
    endloop
  endfacet
  facet normal -0.956940335732209 0 -0.2902846772544616
    outer loop
      vertex 29.67163859753386 -20.6 21.14805029709527
      vertex 29.84235584120969 -20.6 20.585270966048384
      vertex 29.84235584120969 -24 20.585270966048384
    endloop
  endfacet
  facet normal -0.956940335732209 0 -0.2902846772544616
    outer loop
      vertex 29.67163859753386 -20.6 21.14805029709527
      vertex 29.84235584120969 -24 20.585270966048384
      vertex 29.67163859753386 -24 21.14805029709527
    endloop
  endfacet
  facet normal 0 -1 0
    outer loop
      vertex 29.84235584120969 -20.6 20.585270966048384
      vertex 29.84235584120969 -20.6 19.414729033951616
      vertex 29.9 -20.6 20
    endloop
  endfacet
  facet normal 0 -1 0
    outer loop
      vertex 29.67163859753386 -20.6 21.14805029709527
      vertex 29.67163859753386 -20.6 18.85194970290473
      vertex 29.84235584120969 -20.6 20.585270966048384
    endloop
  endfacet
  facet normal -0.9951847266721972 0 -0.09801714032955784
    outer loop
      vertex 29.84235584120969 -20.6 20.585270966048384
      vertex 29.9 -20.6 20
      vertex 29.9 -24 20
    endloop
  endfacet
  facet normal 0 -1 0
    outer loop
      vertex 29.84235584120969 -20.6 20.585270966048384
      vertex 29.67163859753386 -20.6 18.85194970290473
      vertex 29.84235584120969 -20.6 19.414729033951616
    endloop
  endfacet
  facet normal -0.9951847266721972 0 0.09801714032955784
    outer loop
      vertex 29.9 -20.6 20
      vertex 29.84235584120969 -20.6 19.414729033951616
      vertex 29.84235584120969 -24 19.414729033951616
    endloop
  endfacet
  facet normal -0.956940335732209 0 0.2902846772544616
    outer loop
      vertex 29.84235584120969 -20.6 19.414729033951616
      vertex 29.67163859753386 -20.6 18.85194970290473
      vertex 29.67163859753386 -24 18.85194970290473
    endloop
  endfacet
  facet normal -0.9951847266721972 0 -0.09801714032955784
    outer loop
      vertex 29.84235584120969 -20.6 20.585270966048384
      vertex 29.9 -24 20
      vertex 29.84235584120969 -24 20.585270966048384
    endloop
  endfacet
  facet normal -0.9951847266721972 0 0.09801714032955784
    outer loop
      vertex 29.9 -20.6 20
      vertex 29.84235584120969 -24 19.414729033951616
      vertex 29.9 -24 20
    endloop
  endfacet
  facet normal -0.956940335732209 0 0.2902846772544616
    outer loop
      vertex 29.84235584120969 -20.6 19.414729033951616
      vertex 29.67163859753386 -24 18.85194970290473
      vertex 29.84235584120969 -24 19.414729033951616
    endloop
  endfacet
  facet normal -0.8819212643483556 0 -0.47139673682599664
    outer loop
      vertex 29.67163859753386 -20.6 21.14805029709527
      vertex 29.67163859753386 -24 21.14805029709527
      vertex 29.394408836907637 -20.6 21.666710699058807
    endloop
  endfacet
  facet normal -0.7730104533627363 0 -0.6343932841636463
    outer loop
      vertex 29.394408836907637 -20.6 21.666710699058807
      vertex 29.394408836907637 -24 21.666710699058807
      vertex 29.021320343559644 -20.6 22.121320343559642
    endloop
  endfacet
  facet normal -0.8819212643483556 0 -0.47139673682599664
    outer loop
      vertex 29.394408836907637 -20.6 21.666710699058807
      vertex 29.67163859753386 -24 21.14805029709527
      vertex 29.394408836907637 -24 21.666710699058807
    endloop
  endfacet
  facet normal -0.7730104533627363 0 -0.6343932841636463
    outer loop
      vertex 29.021320343559644 -20.6 22.121320343559642
      vertex 29.394408836907637 -24 21.666710699058807
      vertex 29.021320343559644 -24 22.121320343559642
    endloop
  endfacet
  facet normal 0 -1 0
    outer loop
      vertex 29.021320343559644 -20.6 22.121320343559642
      vertex 28.566710699058806 -20.6 22.494408836907635
      vertex 28.665413504725816 -20.6 20.35116257962903
    endloop
  endfacet
  facet normal -0.6343932841636433 0 -0.7730104533627387
    outer loop
      vertex 29.021320343559644 -20.6 22.121320343559642
      vertex 29.021320343559644 -24 22.121320343559642
      vertex 28.566710699058806 -20.6 22.494408836907635
    endloop
  endfacet
  facet normal 0 -1 0
    outer loop
      vertex 29.021320343559644 -20.6 22.121320343559642
      vertex 28.665413504725816 -20.6 20.35116257962903
      vertex 28.700000000000003 -20.6 20
    endloop
  endfacet
  facet normal 0 -1 0
    outer loop
      vertex 28.566710699058806 -20.6 22.494408836907635
      vertex 28.562983158520318 -20.6 20.688830178257163
      vertex 28.665413504725816 -20.6 20.35116257962903
    endloop
  endfacet
  facet normal 0 -1 0
    outer loop
      vertex 28.566710699058806 -20.6 22.494408836907635
      vertex 28.04805029709527 -20.6 22.771638597533858
      vertex 28.172792206135785 -20.6 21.272792206135787
    endloop
  endfacet
  facet normal -0.47139673682599664 0 -0.8819212643483556
    outer loop
      vertex 28.566710699058806 -20.6 22.494408836907635
      vertex 28.566710699058806 -24 22.494408836907635
      vertex 28.04805029709527 -20.6 22.771638597533858
    endloop
  endfacet
  facet normal 0 -1 0
    outer loop
      vertex 28.566710699058806 -20.6 22.494408836907635
      vertex 28.39664530214458 -20.6 21.000026419435283
      vertex 28.562983158520318 -20.6 20.688830178257163
    endloop
  endfacet
  facet normal 0 -1 0
    outer loop
      vertex 28.566710699058806 -20.6 22.494408836907635
      vertex 28.172792206135785 -20.6 21.272792206135787
      vertex 28.39664530214458 -20.6 21.000026419435283
    endloop
  endfacet
  facet normal -0.6343932841636433 0 -0.7730104533627387
    outer loop
      vertex 28.566710699058806 -20.6 22.494408836907635
      vertex 29.021320343559644 -24 22.121320343559642
      vertex 28.566710699058806 -24 22.494408836907635
    endloop
  endfacet
  facet normal 0 -1 0
    outer loop
      vertex 29.67163859753386 -20.6 21.14805029709527
      vertex 29.394408836907637 -20.6 21.666710699058807
      vertex 29.394408836907637 -20.6 18.333289300941193
    endloop
  endfacet
  facet normal 0 -1 0
    outer loop
      vertex 29.67163859753386 -20.6 21.14805029709527
      vertex 29.394408836907637 -20.6 18.333289300941193
      vertex 29.67163859753386 -20.6 18.85194970290473
    endloop
  endfacet
  facet normal 0 -1 0
    outer loop
      vertex 29.394408836907637 -20.6 21.666710699058807
      vertex 29.021320343559644 -20.6 22.121320343559642
      vertex 29.021320343559644 -20.6 17.878679656440358
    endloop
  endfacet
  facet normal 0 -1 0
    outer loop
      vertex 29.394408836907637 -20.6 21.666710699058807
      vertex 29.021320343559644 -20.6 17.878679656440358
      vertex 29.394408836907637 -20.6 18.333289300941193
    endloop
  endfacet
  facet normal -0.8819212643483556 0 0.47139673682599664
    outer loop
      vertex 29.67163859753386 -20.6 18.85194970290473
      vertex 29.394408836907637 -20.6 18.333289300941193
      vertex 29.394408836907637 -24 18.333289300941193
    endloop
  endfacet
  facet normal -0.7730104533627363 0 0.6343932841636463
    outer loop
      vertex 29.394408836907637 -20.6 18.333289300941193
      vertex 29.021320343559644 -20.6 17.878679656440358
      vertex 29.021320343559644 -24 17.878679656440358
    endloop
  endfacet
  facet normal -0.8819212643483556 0 0.47139673682599664
    outer loop
      vertex 29.67163859753386 -20.6 18.85194970290473
      vertex 29.394408836907637 -24 18.333289300941193
      vertex 29.67163859753386 -24 18.85194970290473
    endloop
  endfacet
  facet normal -0.7730104533627363 0 0.6343932841636463
    outer loop
      vertex 29.394408836907637 -20.6 18.333289300941193
      vertex 29.021320343559644 -24 17.878679656440358
      vertex 29.394408836907637 -24 18.333289300941193
    endloop
  endfacet
  facet normal 0 -1 0
    outer loop
      vertex 29.021320343559644 -20.6 22.121320343559642
      vertex 28.700000000000003 -20.6 20
      vertex 28.665413504725816 -20.6 19.64883742037097
    endloop
  endfacet
  facet normal 0 -1 0
    outer loop
      vertex 29.021320343559644 -20.6 22.121320343559642
      vertex 28.665413504725816 -20.6 19.64883742037097
      vertex 28.566710699058806 -20.6 17.505591163092365
    endloop
  endfacet
  facet normal 0 -1 0
    outer loop
      vertex 29.021320343559644 -20.6 22.121320343559642
      vertex 28.566710699058806 -20.6 17.505591163092365
      vertex 29.021320343559644 -20.6 17.878679656440358
    endloop
  endfacet
  facet normal 0 -1 0
    outer loop
      vertex 28.665413504725816 -20.6 19.64883742037097
      vertex 28.562983158520318 -20.6 19.311169821742837
      vertex 28.566710699058806 -20.6 17.505591163092365
    endloop
  endfacet
  facet normal -0.6343932841636433 0 0.7730104533627387
    outer loop
      vertex 29.021320343559644 -20.6 17.878679656440358
      vertex 28.566710699058806 -20.6 17.505591163092365
      vertex 28.566710699058806 -24 17.505591163092365
    endloop
  endfacet
  facet normal 0 -1 0
    outer loop
      vertex 28.562983158520318 -20.6 19.311169821742837
      vertex 28.39664530214458 -20.6 18.999973580564717
      vertex 28.566710699058806 -20.6 17.505591163092365
    endloop
  endfacet
  facet normal 0 -1 0
    outer loop
      vertex 28.39664530214458 -20.6 18.999973580564717
      vertex 28.172792206135785 -20.6 18.727207793864213
      vertex 28.566710699058806 -20.6 17.505591163092365
    endloop
  endfacet
  facet normal 0 -1 0
    outer loop
      vertex 28.566710699058806 -20.6 17.505591163092365
      vertex 28.172792206135785 -20.6 18.727207793864213
      vertex 28.04805029709527 -20.6 17.228361402466142
    endloop
  endfacet
  facet normal -0.6343932841636433 0 0.7730104533627387
    outer loop
      vertex 29.021320343559644 -20.6 17.878679656440358
      vertex 28.566710699058806 -24 17.505591163092365
      vertex 29.021320343559644 -24 17.878679656440358
    endloop
  endfacet
  facet normal -0.47139673682599664 0 0.8819212643483556
    outer loop
      vertex 28.566710699058806 -20.6 17.505591163092365
      vertex 28.04805029709527 -24 17.228361402466142
      vertex 28.566710699058806 -24 17.505591163092365
    endloop
  endfacet
  facet normal -0.29028467725446333 0 -0.9569403357322086
    outer loop
      vertex 28.04805029709527 -20.6 22.771638597533858
      vertex 28.04805029709527 -24 22.771638597533858
      vertex 27.485270966048386 -20.6 22.94235584120969
    endloop
  endfacet
  facet normal -0.47139673682599664 0 -0.8819212643483556
    outer loop
      vertex 28.04805029709527 -20.6 22.771638597533858
      vertex 28.566710699058806 -24 22.494408836907635
      vertex 28.04805029709527 -24 22.771638597533858
    endloop
  endfacet
  facet normal -0.29028467725446333 0 -0.9569403357322086
    outer loop
      vertex 27.485270966048386 -20.6 22.94235584120969
      vertex 28.04805029709527 -24 22.771638597533858
      vertex 27.485270966048386 -24 22.94235584120969
    endloop
  endfacet
  facet normal 0 -1 0
    outer loop
      vertex 28.04805029709527 -20.6 22.771638597533858
      vertex 27.900026419435285 -20.6 21.496645302144582
      vertex 28.172792206135785 -20.6 21.272792206135787
    endloop
  endfacet
  facet normal 0 -1 0
    outer loop
      vertex 28.04805029709527 -20.6 22.771638597533858
      vertex 27.58883017825716 -20.6 21.662983158520316
      vertex 27.900026419435285 -20.6 21.496645302144582
    endloop
  endfacet
  facet normal 0 -1 0
    outer loop
      vertex 28.04805029709527 -20.6 22.771638597533858
      vertex 27.485270966048386 -20.6 22.94235584120969
      vertex 27.58883017825716 -20.6 21.662983158520316
    endloop
  endfacet
  facet normal -0.09801714032956325 0 -0.9951847266721966
    outer loop
      vertex 27.485270966048386 -20.6 22.94235584120969
      vertex 27.485270966048386 -24 22.94235584120969
      vertex 26.9 -20.6 23
    endloop
  endfacet
  facet normal -0.09801714032956325 0 -0.9951847266721966
    outer loop
      vertex 26.9 -20.6 23
      vertex 27.485270966048386 -24 22.94235584120969
      vertex 26.9 -24 23
    endloop
  endfacet
  facet normal 0 -1 0
    outer loop
      vertex 27.58883017825716 -20.6 21.662983158520316
      vertex 27.485270966048386 -20.6 22.94235584120969
      vertex 27.25116257962903 -20.6 21.765413504725814
    endloop
  endfacet
  facet normal 0 -1 0
    outer loop
      vertex 27.485270966048386 -20.6 22.94235584120969
      vertex 26.9 -20.6 23
      vertex 27.25116257962903 -20.6 21.765413504725814
    endloop
  endfacet
  facet normal 0 -1 0
    outer loop
      vertex 26.9 -20.6 23
      vertex 26.9 -20.6 21.8
      vertex 27.25116257962903 -20.6 21.765413504725814
    endloop
  endfacet
  facet normal 0 -1 0
    outer loop
      vertex 28.172792206135785 -20.6 18.727207793864213
      vertex 27.900026419435285 -20.6 18.503354697855418
      vertex 28.04805029709527 -20.6 17.228361402466142
    endloop
  endfacet
  facet normal -0.47139673682599664 0 0.8819212643483556
    outer loop
      vertex 28.566710699058806 -20.6 17.505591163092365
      vertex 28.04805029709527 -20.6 17.228361402466142
      vertex 28.04805029709527 -24 17.228361402466142
    endloop
  endfacet
  facet normal 0 -1 0
    outer loop
      vertex 28.04805029709527 -20.6 17.228361402466142
      vertex 27.900026419435285 -20.6 18.503354697855418
      vertex 27.58883017825716 -20.6 18.337016841479684
    endloop
  endfacet
  facet normal 0 -1 0
    outer loop
      vertex 28.04805029709527 -20.6 17.228361402466142
      vertex 27.58883017825716 -20.6 18.337016841479684
      vertex 27.485270966048386 -20.6 17.05764415879031
    endloop
  endfacet
  facet normal -0.29028467725446333 0 0.9569403357322086
    outer loop
      vertex 28.04805029709527 -20.6 17.228361402466142
      vertex 27.485270966048386 -20.6 17.05764415879031
      vertex 27.485270966048386 -24 17.05764415879031
    endloop
  endfacet
  facet normal -0.29028467725446333 0 0.9569403357322086
    outer loop
      vertex 28.04805029709527 -20.6 17.228361402466142
      vertex 27.485270966048386 -24 17.05764415879031
      vertex 28.04805029709527 -24 17.228361402466142
    endloop
  endfacet
  facet normal 0 -1 0
    outer loop
      vertex 27.58883017825716 -20.6 18.337016841479684
      vertex 27.25116257962903 -20.6 18.234586495274186
      vertex 27.485270966048386 -20.6 17.05764415879031
    endloop
  endfacet
  facet normal 0 -1 0
    outer loop
      vertex 27.25116257962903 -20.6 18.234586495274186
      vertex 26.9 -20.6 18.2
      vertex 27.485270966048386 -20.6 17.05764415879031
    endloop
  endfacet
  facet normal 0 -1 0
    outer loop
      vertex 27.485270966048386 -20.6 17.05764415879031
      vertex 26.9 -20.6 18.2
      vertex 26.9 -20.6 17
    endloop
  endfacet
  facet normal -0.09801714032956325 0 0.9951847266721966
    outer loop
      vertex 27.485270966048386 -20.6 17.05764415879031
      vertex 26.9 -20.6 17
      vertex 26.9 -24 17
    endloop
  endfacet
  facet normal -0.09801714032956325 0 0.9951847266721966
    outer loop
      vertex 27.485270966048386 -20.6 17.05764415879031
      vertex 26.9 -24 17
      vertex 27.485270966048386 -24 17.05764415879031
    endloop
  endfacet
  facet normal 0.09801714032956384 0 -0.9951847266721965
    outer loop
      vertex 26.9 -20.6 23
      vertex 26.9 -24 23
      vertex 26.314729033951615 -20.6 22.94235584120969
    endloop
  endfacet
  facet normal 0.09801714032956384 0 -0.9951847266721965
    outer loop
      vertex 26.314729033951615 -20.6 22.94235584120969
      vertex 26.9 -24 23
      vertex 26.314729033951615 -24 22.94235584120969
    endloop
  endfacet
  facet normal 0 -1 0
    outer loop
      vertex 26.9 -20.6 23
      vertex 26.314729033951615 -20.6 22.94235584120969
      vertex 26.9 -20.6 21.8
    endloop
  endfacet
  facet normal 0 -1 0
    outer loop
      vertex 26.9 -20.6 21.8
      vertex 26.314729033951615 -20.6 22.94235584120969
      vertex 26.54883742037097 -20.6 21.765413504725814
    endloop
  endfacet
  facet normal 0 -1 0
    outer loop
      vertex 26.314729033951615 -20.6 22.94235584120969
      vertex 26.21116982174284 -20.6 21.662983158520316
      vertex 26.54883742037097 -20.6 21.765413504725814
    endloop
  endfacet
  facet normal 0.29028467725446333 0 -0.9569403357322086
    outer loop
      vertex 26.314729033951615 -20.6 22.94235584120969
      vertex 26.314729033951615 -24 22.94235584120969
      vertex 25.75194970290473 -20.6 22.771638597533858
    endloop
  endfacet
  facet normal 0.47139673682599664 0 -0.8819212643483556
    outer loop
      vertex 25.75194970290473 -20.6 22.771638597533858
      vertex 25.75194970290473 -24 22.771638597533858
      vertex 25.233289300941195 -20.6 22.494408836907635
    endloop
  endfacet
  facet normal 0.29028467725446333 0 -0.9569403357322086
    outer loop
      vertex 25.75194970290473 -20.6 22.771638597533858
      vertex 26.314729033951615 -24 22.94235584120969
      vertex 25.75194970290473 -24 22.771638597533858
    endloop
  endfacet
  facet normal 0 -1 0
    outer loop
      vertex 26.314729033951615 -20.6 22.94235584120969
      vertex 25.75194970290473 -20.6 22.771638597533858
      vertex 26.21116982174284 -20.6 21.662983158520316
    endloop
  endfacet
  facet normal 0 -1 0
    outer loop
      vertex 26.21116982174284 -20.6 21.662983158520316
      vertex 25.75194970290473 -20.6 22.771638597533858
      vertex 25.899973580564716 -20.6 21.496645302144582
    endloop
  endfacet
  facet normal 0 -1 0
    outer loop
      vertex 25.75194970290473 -20.6 22.771638597533858
      vertex 25.627207793864216 -20.6 21.272792206135787
      vertex 25.899973580564716 -20.6 21.496645302144582
    endloop
  endfacet
  facet normal 0 -1 0
    outer loop
      vertex 25.75194970290473 -20.6 22.771638597533858
      vertex 25.233289300941195 -20.6 22.494408836907635
      vertex 25.627207793864216 -20.6 21.272792206135787
    endloop
  endfacet
  facet normal 0 -1 0
    outer loop
      vertex 26.9 -20.6 18.2
      vertex 26.54883742037097 -20.6 18.234586495274186
      vertex 26.9 -20.6 17
    endloop
  endfacet
  facet normal 0 -1 0
    outer loop
      vertex 26.9 -20.6 17
      vertex 26.54883742037097 -20.6 18.234586495274186
      vertex 26.314729033951615 -20.6 17.05764415879031
    endloop
  endfacet
  facet normal 0 -1 0
    outer loop
      vertex 26.54883742037097 -20.6 18.234586495274186
      vertex 26.21116982174284 -20.6 18.337016841479684
      vertex 26.314729033951615 -20.6 17.05764415879031
    endloop
  endfacet
  facet normal 0.09801714032956384 0 0.9951847266721965
    outer loop
      vertex 26.9 -20.6 17
      vertex 26.314729033951615 -20.6 17.05764415879031
      vertex 26.314729033951615 -24 17.05764415879031
    endloop
  endfacet
  facet normal 0.09801714032956384 0 0.9951847266721965
    outer loop
      vertex 26.9 -20.6 17
      vertex 26.314729033951615 -24 17.05764415879031
      vertex 26.9 -24 17
    endloop
  endfacet
  facet normal 0 -1 0
    outer loop
      vertex 26.21116982174284 -20.6 18.337016841479684
      vertex 25.899973580564716 -20.6 18.503354697855418
      vertex 25.75194970290473 -20.6 17.228361402466142
    endloop
  endfacet
  facet normal 0 -1 0
    outer loop
      vertex 26.21116982174284 -20.6 18.337016841479684
      vertex 25.75194970290473 -20.6 17.228361402466142
      vertex 26.314729033951615 -20.6 17.05764415879031
    endloop
  endfacet
  facet normal 0.29028467725446333 0 0.9569403357322086
    outer loop
      vertex 26.314729033951615 -20.6 17.05764415879031
      vertex 25.75194970290473 -20.6 17.228361402466142
      vertex 25.75194970290473 -24 17.228361402466142
    endloop
  endfacet
  facet normal 0 -1 0
    outer loop
      vertex 25.899973580564716 -20.6 18.503354697855418
      vertex 25.627207793864216 -20.6 18.727207793864213
      vertex 25.75194970290473 -20.6 17.228361402466142
    endloop
  endfacet
  facet normal 0 -1 0
    outer loop
      vertex 25.627207793864216 -20.6 18.727207793864213
      vertex 25.233289300941195 -20.6 17.505591163092365
      vertex 25.75194970290473 -20.6 17.228361402466142
    endloop
  endfacet
  facet normal 0.29028467725446333 0 0.9569403357322086
    outer loop
      vertex 26.314729033951615 -20.6 17.05764415879031
      vertex 25.75194970290473 -24 17.228361402466142
      vertex 26.314729033951615 -24 17.05764415879031
    endloop
  endfacet
  facet normal 0.47139673682599664 0 0.8819212643483556
    outer loop
      vertex 25.75194970290473 -20.6 17.228361402466142
      vertex 25.233289300941195 -24 17.505591163092365
      vertex 25.75194970290473 -24 17.228361402466142
    endloop
  endfacet
  facet normal 0 -1 0
    outer loop
      vertex 25.627207793864216 -20.6 21.272792206135787
      vertex 25.233289300941195 -20.6 22.494408836907635
      vertex 25.40335469785542 -20.6 21.000026419435283
    endloop
  endfacet
  facet normal 0 -1 0
    outer loop
      vertex 25.233289300941195 -20.6 22.494408836907635
      vertex 25.237016841479686 -20.6 20.688830178257163
      vertex 25.40335469785542 -20.6 21.000026419435283
    endloop
  endfacet
  facet normal 0 -1 0
    outer loop
      vertex 25.233289300941195 -20.6 22.494408836907635
      vertex 25.134586495274185 -20.6 20.35116257962903
      vertex 25.237016841479686 -20.6 20.688830178257163
    endloop
  endfacet
  facet normal 0.6343932841636433 0 -0.7730104533627387
    outer loop
      vertex 25.233289300941195 -20.6 22.494408836907635
      vertex 25.233289300941195 -24 22.494408836907635
      vertex 24.778679656440357 -20.6 22.121320343559642
    endloop
  endfacet
  facet normal 0 -1 0
    outer loop
      vertex 25.233289300941195 -20.6 22.494408836907635
      vertex 24.778679656440357 -20.6 22.121320343559642
      vertex 24.778679656440357 -20.6 17.878679656440358
    endloop
  endfacet
  facet normal 0.47139673682599664 0 -0.8819212643483556
    outer loop
      vertex 25.233289300941195 -20.6 22.494408836907635
      vertex 25.75194970290473 -24 22.771638597533858
      vertex 25.233289300941195 -24 22.494408836907635
    endloop
  endfacet
  facet normal 0.6343932841636433 0 -0.7730104533627387
    outer loop
      vertex 24.778679656440357 -20.6 22.121320343559642
      vertex 25.233289300941195 -24 22.494408836907635
      vertex 24.778679656440357 -24 22.121320343559642
    endloop
  endfacet
  facet normal 0.7730104533627363 0 -0.6343932841636463
    outer loop
      vertex 24.778679656440357 -20.6 22.121320343559642
      vertex 24.778679656440357 -24 22.121320343559642
      vertex 24.405591163092364 -20.6 21.666710699058807
    endloop
  endfacet
  facet normal 0 -1 0
    outer loop
      vertex 24.778679656440357 -20.6 22.121320343559642
      vertex 24.405591163092364 -20.6 21.666710699058807
      vertex 24.405591163092364 -20.6 18.333289300941193
    endloop
  endfacet
  facet normal 0.8819212643483556 0 -0.47139673682599664
    outer loop
      vertex 24.405591163092364 -20.6 21.666710699058807
      vertex 24.405591163092364 -24 21.666710699058807
      vertex 24.12836140246614 -20.6 21.14805029709527
    endloop
  endfacet
  facet normal 0.7730104533627363 0 -0.6343932841636463
    outer loop
      vertex 24.405591163092364 -20.6 21.666710699058807
      vertex 24.778679656440357 -24 22.121320343559642
      vertex 24.405591163092364 -24 21.666710699058807
    endloop
  endfacet
  facet normal 0.8819212643483556 0 -0.47139673682599664
    outer loop
      vertex 24.12836140246614 -20.6 21.14805029709527
      vertex 24.405591163092364 -24 21.666710699058807
      vertex 24.12836140246614 -24 21.14805029709527
    endloop
  endfacet
  facet normal 0 -1 0
    outer loop
      vertex 25.237016841479686 -20.6 19.311169821742837
      vertex 25.134586495274185 -20.6 19.64883742037097
      vertex 25.233289300941195 -20.6 17.505591163092365
    endloop
  endfacet
  facet normal 0 -1 0
    outer loop
      vertex 25.233289300941195 -20.6 22.494408836907635
      vertex 24.778679656440357 -20.6 17.878679656440358
      vertex 25.134586495274185 -20.6 20.35116257962903
    endloop
  endfacet
  facet normal 0 -1 0
    outer loop
      vertex 25.134586495274185 -20.6 20.35116257962903
      vertex 24.778679656440357 -20.6 17.878679656440358
      vertex 25.1 -20.6 20
    endloop
  endfacet
  facet normal 0 -1 0
    outer loop
      vertex 25.1 -20.6 20
      vertex 24.778679656440357 -20.6 17.878679656440358
      vertex 25.134586495274185 -20.6 19.64883742037097
    endloop
  endfacet
  facet normal 0 -1 0
    outer loop
      vertex 25.627207793864216 -20.6 18.727207793864213
      vertex 25.40335469785542 -20.6 18.999973580564717
      vertex 25.233289300941195 -20.6 17.505591163092365
    endloop
  endfacet
  facet normal 0 -1 0
    outer loop
      vertex 25.40335469785542 -20.6 18.999973580564717
      vertex 25.237016841479686 -20.6 19.311169821742837
      vertex 25.233289300941195 -20.6 17.505591163092365
    endloop
  endfacet
  facet normal 0.47139673682599664 0 0.8819212643483556
    outer loop
      vertex 25.75194970290473 -20.6 17.228361402466142
      vertex 25.233289300941195 -20.6 17.505591163092365
      vertex 25.233289300941195 -24 17.505591163092365
    endloop
  endfacet
  facet normal 0 -1 0
    outer loop
      vertex 25.134586495274185 -20.6 19.64883742037097
      vertex 24.778679656440357 -20.6 17.878679656440358
      vertex 25.233289300941195 -20.6 17.505591163092365
    endloop
  endfacet
  facet normal 0.6343932841636433 0 0.7730104533627387
    outer loop
      vertex 25.233289300941195 -20.6 17.505591163092365
      vertex 24.778679656440357 -20.6 17.878679656440358
      vertex 24.778679656440357 -24 17.878679656440358
    endloop
  endfacet
  facet normal 0.6343932841636433 0 0.7730104533627387
    outer loop
      vertex 25.233289300941195 -20.6 17.505591163092365
      vertex 24.778679656440357 -24 17.878679656440358
      vertex 25.233289300941195 -24 17.505591163092365
    endloop
  endfacet
  facet normal 0 -1 0
    outer loop
      vertex 24.778679656440357 -20.6 22.121320343559642
      vertex 24.405591163092364 -20.6 18.333289300941193
      vertex 24.778679656440357 -20.6 17.878679656440358
    endloop
  endfacet
  facet normal 0 -1 0
    outer loop
      vertex 24.405591163092364 -20.6 21.666710699058807
      vertex 24.12836140246614 -20.6 21.14805029709527
      vertex 24.12836140246614 -20.6 18.85194970290473
    endloop
  endfacet
  facet normal 0 -1 0
    outer loop
      vertex 24.405591163092364 -20.6 21.666710699058807
      vertex 24.12836140246614 -20.6 18.85194970290473
      vertex 24.405591163092364 -20.6 18.333289300941193
    endloop
  endfacet
  facet normal 0.7730104533627363 0 0.6343932841636463
    outer loop
      vertex 24.778679656440357 -20.6 17.878679656440358
      vertex 24.405591163092364 -20.6 18.333289300941193
      vertex 24.405591163092364 -24 18.333289300941193
    endloop
  endfacet
  facet normal 0.8819212643483556 0 0.47139673682599664
    outer loop
      vertex 24.12836140246614 -20.6 18.85194970290473
      vertex 24.12836140246614 -24 18.85194970290473
      vertex 24.405591163092364 -20.6 18.333289300941193
    endloop
  endfacet
  facet normal 0.7730104533627363 0 0.6343932841636463
    outer loop
      vertex 24.778679656440357 -20.6 17.878679656440358
      vertex 24.405591163092364 -24 18.333289300941193
      vertex 24.778679656440357 -24 17.878679656440358
    endloop
  endfacet
  facet normal 0.8819212643483556 0 0.47139673682599664
    outer loop
      vertex 24.405591163092364 -20.6 18.333289300941193
      vertex 24.12836140246614 -24 18.85194970290473
      vertex 24.405591163092364 -24 18.333289300941193
    endloop
  endfacet
  facet normal 0.956940335732209 0 -0.2902846772544616
    outer loop
      vertex 24.12836140246614 -20.6 21.14805029709527
      vertex 24.12836140246614 -24 21.14805029709527
      vertex 23.95764415879031 -20.6 20.585270966048384
    endloop
  endfacet
  facet normal 0.956940335732209 0 -0.2902846772544616
    outer loop
      vertex 23.95764415879031 -20.6 20.585270966048384
      vertex 24.12836140246614 -24 21.14805029709527
      vertex 23.95764415879031 -24 20.585270966048384
    endloop
  endfacet
  facet normal 0 -1 0
    outer loop
      vertex 24.12836140246614 -20.6 21.14805029709527
      vertex 23.95764415879031 -20.6 20.585270966048384
      vertex 23.95764415879031 -20.6 19.414729033951616
    endloop
  endfacet
  facet normal 0 -1 0
    outer loop
      vertex 24.12836140246614 -20.6 21.14805029709527
      vertex 23.95764415879031 -20.6 19.414729033951616
      vertex 24.12836140246614 -20.6 18.85194970290473
    endloop
  endfacet
  facet normal 0 -1 0
    outer loop
      vertex 23.95764415879031 -20.6 20.585270966048384
      vertex 23.9 -20.6 20
      vertex 23.95764415879031 -20.6 19.414729033951616
    endloop
  endfacet
  facet normal 0.9951847266721965 0 -0.09801714032956384
    outer loop
      vertex 23.95764415879031 -20.6 20.585270966048384
      vertex 23.95764415879031 -24 20.585270966048384
      vertex 23.9 -20.6 20
    endloop
  endfacet
  facet normal 0.9951847266721965 0 0.09801714032956384
    outer loop
      vertex 23.9 -20.6 20
      vertex 23.9 -24 20
      vertex 23.95764415879031 -20.6 19.414729033951616
    endloop
  endfacet
  facet normal 0.956940335732209 0 0.2902846772544616
    outer loop
      vertex 24.12836140246614 -20.6 18.85194970290473
      vertex 23.95764415879031 -20.6 19.414729033951616
      vertex 23.95764415879031 -24 19.414729033951616
    endloop
  endfacet
  facet normal 0.9951847266721965 0 -0.09801714032956384
    outer loop
      vertex 23.9 -20.6 20
      vertex 23.95764415879031 -24 20.585270966048384
      vertex 23.9 -24 20
    endloop
  endfacet
  facet normal 0.956940335732209 0 0.2902846772544616
    outer loop
      vertex 24.12836140246614 -20.6 18.85194970290473
      vertex 23.95764415879031 -24 19.414729033951616
      vertex 24.12836140246614 -24 18.85194970290473
    endloop
  endfacet
  facet normal 0.9951847266721965 0 0.09801714032956384
    outer loop
      vertex 23.95764415879031 -20.6 19.414729033951616
      vertex 23.9 -24 20
      vertex 23.95764415879031 -24 19.414729033951616
    endloop
  endfacet
  facet normal -0.956940335732209 0 -0.2902846772544616
    outer loop
      vertex 16.04235584120969 -20.6 20.585270966048384
      vertex 16.04235584120969 -24 20.585270966048384
      vertex 15.87163859753386 -20.6 21.14805029709527
    endloop
  endfacet
  facet normal -0.956940335732209 0 -0.2902846772544616
    outer loop
      vertex 15.87163859753386 -20.6 21.14805029709527
      vertex 16.04235584120969 -24 20.585270966048384
      vertex 15.87163859753386 -24 21.14805029709527
    endloop
  endfacet
  facet normal 0 -1 0
    outer loop
      vertex 16.1 -20.6 20
      vertex 16.04235584120969 -20.6 20.585270966048384
      vertex 16.04235584120969 -20.6 19.414729033951616
    endloop
  endfacet
  facet normal 0 -1 0
    outer loop
      vertex 16.04235584120969 -20.6 20.585270966048384
      vertex 15.87163859753386 -20.6 21.14805029709527
      vertex 15.87163859753386 -20.6 18.85194970290473
    endloop
  endfacet
  facet normal -0.9951847266721965 0 -0.09801714032956384
    outer loop
      vertex 16.1 -20.6 20
      vertex 16.1 -24 20
      vertex 16.04235584120969 -20.6 20.585270966048384
    endloop
  endfacet
  facet normal 0 -1 0
    outer loop
      vertex 16.04235584120969 -20.6 20.585270966048384
      vertex 15.87163859753386 -20.6 18.85194970290473
      vertex 16.04235584120969 -20.6 19.414729033951616
    endloop
  endfacet
  facet normal -0.9951847266721965 0 0.09801714032956384
    outer loop
      vertex 16.1 -20.6 20
      vertex 16.04235584120969 -20.6 19.414729033951616
      vertex 16.04235584120969 -24 19.414729033951616
    endloop
  endfacet
  facet normal -0.956940335732209 0 0.2902846772544616
    outer loop
      vertex 16.04235584120969 -20.6 19.414729033951616
      vertex 15.87163859753386 -20.6 18.85194970290473
      vertex 15.87163859753386 -24 18.85194970290473
    endloop
  endfacet
  facet normal -0.9951847266721965 0 -0.09801714032956384
    outer loop
      vertex 16.04235584120969 -20.6 20.585270966048384
      vertex 16.1 -24 20
      vertex 16.04235584120969 -24 20.585270966048384
    endloop
  endfacet
  facet normal -0.9951847266721965 0 0.09801714032956384
    outer loop
      vertex 16.1 -20.6 20
      vertex 16.04235584120969 -24 19.414729033951616
      vertex 16.1 -24 20
    endloop
  endfacet
  facet normal -0.956940335732209 0 0.2902846772544616
    outer loop
      vertex 16.04235584120969 -20.6 19.414729033951616
      vertex 15.87163859753386 -24 18.85194970290473
      vertex 16.04235584120969 -24 19.414729033951616
    endloop
  endfacet
  facet normal -0.8819212643483556 0 -0.47139673682599664
    outer loop
      vertex 15.594408836907636 -20.6 21.666710699058807
      vertex 15.87163859753386 -20.6 21.14805029709527
      vertex 15.87163859753386 -24 21.14805029709527
    endloop
  endfacet
  facet normal -0.7730104533627363 0 -0.6343932841636463
    outer loop
      vertex 15.594408836907636 -20.6 21.666710699058807
      vertex 15.594408836907636 -24 21.666710699058807
      vertex 15.221320343559643 -20.6 22.121320343559642
    endloop
  endfacet
  facet normal -0.8819212643483556 0 -0.47139673682599664
    outer loop
      vertex 15.594408836907636 -20.6 21.666710699058807
      vertex 15.87163859753386 -24 21.14805029709527
      vertex 15.594408836907636 -24 21.666710699058807
    endloop
  endfacet
  facet normal -0.7730104533627363 0 -0.6343932841636463
    outer loop
      vertex 15.221320343559643 -20.6 22.121320343559642
      vertex 15.594408836907636 -24 21.666710699058807
      vertex 15.221320343559643 -24 22.121320343559642
    endloop
  endfacet
  facet normal 0 -1 0
    outer loop
      vertex 15.221320343559643 -20.6 22.121320343559642
      vertex 14.766710699058805 -20.6 22.494408836907635
      vertex 14.865413504725815 -20.6 20.35116257962903
    endloop
  endfacet
  facet normal -0.6343932841636433 0 -0.7730104533627387
    outer loop
      vertex 15.221320343559643 -20.6 22.121320343559642
      vertex 15.221320343559643 -24 22.121320343559642
      vertex 14.766710699058805 -20.6 22.494408836907635
    endloop
  endfacet
  facet normal 0 -1 0
    outer loop
      vertex 15.221320343559643 -20.6 22.121320343559642
      vertex 14.865413504725815 -20.6 20.35116257962903
      vertex 14.899999999999999 -20.6 20
    endloop
  endfacet
  facet normal -0.47139673682599664 0 -0.8819212643483556
    outer loop
      vertex 14.766710699058805 -20.6 22.494408836907635
      vertex 14.766710699058805 -24 22.494408836907635
      vertex 14.248050297095268 -20.6 22.771638597533858
    endloop
  endfacet
  facet normal 0 -1 0
    outer loop
      vertex 14.766710699058805 -20.6 22.494408836907635
      vertex 14.762983158520315 -20.6 20.688830178257163
      vertex 14.865413504725815 -20.6 20.35116257962903
    endloop
  endfacet
  facet normal 0 -1 0
    outer loop
      vertex 14.766710699058805 -20.6 22.494408836907635
      vertex 14.59664530214458 -20.6 21.000026419435283
      vertex 14.762983158520315 -20.6 20.688830178257163
    endloop
  endfacet
  facet normal 0 -1 0
    outer loop
      vertex 14.766710699058805 -20.6 22.494408836907635
      vertex 14.372792206135784 -20.6 21.272792206135787
      vertex 14.59664530214458 -20.6 21.000026419435283
    endloop
  endfacet
  facet normal -0.6343932841636433 0 -0.7730104533627387
    outer loop
      vertex 14.766710699058805 -20.6 22.494408836907635
      vertex 15.221320343559643 -24 22.121320343559642
      vertex 14.766710699058805 -24 22.494408836907635
    endloop
  endfacet
  facet normal 0 -1 0
    outer loop
      vertex 15.594408836907636 -20.6 21.666710699058807
      vertex 15.594408836907636 -20.6 18.333289300941193
      vertex 15.87163859753386 -20.6 21.14805029709527
    endloop
  endfacet
  facet normal 0 -1 0
    outer loop
      vertex 15.87163859753386 -20.6 21.14805029709527
      vertex 15.594408836907636 -20.6 18.333289300941193
      vertex 15.87163859753386 -20.6 18.85194970290473
    endloop
  endfacet
  facet normal 0 -1 0
    outer loop
      vertex 15.594408836907636 -20.6 21.666710699058807
      vertex 15.221320343559643 -20.6 22.121320343559642
      vertex 15.221320343559643 -20.6 17.878679656440358
    endloop
  endfacet
  facet normal 0 -1 0
    outer loop
      vertex 15.594408836907636 -20.6 21.666710699058807
      vertex 15.221320343559643 -20.6 17.878679656440358
      vertex 15.594408836907636 -20.6 18.333289300941193
    endloop
  endfacet
  facet normal -0.8819212643483556 0 0.47139673682599664
    outer loop
      vertex 15.87163859753386 -20.6 18.85194970290473
      vertex 15.594408836907636 -20.6 18.333289300941193
      vertex 15.594408836907636 -24 18.333289300941193
    endloop
  endfacet
  facet normal -0.7730104533627363 0 0.6343932841636463
    outer loop
      vertex 15.594408836907636 -20.6 18.333289300941193
      vertex 15.221320343559643 -20.6 17.878679656440358
      vertex 15.221320343559643 -24 17.878679656440358
    endloop
  endfacet
  facet normal -0.8819212643483556 0 0.47139673682599664
    outer loop
      vertex 15.87163859753386 -20.6 18.85194970290473
      vertex 15.594408836907636 -24 18.333289300941193
      vertex 15.87163859753386 -24 18.85194970290473
    endloop
  endfacet
  facet normal -0.7730104533627363 0 0.6343932841636463
    outer loop
      vertex 15.594408836907636 -20.6 18.333289300941193
      vertex 15.221320343559643 -24 17.878679656440358
      vertex 15.594408836907636 -24 18.333289300941193
    endloop
  endfacet
  facet normal 0 -1 0
    outer loop
      vertex 15.221320343559643 -20.6 22.121320343559642
      vertex 14.899999999999999 -20.6 20
      vertex 14.865413504725815 -20.6 19.64883742037097
    endloop
  endfacet
  facet normal 0 -1 0
    outer loop
      vertex 15.221320343559643 -20.6 22.121320343559642
      vertex 14.865413504725815 -20.6 19.64883742037097
      vertex 14.766710699058805 -20.6 17.505591163092365
    endloop
  endfacet
  facet normal 0 -1 0
    outer loop
      vertex 15.221320343559643 -20.6 22.121320343559642
      vertex 14.766710699058805 -20.6 17.505591163092365
      vertex 15.221320343559643 -20.6 17.878679656440358
    endloop
  endfacet
  facet normal 0 -1 0
    outer loop
      vertex 14.865413504725815 -20.6 19.64883742037097
      vertex 14.762983158520315 -20.6 19.311169821742837
      vertex 14.766710699058805 -20.6 17.505591163092365
    endloop
  endfacet
  facet normal -0.6343932841636433 0 0.7730104533627387
    outer loop
      vertex 15.221320343559643 -20.6 17.878679656440358
      vertex 14.766710699058805 -20.6 17.505591163092365
      vertex 14.766710699058805 -24 17.505591163092365
    endloop
  endfacet
  facet normal 0 -1 0
    outer loop
      vertex 14.762983158520315 -20.6 19.311169821742837
      vertex 14.59664530214458 -20.6 18.999973580564717
      vertex 14.766710699058805 -20.6 17.505591163092365
    endloop
  endfacet
  facet normal 0 -1 0
    outer loop
      vertex 14.59664530214458 -20.6 18.999973580564717
      vertex 14.372792206135784 -20.6 18.727207793864213
      vertex 14.766710699058805 -20.6 17.505591163092365
    endloop
  endfacet
  facet normal -0.6343932841636433 0 0.7730104533627387
    outer loop
      vertex 15.221320343559643 -20.6 17.878679656440358
      vertex 14.766710699058805 -24 17.505591163092365
      vertex 15.221320343559643 -24 17.878679656440358
    endloop
  endfacet
  facet normal -0.47139673682599664 0 0.8819212643483556
    outer loop
      vertex 14.766710699058805 -20.6 17.505591163092365
      vertex 14.248050297095268 -24 17.228361402466142
      vertex 14.766710699058805 -24 17.505591163092365
    endloop
  endfacet
  facet normal -0.29028467725446333 0 -0.9569403357322086
    outer loop
      vertex 14.248050297095268 -20.6 22.771638597533858
      vertex 14.248050297095268 -24 22.771638597533858
      vertex 13.685270966048385 -20.6 22.94235584120969
    endloop
  endfacet
  facet normal -0.47139673682599664 0 -0.8819212643483556
    outer loop
      vertex 14.248050297095268 -20.6 22.771638597533858
      vertex 14.766710699058805 -24 22.494408836907635
      vertex 14.248050297095268 -24 22.771638597533858
    endloop
  endfacet
  facet normal -0.29028467725446333 0 -0.9569403357322086
    outer loop
      vertex 13.685270966048385 -20.6 22.94235584120969
      vertex 14.248050297095268 -24 22.771638597533858
      vertex 13.685270966048385 -24 22.94235584120969
    endloop
  endfacet
  facet normal 0 -1 0
    outer loop
      vertex 14.766710699058805 -20.6 22.494408836907635
      vertex 14.248050297095268 -20.6 22.771638597533858
      vertex 14.372792206135784 -20.6 21.272792206135787
    endloop
  endfacet
  facet normal 0 -1 0
    outer loop
      vertex 14.248050297095268 -20.6 22.771638597533858
      vertex 14.100026419435284 -20.6 21.496645302144582
      vertex 14.372792206135784 -20.6 21.272792206135787
    endloop
  endfacet
  facet normal 0 -1 0
    outer loop
      vertex 14.248050297095268 -20.6 22.771638597533858
      vertex 13.788830178257161 -20.6 21.662983158520316
      vertex 14.100026419435284 -20.6 21.496645302144582
    endloop
  endfacet
  facet normal 0 -1 0
    outer loop
      vertex 14.248050297095268 -20.6 22.771638597533858
      vertex 13.685270966048385 -20.6 22.94235584120969
      vertex 13.788830178257161 -20.6 21.662983158520316
    endloop
  endfacet
  facet normal -0.09801714032956355 0 -0.9951847266721966
    outer loop
      vertex 13.685270966048385 -20.6 22.94235584120969
      vertex 13.685270966048385 -24 22.94235584120969
      vertex 13.1 -20.6 23
    endloop
  endfacet
  facet normal -0.09801714032956355 0 -0.9951847266721966
    outer loop
      vertex 13.1 -20.6 23
      vertex 13.685270966048385 -24 22.94235584120969
      vertex 13.1 -24 23
    endloop
  endfacet
  facet normal 0 -1 0
    outer loop
      vertex 13.685270966048385 -20.6 22.94235584120969
      vertex 13.451162579629031 -20.6 21.765413504725814
      vertex 13.788830178257161 -20.6 21.662983158520316
    endloop
  endfacet
  facet normal 0 -1 0
    outer loop
      vertex 13.685270966048385 -20.6 22.94235584120969
      vertex 13.1 -20.6 23
      vertex 13.451162579629031 -20.6 21.765413504725814
    endloop
  endfacet
  facet normal 0 -1 0
    outer loop
      vertex 13.451162579629031 -20.6 21.765413504725814
      vertex 13.1 -20.6 23
      vertex 13.1 -20.6 21.8
    endloop
  endfacet
  facet normal 0 -1 0
    outer loop
      vertex 14.766710699058805 -20.6 17.505591163092365
      vertex 14.372792206135784 -20.6 18.727207793864213
      vertex 14.248050297095268 -20.6 17.228361402466142
    endloop
  endfacet
  facet normal 0 -1 0
    outer loop
      vertex 14.372792206135784 -20.6 18.727207793864213
      vertex 14.100026419435284 -20.6 18.503354697855418
      vertex 14.248050297095268 -20.6 17.228361402466142
    endloop
  endfacet
  facet normal -0.47139673682599664 0 0.8819212643483556
    outer loop
      vertex 14.766710699058805 -20.6 17.505591163092365
      vertex 14.248050297095268 -20.6 17.228361402466142
      vertex 14.248050297095268 -24 17.228361402466142
    endloop
  endfacet
  facet normal 0 -1 0
    outer loop
      vertex 14.248050297095268 -20.6 17.228361402466142
      vertex 14.100026419435284 -20.6 18.503354697855418
      vertex 13.788830178257161 -20.6 18.337016841479684
    endloop
  endfacet
  facet normal 0 -1 0
    outer loop
      vertex 14.248050297095268 -20.6 17.228361402466142
      vertex 13.788830178257161 -20.6 18.337016841479684
      vertex 13.685270966048385 -20.6 17.05764415879031
    endloop
  endfacet
  facet normal -0.29028467725446333 0 0.9569403357322086
    outer loop
      vertex 14.248050297095268 -20.6 17.228361402466142
      vertex 13.685270966048385 -20.6 17.05764415879031
      vertex 13.685270966048385 -24 17.05764415879031
    endloop
  endfacet
  facet normal -0.29028467725446333 0 0.9569403357322086
    outer loop
      vertex 14.248050297095268 -20.6 17.228361402466142
      vertex 13.685270966048385 -24 17.05764415879031
      vertex 14.248050297095268 -24 17.228361402466142
    endloop
  endfacet
  facet normal 0 -1 0
    outer loop
      vertex 13.788830178257161 -20.6 18.337016841479684
      vertex 13.451162579629031 -20.6 18.234586495274186
      vertex 13.685270966048385 -20.6 17.05764415879031
    endloop
  endfacet
  facet normal 0 -1 0
    outer loop
      vertex 13.685270966048385 -20.6 17.05764415879031
      vertex 13.451162579629031 -20.6 18.234586495274186
      vertex 13.1 -20.6 18.2
    endloop
  endfacet
  facet normal 0 -1 0
    outer loop
      vertex 13.685270966048385 -20.6 17.05764415879031
      vertex 13.1 -20.6 18.2
      vertex 13.1 -20.6 17
    endloop
  endfacet
  facet normal -0.09801714032956355 0 0.9951847266721966
    outer loop
      vertex 13.685270966048385 -20.6 17.05764415879031
      vertex 13.1 -20.6 17
      vertex 13.1 -24 17
    endloop
  endfacet
  facet normal -0.09801714032956355 0 0.9951847266721966
    outer loop
      vertex 13.685270966048385 -20.6 17.05764415879031
      vertex 13.1 -24 17
      vertex 13.685270966048385 -24 17.05764415879031
    endloop
  endfacet
  facet normal 0.09801714032956355 0 -0.9951847266721966
    outer loop
      vertex 13.1 -20.6 23
      vertex 13.1 -24 23
      vertex 12.514729033951614 -20.6 22.94235584120969
    endloop
  endfacet
  facet normal 0.09801714032956355 0 -0.9951847266721966
    outer loop
      vertex 12.514729033951614 -20.6 22.94235584120969
      vertex 13.1 -24 23
      vertex 12.514729033951614 -24 22.94235584120969
    endloop
  endfacet
  facet normal 0 -1 0
    outer loop
      vertex 13.1 -20.6 23
      vertex 12.514729033951614 -20.6 22.94235584120969
      vertex 13.1 -20.6 21.8
    endloop
  endfacet
  facet normal 0 -1 0
    outer loop
      vertex 12.514729033951614 -20.6 22.94235584120969
      vertex 12.748837420370968 -20.6 21.765413504725814
      vertex 13.1 -20.6 21.8
    endloop
  endfacet
  facet normal 0 -1 0
    outer loop
      vertex 12.514729033951614 -20.6 22.94235584120969
      vertex 12.411169821742838 -20.6 21.662983158520316
      vertex 12.748837420370968 -20.6 21.765413504725814
    endloop
  endfacet
  facet normal 0.29028467725446333 0 -0.9569403357322086
    outer loop
      vertex 12.514729033951614 -20.6 22.94235584120969
      vertex 12.514729033951614 -24 22.94235584120969
      vertex 11.95194970290473 -20.6 22.771638597533858
    endloop
  endfacet
  facet normal 0.47139673682599664 0 -0.8819212643483556
    outer loop
      vertex 11.95194970290473 -20.6 22.771638597533858
      vertex 11.95194970290473 -24 22.771638597533858
      vertex 11.433289300941194 -20.6 22.494408836907635
    endloop
  endfacet
  facet normal 0.29028467725446333 0 -0.9569403357322086
    outer loop
      vertex 11.95194970290473 -20.6 22.771638597533858
      vertex 12.514729033951614 -24 22.94235584120969
      vertex 11.95194970290473 -24 22.771638597533858
    endloop
  endfacet
  facet normal 0 -1 0
    outer loop
      vertex 12.514729033951614 -20.6 22.94235584120969
      vertex 11.95194970290473 -20.6 22.771638597533858
      vertex 12.411169821742838 -20.6 21.662983158520316
    endloop
  endfacet
  facet normal 0 -1 0
    outer loop
      vertex 11.95194970290473 -20.6 22.771638597533858
      vertex 12.099973580564715 -20.6 21.496645302144582
      vertex 12.411169821742838 -20.6 21.662983158520316
    endloop
  endfacet
  facet normal 0 -1 0
    outer loop
      vertex 11.95194970290473 -20.6 22.771638597533858
      vertex 11.827207793864215 -20.6 21.272792206135787
      vertex 12.099973580564715 -20.6 21.496645302144582
    endloop
  endfacet
  facet normal 0 -1 0
    outer loop
      vertex 13.1 -20.6 18.2
      vertex 12.748837420370968 -20.6 18.234586495274186
      vertex 13.1 -20.6 17
    endloop
  endfacet
  facet normal 0 -1 0
    outer loop
      vertex 13.1 -20.6 17
      vertex 12.748837420370968 -20.6 18.234586495274186
      vertex 12.514729033951614 -20.6 17.05764415879031
    endloop
  endfacet
  facet normal 0 -1 0
    outer loop
      vertex 12.748837420370968 -20.6 18.234586495274186
      vertex 12.411169821742838 -20.6 18.337016841479684
      vertex 12.514729033951614 -20.6 17.05764415879031
    endloop
  endfacet
  facet normal 0.09801714032956355 0 0.9951847266721966
    outer loop
      vertex 13.1 -20.6 17
      vertex 12.514729033951614 -20.6 17.05764415879031
      vertex 12.514729033951614 -24 17.05764415879031
    endloop
  endfacet
  facet normal 0.09801714032956355 0 0.9951847266721966
    outer loop
      vertex 13.1 -20.6 17
      vertex 12.514729033951614 -24 17.05764415879031
      vertex 13.1 -24 17
    endloop
  endfacet
  facet normal 0 -1 0
    outer loop
      vertex 12.411169821742838 -20.6 18.337016841479684
      vertex 12.099973580564715 -20.6 18.503354697855418
      vertex 11.95194970290473 -20.6 17.228361402466142
    endloop
  endfacet
  facet normal 0 -1 0
    outer loop
      vertex 12.514729033951614 -20.6 17.05764415879031
      vertex 12.411169821742838 -20.6 18.337016841479684
      vertex 11.95194970290473 -20.6 17.228361402466142
    endloop
  endfacet
  facet normal 0.29028467725446333 0 0.9569403357322086
    outer loop
      vertex 12.514729033951614 -20.6 17.05764415879031
      vertex 11.95194970290473 -20.6 17.228361402466142
      vertex 11.95194970290473 -24 17.228361402466142
    endloop
  endfacet
  facet normal 0 -1 0
    outer loop
      vertex 12.099973580564715 -20.6 18.503354697855418
      vertex 11.827207793864215 -20.6 18.727207793864213
      vertex 11.95194970290473 -20.6 17.228361402466142
    endloop
  endfacet
  facet normal 0.29028467725446333 0 0.9569403357322086
    outer loop
      vertex 12.514729033951614 -20.6 17.05764415879031
      vertex 11.95194970290473 -24 17.228361402466142
      vertex 12.514729033951614 -24 17.05764415879031
    endloop
  endfacet
  facet normal 0.47139673682599664 0 0.8819212643483556
    outer loop
      vertex 11.95194970290473 -20.6 17.228361402466142
      vertex 11.433289300941194 -24 17.505591163092365
      vertex 11.95194970290473 -24 17.228361402466142
    endloop
  endfacet
  facet normal 0 -1 0
    outer loop
      vertex 11.95194970290473 -20.6 22.771638597533858
      vertex 11.433289300941194 -20.6 22.494408836907635
      vertex 11.827207793864215 -20.6 21.272792206135787
    endloop
  endfacet
  facet normal 0 -1 0
    outer loop
      vertex 11.827207793864215 -20.6 21.272792206135787
      vertex 11.433289300941194 -20.6 22.494408836907635
      vertex 11.60335469785542 -20.6 21.000026419435283
    endloop
  endfacet
  facet normal 0 -1 0
    outer loop
      vertex 11.433289300941194 -20.6 22.494408836907635
      vertex 11.437016841479684 -20.6 20.688830178257163
      vertex 11.60335469785542 -20.6 21.000026419435283
    endloop
  endfacet
  facet normal 0.6343932841636433 0 -0.7730104533627387
    outer loop
      vertex 11.433289300941194 -20.6 22.494408836907635
      vertex 11.433289300941194 -24 22.494408836907635
      vertex 10.978679656440356 -20.6 22.121320343559642
    endloop
  endfacet
  facet normal 0 -1 0
    outer loop
      vertex 11.433289300941194 -20.6 22.494408836907635
      vertex 11.334586495274184 -20.6 20.35116257962903
      vertex 11.437016841479684 -20.6 20.688830178257163
    endloop
  endfacet
  facet normal 0 -1 0
    outer loop
      vertex 11.433289300941194 -20.6 22.494408836907635
      vertex 10.978679656440356 -20.6 22.121320343559642
      vertex 10.978679656440356 -20.6 17.878679656440358
    endloop
  endfacet
  facet normal 0.47139673682599664 0 -0.8819212643483556
    outer loop
      vertex 11.433289300941194 -20.6 22.494408836907635
      vertex 11.95194970290473 -24 22.771638597533858
      vertex 11.433289300941194 -24 22.494408836907635
    endloop
  endfacet
  facet normal 0.6343932841636433 0 -0.7730104533627387
    outer loop
      vertex 10.978679656440356 -20.6 22.121320343559642
      vertex 11.433289300941194 -24 22.494408836907635
      vertex 10.978679656440356 -24 22.121320343559642
    endloop
  endfacet
  facet normal 0.7730104533627363 0 -0.6343932841636463
    outer loop
      vertex 10.978679656440356 -20.6 22.121320343559642
      vertex 10.978679656440356 -24 22.121320343559642
      vertex 10.605591163092363 -20.6 21.666710699058807
    endloop
  endfacet
  facet normal 0 -1 0
    outer loop
      vertex 10.978679656440356 -20.6 22.121320343559642
      vertex 10.605591163092363 -20.6 21.666710699058807
      vertex 10.605591163092363 -20.6 18.333289300941193
    endloop
  endfacet
  facet normal 0.8819212643483556 0 -0.47139673682599664
    outer loop
      vertex 10.605591163092363 -20.6 21.666710699058807
      vertex 10.605591163092363 -24 21.666710699058807
      vertex 10.32836140246614 -20.6 21.14805029709527
    endloop
  endfacet
  facet normal 0.7730104533627363 0 -0.6343932841636463
    outer loop
      vertex 10.605591163092363 -20.6 21.666710699058807
      vertex 10.978679656440356 -24 22.121320343559642
      vertex 10.605591163092363 -24 21.666710699058807
    endloop
  endfacet
  facet normal 0.8819212643483556 0 -0.47139673682599664
    outer loop
      vertex 10.32836140246614 -20.6 21.14805029709527
      vertex 10.605591163092363 -24 21.666710699058807
      vertex 10.32836140246614 -24 21.14805029709527
    endloop
  endfacet
  facet normal 0 -1 0
    outer loop
      vertex 11.433289300941194 -20.6 22.494408836907635
      vertex 10.978679656440356 -20.6 17.878679656440358
      vertex 11.334586495274184 -20.6 20.35116257962903
    endloop
  endfacet
  facet normal 0 -1 0
    outer loop
      vertex 11.437016841479684 -20.6 19.311169821742837
      vertex 11.334586495274184 -20.6 19.64883742037097
      vertex 11.433289300941194 -20.6 17.505591163092365
    endloop
  endfacet
  facet normal 0 -1 0
    outer loop
      vertex 11.334586495274184 -20.6 20.35116257962903
      vertex 10.978679656440356 -20.6 17.878679656440358
      vertex 11.299999999999999 -20.6 20
    endloop
  endfacet
  facet normal 0 -1 0
    outer loop
      vertex 11.299999999999999 -20.6 20
      vertex 10.978679656440356 -20.6 17.878679656440358
      vertex 11.334586495274184 -20.6 19.64883742037097
    endloop
  endfacet
  facet normal 0 -1 0
    outer loop
      vertex 11.827207793864215 -20.6 18.727207793864213
      vertex 11.60335469785542 -20.6 18.999973580564717
      vertex 11.433289300941194 -20.6 17.505591163092365
    endloop
  endfacet
  facet normal 0 -1 0
    outer loop
      vertex 11.827207793864215 -20.6 18.727207793864213
      vertex 11.433289300941194 -20.6 17.505591163092365
      vertex 11.95194970290473 -20.6 17.228361402466142
    endloop
  endfacet
  facet normal 0 -1 0
    outer loop
      vertex 11.60335469785542 -20.6 18.999973580564717
      vertex 11.437016841479684 -20.6 19.311169821742837
      vertex 11.433289300941194 -20.6 17.505591163092365
    endloop
  endfacet
  facet normal 0.47139673682599664 0 0.8819212643483556
    outer loop
      vertex 11.95194970290473 -20.6 17.228361402466142
      vertex 11.433289300941194 -20.6 17.505591163092365
      vertex 11.433289300941194 -24 17.505591163092365
    endloop
  endfacet
  facet normal 0 -1 0
    outer loop
      vertex 11.334586495274184 -20.6 19.64883742037097
      vertex 10.978679656440356 -20.6 17.878679656440358
      vertex 11.433289300941194 -20.6 17.505591163092365
    endloop
  endfacet
  facet normal 0.6343932841636433 0 0.7730104533627387
    outer loop
      vertex 11.433289300941194 -20.6 17.505591163092365
      vertex 10.978679656440356 -20.6 17.878679656440358
      vertex 10.978679656440356 -24 17.878679656440358
    endloop
  endfacet
  facet normal 0.6343932841636433 0 0.7730104533627387
    outer loop
      vertex 11.433289300941194 -20.6 17.505591163092365
      vertex 10.978679656440356 -24 17.878679656440358
      vertex 11.433289300941194 -24 17.505591163092365
    endloop
  endfacet
  facet normal 0 -1 0
    outer loop
      vertex 10.978679656440356 -20.6 22.121320343559642
      vertex 10.605591163092363 -20.6 18.333289300941193
      vertex 10.978679656440356 -20.6 17.878679656440358
    endloop
  endfacet
  facet normal 0 -1 0
    outer loop
      vertex 10.605591163092363 -20.6 21.666710699058807
      vertex 10.32836140246614 -20.6 21.14805029709527
      vertex 10.32836140246614 -20.6 18.85194970290473
    endloop
  endfacet
  facet normal 0 -1 0
    outer loop
      vertex 10.605591163092363 -20.6 21.666710699058807
      vertex 10.32836140246614 -20.6 18.85194970290473
      vertex 10.605591163092363 -20.6 18.333289300941193
    endloop
  endfacet
  facet normal 0.7730104533627363 0 0.6343932841636463
    outer loop
      vertex 10.978679656440356 -20.6 17.878679656440358
      vertex 10.605591163092363 -20.6 18.333289300941193
      vertex 10.605591163092363 -24 18.333289300941193
    endloop
  endfacet
  facet normal 0.8819212643483556 0 0.47139673682599664
    outer loop
      vertex 10.605591163092363 -20.6 18.333289300941193
      vertex 10.32836140246614 -20.6 18.85194970290473
      vertex 10.32836140246614 -24 18.85194970290473
    endloop
  endfacet
  facet normal 0.7730104533627363 0 0.6343932841636463
    outer loop
      vertex 10.978679656440356 -20.6 17.878679656440358
      vertex 10.605591163092363 -24 18.333289300941193
      vertex 10.978679656440356 -24 17.878679656440358
    endloop
  endfacet
  facet normal 0.8819212643483556 0 0.47139673682599664
    outer loop
      vertex 10.605591163092363 -20.6 18.333289300941193
      vertex 10.32836140246614 -24 18.85194970290473
      vertex 10.605591163092363 -24 18.333289300941193
    endloop
  endfacet
  facet normal 0.956940335732209 0 -0.2902846772544616
    outer loop
      vertex 10.32836140246614 -20.6 21.14805029709527
      vertex 10.32836140246614 -24 21.14805029709527
      vertex 10.157644158790308 -20.6 20.585270966048384
    endloop
  endfacet
  facet normal 0.956940335732209 0 -0.2902846772544616
    outer loop
      vertex 10.157644158790308 -20.6 20.585270966048384
      vertex 10.32836140246614 -24 21.14805029709527
      vertex 10.157644158790308 -24 20.585270966048384
    endloop
  endfacet
  facet normal 0 -1 0
    outer loop
      vertex 10.32836140246614 -20.6 21.14805029709527
      vertex 10.157644158790308 -20.6 20.585270966048384
      vertex 10.157644158790308 -20.6 19.414729033951616
    endloop
  endfacet
  facet normal 0 -1 0
    outer loop
      vertex 10.32836140246614 -20.6 21.14805029709527
      vertex 10.157644158790308 -20.6 19.414729033951616
      vertex 10.32836140246614 -20.6 18.85194970290473
    endloop
  endfacet
  facet normal 0 -1 0
    outer loop
      vertex 10.157644158790308 -20.6 20.585270966048384
      vertex 10.1 -20.6 20
      vertex 10.157644158790308 -20.6 19.414729033951616
    endloop
  endfacet
  facet normal 0.9951847266721968 0 -0.09801714032956084
    outer loop
      vertex 10.157644158790308 -20.6 20.585270966048384
      vertex 10.157644158790308 -24 20.585270966048384
      vertex 10.1 -20.6 20
    endloop
  endfacet
  facet normal 0.9951847266721968 0 0.09801714032956084
    outer loop
      vertex 10.1 -20.6 20
      vertex 10.1 -24 20
      vertex 10.157644158790308 -20.6 19.414729033951616
    endloop
  endfacet
  facet normal 0.956940335732209 0 0.2902846772544616
    outer loop
      vertex 10.32836140246614 -20.6 18.85194970290473
      vertex 10.157644158790308 -20.6 19.414729033951616
      vertex 10.157644158790308 -24 19.414729033951616
    endloop
  endfacet
  facet normal 0.9951847266721968 0 -0.09801714032956084
    outer loop
      vertex 10.1 -20.6 20
      vertex 10.157644158790308 -24 20.585270966048384
      vertex 10.1 -24 20
    endloop
  endfacet
  facet normal 0.956940335732209 0 0.2902846772544616
    outer loop
      vertex 10.32836140246614 -20.6 18.85194970290473
      vertex 10.157644158790308 -24 19.414729033951616
      vertex 10.32836140246614 -24 18.85194970290473
    endloop
  endfacet
  facet normal 0.9951847266721968 0 0.09801714032956084
    outer loop
      vertex 10.157644158790308 -20.6 19.414729033951616
      vertex 10.1 -24 20
      vertex 10.157644158790308 -24 19.414729033951616
    endloop
  endfacet
  facet normal -0.9569403357322086 0 -0.29028467725446333
    outer loop
      vertex 22.94235584120969 -20.6 27.485270966048386
      vertex 22.94235584120969 -24 27.485270966048386
      vertex 22.771638597533858 -20.6 28.04805029709527
    endloop
  endfacet
  facet normal 0 -1 0
    outer loop
      vertex 22.94235584120969 -20.6 27.485270966048386
      vertex 22.94235584120969 -20.6 26.314729033951615
      vertex 23 -20.6 26.9
    endloop
  endfacet
  facet normal 0 -1 0
    outer loop
      vertex 22.94235584120969 -20.6 27.485270966048386
      vertex 22.771638597533858 -20.6 28.04805029709527
      vertex 22.771638597533858 -20.6 25.75194970290473
    endloop
  endfacet
  facet normal 0 -1 0
    outer loop
      vertex 22.94235584120969 -20.6 27.485270966048386
      vertex 22.771638597533858 -20.6 25.75194970290473
      vertex 22.94235584120969 -20.6 26.314729033951615
    endloop
  endfacet
  facet normal -0.9951847266721966 0 -0.09801714032956325
    outer loop
      vertex 22.94235584120969 -20.6 27.485270966048386
      vertex 23 -20.6 26.9
      vertex 23 -24 26.9
    endloop
  endfacet
  facet normal -0.9951847266721965 0 0.09801714032956384
    outer loop
      vertex 23 -20.6 26.9
      vertex 22.94235584120969 -20.6 26.314729033951615
      vertex 22.94235584120969 -24 26.314729033951615
    endloop
  endfacet
  facet normal -0.9569403357322086 0 -0.29028467725446333
    outer loop
      vertex 22.771638597533858 -20.6 28.04805029709527
      vertex 22.94235584120969 -24 27.485270966048386
      vertex 22.771638597533858 -24 28.04805029709527
    endloop
  endfacet
  facet normal -0.9951847266721966 0 -0.09801714032956325
    outer loop
      vertex 22.94235584120969 -20.6 27.485270966048386
      vertex 23 -24 26.9
      vertex 22.94235584120969 -24 27.485270966048386
    endloop
  endfacet
  facet normal -0.9951847266721965 0 0.09801714032956384
    outer loop
      vertex 23 -20.6 26.9
      vertex 22.94235584120969 -24 26.314729033951615
      vertex 23 -24 26.9
    endloop
  endfacet
  facet normal -0.9569403357322086 0 0.29028467725446333
    outer loop
      vertex 22.94235584120969 -20.6 26.314729033951615
      vertex 22.771638597533858 -20.6 25.75194970290473
      vertex 22.771638597533858 -24 25.75194970290473
    endloop
  endfacet
  facet normal -0.9569403357322086 0 0.29028467725446333
    outer loop
      vertex 22.94235584120969 -20.6 26.314729033951615
      vertex 22.771638597533858 -24 25.75194970290473
      vertex 22.94235584120969 -24 26.314729033951615
    endloop
  endfacet
  facet normal -0.7730104533627387 0 -0.6343932841636433
    outer loop
      vertex 22.494408836907635 -20.6 28.566710699058806
      vertex 22.494408836907635 -24 28.566710699058806
      vertex 22.121320343559642 -20.6 29.021320343559644
    endloop
  endfacet
  facet normal -0.7730104533627387 0 -0.6343932841636433
    outer loop
      vertex 22.121320343559642 -20.6 29.021320343559644
      vertex 22.494408836907635 -24 28.566710699058806
      vertex 22.121320343559642 -24 29.021320343559644
    endloop
  endfacet
  facet normal 0 -1 0
    outer loop
      vertex 22.121320343559642 -20.6 29.021320343559644
      vertex 21.666710699058807 -20.6 29.394408836907637
      vertex 21.765413504725814 -20.6 27.25116257962903
    endloop
  endfacet
  facet normal -0.6343932841636463 0 -0.7730104533627363
    outer loop
      vertex 22.121320343559642 -20.6 29.021320343559644
      vertex 22.121320343559642 -24 29.021320343559644
      vertex 21.666710699058807 -20.6 29.394408836907637
    endloop
  endfacet
  facet normal -0.47139673682599664 0 -0.8819212643483556
    outer loop
      vertex 21.666710699058807 -20.6 29.394408836907637
      vertex 21.666710699058807 -24 29.394408836907637
      vertex 21.14805029709527 -20.6 29.67163859753386
    endloop
  endfacet
  facet normal 0 -1 0
    outer loop
      vertex 21.666710699058807 -20.6 29.394408836907637
      vertex 21.272792206135787 -20.6 28.172792206135785
      vertex 21.496645302144582 -20.6 27.900026419435285
    endloop
  endfacet
  facet normal -0.6343932841636463 0 -0.7730104533627363
    outer loop
      vertex 21.666710699058807 -20.6 29.394408836907637
      vertex 22.121320343559642 -24 29.021320343559644
      vertex 21.666710699058807 -24 29.394408836907637
    endloop
  endfacet
  facet normal -0.8819212643483556 0 -0.47139673682599664
    outer loop
      vertex 22.771638597533858 -20.6 28.04805029709527
      vertex 22.771638597533858 -24 28.04805029709527
      vertex 22.494408836907635 -20.6 28.566710699058806
    endloop
  endfacet
  facet normal 0 -1 0
    outer loop
      vertex 22.771638597533858 -20.6 28.04805029709527
      vertex 22.494408836907635 -20.6 28.566710699058806
      vertex 22.494408836907635 -20.6 25.233289300941195
    endloop
  endfacet
  facet normal 0 -1 0
    outer loop
      vertex 22.494408836907635 -20.6 28.566710699058806
      vertex 22.121320343559642 -20.6 29.021320343559644
      vertex 22.121320343559642 -20.6 24.778679656440357
    endloop
  endfacet
  facet normal -0.8819212643483556 0 -0.47139673682599664
    outer loop
      vertex 22.494408836907635 -20.6 28.566710699058806
      vertex 22.771638597533858 -24 28.04805029709527
      vertex 22.494408836907635 -24 28.566710699058806
    endloop
  endfacet
  facet normal 0 -1 0
    outer loop
      vertex 22.771638597533858 -20.6 28.04805029709527
      vertex 22.494408836907635 -20.6 25.233289300941195
      vertex 22.771638597533858 -20.6 25.75194970290473
    endloop
  endfacet
  facet normal -0.8819212643483556 0 0.47139673682599664
    outer loop
      vertex 22.771638597533858 -20.6 25.75194970290473
      vertex 22.494408836907635 -20.6 25.233289300941195
      vertex 22.494408836907635 -24 25.233289300941195
    endloop
  endfacet
  facet normal 0 -1 0
    outer loop
      vertex 22.494408836907635 -20.6 28.566710699058806
      vertex 22.121320343559642 -20.6 24.778679656440357
      vertex 22.494408836907635 -20.6 25.233289300941195
    endloop
  endfacet
  facet normal -0.7730104533627387 0 0.6343932841636433
    outer loop
      vertex 22.494408836907635 -20.6 25.233289300941195
      vertex 22.121320343559642 -20.6 24.778679656440357
      vertex 22.121320343559642 -24 24.778679656440357
    endloop
  endfacet
  facet normal -0.8819212643483556 0 0.47139673682599664
    outer loop
      vertex 22.771638597533858 -20.6 25.75194970290473
      vertex 22.494408836907635 -24 25.233289300941195
      vertex 22.771638597533858 -24 25.75194970290473
    endloop
  endfacet
  facet normal -0.7730104533627387 0 0.6343932841636433
    outer loop
      vertex 22.494408836907635 -20.6 25.233289300941195
      vertex 22.121320343559642 -24 24.778679656440357
      vertex 22.494408836907635 -24 25.233289300941195
    endloop
  endfacet
  facet normal 0 -1 0
    outer loop
      vertex 22.121320343559642 -20.6 29.021320343559644
      vertex 21.765413504725814 -20.6 27.25116257962903
      vertex 21.8 -20.6 26.9
    endloop
  endfacet
  facet normal 0 -1 0
    outer loop
      vertex 22.121320343559642 -20.6 29.021320343559644
      vertex 21.8 -20.6 26.9
      vertex 21.765413504725814 -20.6 26.54883742037097
    endloop
  endfacet
  facet normal 0 -1 0
    outer loop
      vertex 22.121320343559642 -20.6 29.021320343559644
      vertex 21.765413504725814 -20.6 26.54883742037097
      vertex 21.666710699058807 -20.6 24.405591163092364
    endloop
  endfacet
  facet normal 0 -1 0
    outer loop
      vertex 21.666710699058807 -20.6 29.394408836907637
      vertex 21.662983158520316 -20.6 27.58883017825716
      vertex 21.765413504725814 -20.6 27.25116257962903
    endloop
  endfacet
  facet normal 0 -1 0
    outer loop
      vertex 21.666710699058807 -20.6 29.394408836907637
      vertex 21.496645302144582 -20.6 27.900026419435285
      vertex 21.662983158520316 -20.6 27.58883017825716
    endloop
  endfacet
  facet normal 0 -1 0
    outer loop
      vertex 22.121320343559642 -20.6 29.021320343559644
      vertex 21.666710699058807 -20.6 24.405591163092364
      vertex 22.121320343559642 -20.6 24.778679656440357
    endloop
  endfacet
  facet normal 0 -1 0
    outer loop
      vertex 21.765413504725814 -20.6 26.54883742037097
      vertex 21.662983158520316 -20.6 26.21116982174284
      vertex 21.666710699058807 -20.6 24.405591163092364
    endloop
  endfacet
  facet normal 0 -1 0
    outer loop
      vertex 21.662983158520316 -20.6 26.21116982174284
      vertex 21.496645302144582 -20.6 25.899973580564716
      vertex 21.666710699058807 -20.6 24.405591163092364
    endloop
  endfacet
  facet normal 0 -1 0
    outer loop
      vertex 21.496645302144582 -20.6 25.899973580564716
      vertex 21.272792206135787 -20.6 25.627207793864216
      vertex 21.666710699058807 -20.6 24.405591163092364
    endloop
  endfacet
  facet normal -0.6343932841636463 0 0.7730104533627363
    outer loop
      vertex 22.121320343559642 -20.6 24.778679656440357
      vertex 21.666710699058807 -24 24.405591163092364
      vertex 22.121320343559642 -24 24.778679656440357
    endloop
  endfacet
  facet normal 0 -1 0
    outer loop
      vertex 21.666710699058807 -20.6 29.394408836907637
      vertex 21.14805029709527 -20.6 29.67163859753386
      vertex 21.272792206135787 -20.6 28.172792206135785
    endloop
  endfacet
  facet normal 0 -1 0
    outer loop
      vertex 21.14805029709527 -20.6 29.67163859753386
      vertex 21.000026419435283 -20.6 28.39664530214458
      vertex 21.272792206135787 -20.6 28.172792206135785
    endloop
  endfacet
  facet normal -0.2902846772544616 0 -0.956940335732209
    outer loop
      vertex 21.14805029709527 -20.6 29.67163859753386
      vertex 21.14805029709527 -24 29.67163859753386
      vertex 20.585270966048384 -20.6 29.84235584120969
    endloop
  endfacet
  facet normal 0 -1 0
    outer loop
      vertex 21.14805029709527 -20.6 29.67163859753386
      vertex 20.688830178257163 -20.6 28.562983158520318
      vertex 21.000026419435283 -20.6 28.39664530214458
    endloop
  endfacet
  facet normal 0 -1 0
    outer loop
      vertex 21.14805029709527 -20.6 29.67163859753386
      vertex 20.585270966048384 -20.6 29.84235584120969
      vertex 20.688830178257163 -20.6 28.562983158520318
    endloop
  endfacet
  facet normal -0.47139673682599664 0 -0.8819212643483556
    outer loop
      vertex 21.14805029709527 -20.6 29.67163859753386
      vertex 21.666710699058807 -24 29.394408836907637
      vertex 21.14805029709527 -24 29.67163859753386
    endloop
  endfacet
  facet normal -0.2902846772544616 0 -0.956940335732209
    outer loop
      vertex 20.585270966048384 -20.6 29.84235584120969
      vertex 21.14805029709527 -24 29.67163859753386
      vertex 20.585270966048384 -24 29.84235584120969
    endloop
  endfacet
  facet normal -0.09801714032955784 0 -0.9951847266721972
    outer loop
      vertex 20.585270966048384 -20.6 29.84235584120969
      vertex 20.585270966048384 -24 29.84235584120969
      vertex 20 -20.6 29.9
    endloop
  endfacet
  facet normal 0 -1 0
    outer loop
      vertex 20.688830178257163 -20.6 28.562983158520318
      vertex 20.585270966048384 -20.6 29.84235584120969
      vertex 20.35116257962903 -20.6 28.665413504725816
    endloop
  endfacet
  facet normal 0 -1 0
    outer loop
      vertex 20.585270966048384 -20.6 29.84235584120969
      vertex 20 -20.6 29.9
      vertex 20.35116257962903 -20.6 28.665413504725816
    endloop
  endfacet
  facet normal 0 -1 0
    outer loop
      vertex 20.35116257962903 -20.6 28.665413504725816
      vertex 20 -20.6 29.9
      vertex 20 -20.6 28.700000000000003
    endloop
  endfacet
  facet normal -0.09801714032955784 0 -0.9951847266721972
    outer loop
      vertex 20.585270966048384 -24 29.84235584120969
      vertex 20 -24 29.9
      vertex 20 -20.6 29.9
    endloop
  endfacet
  facet normal 0 -1 0
    outer loop
      vertex 21.272792206135787 -20.6 25.627207793864216
      vertex 21.14805029709527 -20.6 24.12836140246614
      vertex 21.666710699058807 -20.6 24.405591163092364
    endloop
  endfacet
  facet normal 0 -1 0
    outer loop
      vertex 21.272792206135787 -20.6 25.627207793864216
      vertex 21.000026419435283 -20.6 25.40335469785542
      vertex 21.14805029709527 -20.6 24.12836140246614
    endloop
  endfacet
  facet normal 0 -1 0
    outer loop
      vertex 21.000026419435283 -20.6 25.40335469785542
      vertex 20.688830178257163 -20.6 25.237016841479686
      vertex 21.14805029709527 -20.6 24.12836140246614
    endloop
  endfacet
  facet normal 0 -1 0
    outer loop
      vertex 20.688830178257163 -20.6 25.237016841479686
      vertex 20.35116257962903 -20.6 25.134586495274185
      vertex 20.585270966048384 -20.6 23.95764415879031
    endloop
  endfacet
  facet normal 0 -1 0
    outer loop
      vertex 20.35116257962903 -20.6 25.134586495274185
      vertex 20 -20.6 25.1
      vertex 20.585270966048384 -20.6 23.95764415879031
    endloop
  endfacet
  facet normal -0.6343932841636463 0 0.7730104533627363
    outer loop
      vertex 22.121320343559642 -20.6 24.778679656440357
      vertex 21.666710699058807 -20.6 24.405591163092364
      vertex 21.666710699058807 -24 24.405591163092364
    endloop
  endfacet
  facet normal -0.47139673682599664 0 0.8819212643483556
    outer loop
      vertex 21.666710699058807 -20.6 24.405591163092364
      vertex 21.14805029709527 -24 24.12836140246614
      vertex 21.666710699058807 -24 24.405591163092364
    endloop
  endfacet
  facet normal -0.47139673682599664 0 0.8819212643483556
    outer loop
      vertex 21.666710699058807 -20.6 24.405591163092364
      vertex 21.14805029709527 -20.6 24.12836140246614
      vertex 21.14805029709527 -24 24.12836140246614
    endloop
  endfacet
  facet normal 0 -1 0
    outer loop
      vertex 20.688830178257163 -20.6 25.237016841479686
      vertex 20.585270966048384 -20.6 23.95764415879031
      vertex 21.14805029709527 -20.6 24.12836140246614
    endloop
  endfacet
  facet normal -0.2902846772544616 0 0.956940335732209
    outer loop
      vertex 21.14805029709527 -20.6 24.12836140246614
      vertex 20.585270966048384 -20.6 23.95764415879031
      vertex 20.585270966048384 -24 23.95764415879031
    endloop
  endfacet
  facet normal -0.2902846772544616 0 0.956940335732209
    outer loop
      vertex 21.14805029709527 -20.6 24.12836140246614
      vertex 20.585270966048384 -24 23.95764415879031
      vertex 21.14805029709527 -24 24.12836140246614
    endloop
  endfacet
  facet normal 0 -1 0
    outer loop
      vertex 20.585270966048384 -20.6 23.95764415879031
      vertex 20 -20.6 25.1
      vertex 20 -20.6 23.9
    endloop
  endfacet
  facet normal -0.09801714032956384 0 0.9951847266721965
    outer loop
      vertex 20.585270966048384 -20.6 23.95764415879031
      vertex 20 -20.6 23.9
      vertex 20 -24 23.9
    endloop
  endfacet
  facet normal -0.09801714032956384 0 0.9951847266721965
    outer loop
      vertex 20.585270966048384 -20.6 23.95764415879031
      vertex 20 -24 23.9
      vertex 20.585270966048384 -24 23.95764415879031
    endloop
  endfacet
  facet normal 0 -1 0
    outer loop
      vertex 20 -20.6 29.9
      vertex 19.414729033951616 -20.6 29.84235584120969
      vertex 20 -20.6 28.700000000000003
    endloop
  endfacet
  facet normal 0.09801714032955784 0 -0.9951847266721972
    outer loop
      vertex 20 -20.6 29.9
      vertex 20 -24 29.9
      vertex 19.414729033951616 -20.6 29.84235584120969
    endloop
  endfacet
  facet normal 0 -1 0
    outer loop
      vertex 20 -20.6 28.700000000000003
      vertex 19.414729033951616 -20.6 29.84235584120969
      vertex 19.64883742037097 -20.6 28.665413504725816
    endloop
  endfacet
  facet normal 0 -1 0
    outer loop
      vertex 19.414729033951616 -20.6 29.84235584120969
      vertex 19.311169821742837 -20.6 28.562983158520318
      vertex 19.64883742037097 -20.6 28.665413504725816
    endloop
  endfacet
  facet normal 0.09801714032955784 0 -0.9951847266721972
    outer loop
      vertex 19.414729033951616 -20.6 29.84235584120969
      vertex 20 -24 29.9
      vertex 19.414729033951616 -24 29.84235584120969
    endloop
  endfacet
  facet normal 0.2902846772544616 0 -0.956940335732209
    outer loop
      vertex 19.414729033951616 -20.6 29.84235584120969
      vertex 19.414729033951616 -24 29.84235584120969
      vertex 18.85194970290473 -20.6 29.67163859753386
    endloop
  endfacet
  facet normal 0 -1 0
    outer loop
      vertex 19.414729033951616 -20.6 29.84235584120969
      vertex 18.85194970290473 -20.6 29.67163859753386
      vertex 19.311169821742837 -20.6 28.562983158520318
    endloop
  endfacet
  facet normal 0 -1 0
    outer loop
      vertex 19.311169821742837 -20.6 28.562983158520318
      vertex 18.85194970290473 -20.6 29.67163859753386
      vertex 18.999973580564717 -20.6 28.39664530214458
    endloop
  endfacet
  facet normal 0.47139673682599664 0 -0.8819212643483556
    outer loop
      vertex 18.85194970290473 -20.6 29.67163859753386
      vertex 18.85194970290473 -24 29.67163859753386
      vertex 18.333289300941193 -20.6 29.394408836907637
    endloop
  endfacet
  facet normal 0 -1 0
    outer loop
      vertex 18.85194970290473 -20.6 29.67163859753386
      vertex 18.727207793864213 -20.6 28.172792206135785
      vertex 18.999973580564717 -20.6 28.39664530214458
    endloop
  endfacet
  facet normal 0 -1 0
    outer loop
      vertex 18.85194970290473 -20.6 29.67163859753386
      vertex 18.333289300941193 -20.6 29.394408836907637
      vertex 18.727207793864213 -20.6 28.172792206135785
    endloop
  endfacet
  facet normal 0.2902846772544616 0 -0.956940335732209
    outer loop
      vertex 18.85194970290473 -20.6 29.67163859753386
      vertex 19.414729033951616 -24 29.84235584120969
      vertex 18.85194970290473 -24 29.67163859753386
    endloop
  endfacet
  facet normal 0 -1 0
    outer loop
      vertex 20 -20.6 25.1
      vertex 19.64883742037097 -20.6 25.134586495274185
      vertex 20 -20.6 23.9
    endloop
  endfacet
  facet normal 0 -1 0
    outer loop
      vertex 19.64883742037097 -20.6 25.134586495274185
      vertex 19.311169821742837 -20.6 25.237016841479686
      vertex 19.414729033951616 -20.6 23.95764415879031
    endloop
  endfacet
  facet normal 0 -1 0
    outer loop
      vertex 19.311169821742837 -20.6 25.237016841479686
      vertex 18.999973580564717 -20.6 25.40335469785542
      vertex 18.85194970290473 -20.6 24.12836140246614
    endloop
  endfacet
  facet normal 0 -1 0
    outer loop
      vertex 18.999973580564717 -20.6 25.40335469785542
      vertex 18.727207793864213 -20.6 25.627207793864216
      vertex 18.85194970290473 -20.6 24.12836140246614
    endloop
  endfacet
  facet normal 0 -1 0
    outer loop
      vertex 18.727207793864213 -20.6 25.627207793864216
      vertex 18.333289300941193 -20.6 24.405591163092364
      vertex 18.85194970290473 -20.6 24.12836140246614
    endloop
  endfacet
  facet normal 0 -1 0
    outer loop
      vertex 18.727207793864213 -20.6 28.172792206135785
      vertex 18.333289300941193 -20.6 29.394408836907637
      vertex 18.503354697855418 -20.6 27.900026419435285
    endloop
  endfacet
  facet normal 0.6343932841636463 0 -0.7730104533627363
    outer loop
      vertex 18.333289300941193 -20.6 29.394408836907637
      vertex 18.333289300941193 -24 29.394408836907637
      vertex 17.878679656440358 -20.6 29.021320343559644
    endloop
  endfacet
  facet normal 0.47139673682599664 0 -0.8819212643483556
    outer loop
      vertex 18.333289300941193 -20.6 29.394408836907637
      vertex 18.85194970290473 -24 29.67163859753386
      vertex 18.333289300941193 -24 29.394408836907637
    endloop
  endfacet
  facet normal 0.6343932841636463 0 -0.7730104533627363
    outer loop
      vertex 17.878679656440358 -20.6 29.021320343559644
      vertex 18.333289300941193 -24 29.394408836907637
      vertex 17.878679656440358 -24 29.021320343559644
    endloop
  endfacet
  facet normal 0.7730104533627387 0 -0.6343932841636433
    outer loop
      vertex 17.878679656440358 -20.6 29.021320343559644
      vertex 17.878679656440358 -24 29.021320343559644
      vertex 17.505591163092365 -20.6 28.566710699058806
    endloop
  endfacet
  facet normal 0.7730104533627387 0 -0.6343932841636433
    outer loop
      vertex 17.505591163092365 -20.6 28.566710699058806
      vertex 17.878679656440358 -24 29.021320343559644
      vertex 17.505591163092365 -24 28.566710699058806
    endloop
  endfacet
  facet normal 0 -1 0
    outer loop
      vertex 18.333289300941193 -20.6 29.394408836907637
      vertex 18.337016841479684 -20.6 27.58883017825716
      vertex 18.503354697855418 -20.6 27.900026419435285
    endloop
  endfacet
  facet normal 0 -1 0
    outer loop
      vertex 18.333289300941193 -20.6 29.394408836907637
      vertex 18.234586495274186 -20.6 27.25116257962903
      vertex 18.337016841479684 -20.6 27.58883017825716
    endloop
  endfacet
  facet normal 0 -1 0
    outer loop
      vertex 18.333289300941193 -20.6 29.394408836907637
      vertex 17.878679656440358 -20.6 29.021320343559644
      vertex 17.878679656440358 -20.6 24.778679656440357
    endloop
  endfacet
  facet normal 0 -1 0
    outer loop
      vertex 18.333289300941193 -20.6 29.394408836907637
      vertex 17.878679656440358 -20.6 24.778679656440357
      vertex 18.234586495274186 -20.6 27.25116257962903
    endloop
  endfacet
  facet normal 0 -1 0
    outer loop
      vertex 18.234586495274186 -20.6 26.54883742037097
      vertex 18.333289300941193 -20.6 24.405591163092364
      vertex 18.337016841479684 -20.6 26.21116982174284
    endloop
  endfacet
  facet normal 0 -1 0
    outer loop
      vertex 18.727207793864213 -20.6 25.627207793864216
      vertex 18.503354697855418 -20.6 25.899973580564716
      vertex 18.333289300941193 -20.6 24.405591163092364
    endloop
  endfacet
  facet normal 0 -1 0
    outer loop
      vertex 18.503354697855418 -20.6 25.899973580564716
      vertex 18.337016841479684 -20.6 26.21116982174284
      vertex 18.333289300941193 -20.6 24.405591163092364
    endloop
  endfacet
  facet normal 0 -1 0
    outer loop
      vertex 18.234586495274186 -20.6 27.25116257962903
      vertex 17.878679656440358 -20.6 24.778679656440357
      vertex 18.2 -20.6 26.9
    endloop
  endfacet
  facet normal 0 -1 0
    outer loop
      vertex 18.2 -20.6 26.9
      vertex 17.878679656440358 -20.6 24.778679656440357
      vertex 18.234586495274186 -20.6 26.54883742037097
    endloop
  endfacet
  facet normal 0 -1 0
    outer loop
      vertex 18.234586495274186 -20.6 26.54883742037097
      vertex 17.878679656440358 -20.6 24.778679656440357
      vertex 18.333289300941193 -20.6 24.405591163092364
    endloop
  endfacet
  facet normal 0.6343932841636463 0 0.7730104533627363
    outer loop
      vertex 17.878679656440358 -20.6 24.778679656440357
      vertex 17.878679656440358 -24 24.778679656440357
      vertex 18.333289300941193 -20.6 24.405591163092364
    endloop
  endfacet
  facet normal 0 -1 0
    outer loop
      vertex 17.878679656440358 -20.6 29.021320343559644
      vertex 17.505591163092365 -20.6 28.566710699058806
      vertex 17.505591163092365 -20.6 25.233289300941195
    endloop
  endfacet
  facet normal 0 -1 0
    outer loop
      vertex 17.505591163092365 -20.6 28.566710699058806
      vertex 17.228361402466142 -20.6 28.04805029709527
      vertex 17.228361402466142 -20.6 25.75194970290473
    endloop
  endfacet
  facet normal 0.8819212643483556 0 -0.47139673682599664
    outer loop
      vertex 17.505591163092365 -20.6 28.566710699058806
      vertex 17.505591163092365 -24 28.566710699058806
      vertex 17.228361402466142 -20.6 28.04805029709527
    endloop
  endfacet
  facet normal 0 -1 0
    outer loop
      vertex 17.505591163092365 -20.6 28.566710699058806
      vertex 17.228361402466142 -20.6 25.75194970290473
      vertex 17.505591163092365 -20.6 25.233289300941195
    endloop
  endfacet
  facet normal 0.8819212643483556 0 -0.47139673682599664
    outer loop
      vertex 17.228361402466142 -20.6 28.04805029709527
      vertex 17.505591163092365 -24 28.566710699058806
      vertex 17.228361402466142 -24 28.04805029709527
    endloop
  endfacet
  facet normal 0 -1 0
    outer loop
      vertex 17.878679656440358 -20.6 29.021320343559644
      vertex 17.505591163092365 -20.6 25.233289300941195
      vertex 17.878679656440358 -20.6 24.778679656440357
    endloop
  endfacet
  facet normal 0.7730104533627387 0 0.6343932841636433
    outer loop
      vertex 17.878679656440358 -20.6 24.778679656440357
      vertex 17.505591163092365 -20.6 25.233289300941195
      vertex 17.505591163092365 -24 25.233289300941195
    endloop
  endfacet
  facet normal 0.8819212643483556 0 0.47139673682599664
    outer loop
      vertex 17.505591163092365 -20.6 25.233289300941195
      vertex 17.228361402466142 -20.6 25.75194970290473
      vertex 17.228361402466142 -24 25.75194970290473
    endloop
  endfacet
  facet normal 0.7730104533627387 0 0.6343932841636433
    outer loop
      vertex 17.878679656440358 -20.6 24.778679656440357
      vertex 17.505591163092365 -24 25.233289300941195
      vertex 17.878679656440358 -24 24.778679656440357
    endloop
  endfacet
  facet normal 0.8819212643483556 0 0.47139673682599664
    outer loop
      vertex 17.505591163092365 -20.6 25.233289300941195
      vertex 17.228361402466142 -24 25.75194970290473
      vertex 17.505591163092365 -24 25.233289300941195
    endloop
  endfacet
  facet normal 0.9569403357322086 0 -0.29028467725446333
    outer loop
      vertex 17.228361402466142 -20.6 28.04805029709527
      vertex 17.228361402466142 -24 28.04805029709527
      vertex 17.05764415879031 -20.6 27.485270966048386
    endloop
  endfacet
  facet normal 0 -1 0
    outer loop
      vertex 17.228361402466142 -20.6 28.04805029709527
      vertex 17.05764415879031 -20.6 27.485270966048386
      vertex 17.05764415879031 -20.6 26.314729033951615
    endloop
  endfacet
  facet normal 0 -1 0
    outer loop
      vertex 17.228361402466142 -20.6 28.04805029709527
      vertex 17.05764415879031 -20.6 26.314729033951615
      vertex 17.228361402466142 -20.6 25.75194970290473
    endloop
  endfacet
  facet normal 0 -1 0
    outer loop
      vertex 17.05764415879031 -20.6 27.485270966048386
      vertex 17 -20.6 26.9
      vertex 17.05764415879031 -20.6 26.314729033951615
    endloop
  endfacet
  facet normal 0.9951847266721966 0 -0.09801714032956325
    outer loop
      vertex 17.05764415879031 -20.6 27.485270966048386
      vertex 17.05764415879031 -24 27.485270966048386
      vertex 17 -20.6 26.9
    endloop
  endfacet
  facet normal 0.9951847266721965 0 0.09801714032956384
    outer loop
      vertex 17 -20.6 26.9
      vertex 17 -24 26.9
      vertex 17.05764415879031 -20.6 26.314729033951615
    endloop
  endfacet
  facet normal 0.9569403357322086 0 -0.29028467725446333
    outer loop
      vertex 17.05764415879031 -20.6 27.485270966048386
      vertex 17.228361402466142 -24 28.04805029709527
      vertex 17.05764415879031 -24 27.485270966048386
    endloop
  endfacet
  facet normal 0.9951847266721966 0 -0.09801714032956325
    outer loop
      vertex 17 -20.6 26.9
      vertex 17.05764415879031 -24 27.485270966048386
      vertex 17 -24 26.9
    endloop
  endfacet
  facet normal 0.9951847266721965 0 0.09801714032956384
    outer loop
      vertex 17.05764415879031 -20.6 26.314729033951615
      vertex 17 -24 26.9
      vertex 17.05764415879031 -24 26.314729033951615
    endloop
  endfacet
  facet normal 0.9569403357322086 0 0.29028467725446333
    outer loop
      vertex 17.228361402466142 -20.6 25.75194970290473
      vertex 17.05764415879031 -20.6 26.314729033951615
      vertex 17.05764415879031 -24 26.314729033951615
    endloop
  endfacet
  facet normal 0.9569403357322086 0 0.29028467725446333
    outer loop
      vertex 17.228361402466142 -20.6 25.75194970290473
      vertex 17.05764415879031 -24 26.314729033951615
      vertex 17.228361402466142 -24 25.75194970290473
    endloop
  endfacet
  facet normal 0 -1 0
    outer loop
      vertex 19.64883742037097 -20.6 25.134586495274185
      vertex 19.414729033951616 -20.6 23.95764415879031
      vertex 20 -20.6 23.9
    endloop
  endfacet
  facet normal 0.09801714032956384 0 0.9951847266721965
    outer loop
      vertex 20 -20.6 23.9
      vertex 19.414729033951616 -20.6 23.95764415879031
      vertex 19.414729033951616 -24 23.95764415879031
    endloop
  endfacet
  facet normal 0.09801714032956384 0 0.9951847266721965
    outer loop
      vertex 20 -20.6 23.9
      vertex 19.414729033951616 -24 23.95764415879031
      vertex 20 -24 23.9
    endloop
  endfacet
  facet normal 0 -1 0
    outer loop
      vertex 19.311169821742837 -20.6 25.237016841479686
      vertex 18.85194970290473 -20.6 24.12836140246614
      vertex 19.414729033951616 -20.6 23.95764415879031
    endloop
  endfacet
  facet normal 0.2902846772544616 0 0.956940335732209
    outer loop
      vertex 19.414729033951616 -20.6 23.95764415879031
      vertex 18.85194970290473 -20.6 24.12836140246614
      vertex 18.85194970290473 -24 24.12836140246614
    endloop
  endfacet
  facet normal 0.2902846772544616 0 0.956940335732209
    outer loop
      vertex 19.414729033951616 -20.6 23.95764415879031
      vertex 18.85194970290473 -24 24.12836140246614
      vertex 19.414729033951616 -24 23.95764415879031
    endloop
  endfacet
  facet normal 0.47139673682599664 0 0.8819212643483556
    outer loop
      vertex 18.85194970290473 -20.6 24.12836140246614
      vertex 18.333289300941193 -24 24.405591163092364
      vertex 18.85194970290473 -24 24.12836140246614
    endloop
  endfacet
  facet normal 0.47139673682599664 0 0.8819212643483556
    outer loop
      vertex 18.85194970290473 -20.6 24.12836140246614
      vertex 18.333289300941193 -20.6 24.405591163092364
      vertex 18.333289300941193 -24 24.405591163092364
    endloop
  endfacet
  facet normal 0.6343932841636463 0 0.7730104533627363
    outer loop
      vertex 18.333289300941193 -20.6 24.405591163092364
      vertex 17.878679656440358 -24 24.778679656440357
      vertex 18.333289300941193 -24 24.405591163092364
    endloop
  endfacet
  facet normal 0 -1 0
    outer loop
      vertex 22.94235584120969 -20.6 13.685270966048385
      vertex 22.94235584120969 -20.6 12.514729033951614
      vertex 23 -20.6 13.1
    endloop
  endfacet
  facet normal 0 -1 0
    outer loop
      vertex 22.771638597533858 -20.6 14.248050297095268
      vertex 22.771638597533858 -20.6 11.95194970290473
      vertex 22.94235584120969 -20.6 13.685270966048385
    endloop
  endfacet
  facet normal -0.9951847266721966 0 -0.09801714032956355
    outer loop
      vertex 22.94235584120969 -20.6 13.685270966048385
      vertex 23 -20.6 13.1
      vertex 23 -24 13.1
    endloop
  endfacet
  facet normal -0.9569403357322086 0 -0.29028467725446333
    outer loop
      vertex 22.771638597533858 -20.6 14.248050297095268
      vertex 22.94235584120969 -20.6 13.685270966048385
      vertex 22.94235584120969 -24 13.685270966048385
    endloop
  endfacet
  facet normal -0.9569403357322086 0 -0.29028467725446333
    outer loop
      vertex 22.771638597533858 -20.6 14.248050297095268
      vertex 22.94235584120969 -24 13.685270966048385
      vertex 22.771638597533858 -24 14.248050297095268
    endloop
  endfacet
  facet normal -0.9951847266721966 0 -0.09801714032956355
    outer loop
      vertex 22.94235584120969 -20.6 13.685270966048385
      vertex 23 -24 13.1
      vertex 22.94235584120969 -24 13.685270966048385
    endloop
  endfacet
  facet normal 0 -1 0
    outer loop
      vertex 22.94235584120969 -20.6 13.685270966048385
      vertex 22.771638597533858 -20.6 11.95194970290473
      vertex 22.94235584120969 -20.6 12.514729033951614
    endloop
  endfacet
  facet normal -0.9951847266721966 0 0.09801714032956355
    outer loop
      vertex 23 -20.6 13.1
      vertex 22.94235584120969 -20.6 12.514729033951614
      vertex 22.94235584120969 -24 12.514729033951614
    endloop
  endfacet
  facet normal -0.9569403357322086 0 0.29028467725446333
    outer loop
      vertex 22.94235584120969 -20.6 12.514729033951614
      vertex 22.771638597533858 -20.6 11.95194970290473
      vertex 22.771638597533858 -24 11.95194970290473
    endloop
  endfacet
  facet normal -0.9951847266721966 0 0.09801714032956355
    outer loop
      vertex 23 -20.6 13.1
      vertex 22.94235584120969 -24 12.514729033951614
      vertex 23 -24 13.1
    endloop
  endfacet
  facet normal -0.9569403357322086 0 0.29028467725446333
    outer loop
      vertex 22.94235584120969 -20.6 12.514729033951614
      vertex 22.771638597533858 -24 11.95194970290473
      vertex 22.94235584120969 -24 12.514729033951614
    endloop
  endfacet
  facet normal -0.7730104533627387 0 -0.6343932841636433
    outer loop
      vertex 22.121320343559642 -20.6 15.221320343559643
      vertex 22.494408836907635 -20.6 14.766710699058805
      vertex 22.494408836907635 -24 14.766710699058805
    endloop
  endfacet
  facet normal -0.7730104533627387 0 -0.6343932841636433
    outer loop
      vertex 22.121320343559642 -20.6 15.221320343559643
      vertex 22.494408836907635 -24 14.766710699058805
      vertex 22.121320343559642 -24 15.221320343559643
    endloop
  endfacet
  facet normal -0.8819212643483556 0 -0.47139673682599664
    outer loop
      vertex 22.771638597533858 -20.6 14.248050297095268
      vertex 22.771638597533858 -24 14.248050297095268
      vertex 22.494408836907635 -20.6 14.766710699058805
    endloop
  endfacet
  facet normal 0 -1 0
    outer loop
      vertex 22.771638597533858 -20.6 14.248050297095268
      vertex 22.494408836907635 -20.6 14.766710699058805
      vertex 22.494408836907635 -20.6 11.433289300941194
    endloop
  endfacet
  facet normal 0 -1 0
    outer loop
      vertex 22.121320343559642 -20.6 15.221320343559643
      vertex 22.121320343559642 -20.6 10.978679656440356
      vertex 22.494408836907635 -20.6 14.766710699058805
    endloop
  endfacet
  facet normal -0.8819212643483556 0 -0.47139673682599664
    outer loop
      vertex 22.494408836907635 -20.6 14.766710699058805
      vertex 22.771638597533858 -24 14.248050297095268
      vertex 22.494408836907635 -24 14.766710699058805
    endloop
  endfacet
  facet normal -0.6343932841636463 0 -0.7730104533627363
    outer loop
      vertex 22.121320343559642 -20.6 15.221320343559643
      vertex 22.121320343559642 -24 15.221320343559643
      vertex 21.666710699058807 -20.6 15.594408836907636
    endloop
  endfacet
  facet normal -0.47139673682599664 0 -0.8819212643483556
    outer loop
      vertex 21.666710699058807 -20.6 15.594408836907636
      vertex 21.666710699058807 -24 15.594408836907636
      vertex 21.14805029709527 -20.6 15.87163859753386
    endloop
  endfacet
  facet normal -0.6343932841636463 0 -0.7730104533627363
    outer loop
      vertex 21.666710699058807 -20.6 15.594408836907636
      vertex 22.121320343559642 -24 15.221320343559643
      vertex 21.666710699058807 -24 15.594408836907636
    endloop
  endfacet
  facet normal 0 -1 0
    outer loop
      vertex 22.121320343559642 -20.6 15.221320343559643
      vertex 21.765413504725814 -20.6 13.451162579629031
      vertex 21.8 -20.6 13.1
    endloop
  endfacet
  facet normal 0 -1 0
    outer loop
      vertex 22.121320343559642 -20.6 15.221320343559643
      vertex 21.666710699058807 -20.6 15.594408836907636
      vertex 21.765413504725814 -20.6 13.451162579629031
    endloop
  endfacet
  facet normal 0 -1 0
    outer loop
      vertex 22.121320343559642 -20.6 15.221320343559643
      vertex 21.8 -20.6 13.1
      vertex 21.765413504725814 -20.6 12.748837420370968
    endloop
  endfacet
  facet normal 0 -1 0
    outer loop
      vertex 21.666710699058807 -20.6 15.594408836907636
      vertex 21.496645302144582 -20.6 14.100026419435284
      vertex 21.662983158520316 -20.6 13.788830178257161
    endloop
  endfacet
  facet normal 0 -1 0
    outer loop
      vertex 21.666710699058807 -20.6 15.594408836907636
      vertex 21.662983158520316 -20.6 13.788830178257161
      vertex 21.765413504725814 -20.6 13.451162579629031
    endloop
  endfacet
  facet normal 0 -1 0
    outer loop
      vertex 21.666710699058807 -20.6 15.594408836907636
      vertex 21.272792206135787 -20.6 14.372792206135784
      vertex 21.496645302144582 -20.6 14.100026419435284
    endloop
  endfacet
  facet normal 0 -1 0
    outer loop
      vertex 22.771638597533858 -20.6 14.248050297095268
      vertex 22.494408836907635 -20.6 11.433289300941194
      vertex 22.771638597533858 -20.6 11.95194970290473
    endloop
  endfacet
  facet normal -0.8819212643483556 0 0.47139673682599664
    outer loop
      vertex 22.771638597533858 -20.6 11.95194970290473
      vertex 22.494408836907635 -20.6 11.433289300941194
      vertex 22.494408836907635 -24 11.433289300941194
    endloop
  endfacet
  facet normal 0 -1 0
    outer loop
      vertex 22.494408836907635 -20.6 14.766710699058805
      vertex 22.121320343559642 -20.6 10.978679656440356
      vertex 22.494408836907635 -20.6 11.433289300941194
    endloop
  endfacet
  facet normal -0.7730104533627387 0 0.6343932841636433
    outer loop
      vertex 22.494408836907635 -20.6 11.433289300941194
      vertex 22.121320343559642 -20.6 10.978679656440356
      vertex 22.121320343559642 -24 10.978679656440356
    endloop
  endfacet
  facet normal -0.8819212643483556 0 0.47139673682599664
    outer loop
      vertex 22.771638597533858 -20.6 11.95194970290473
      vertex 22.494408836907635 -24 11.433289300941194
      vertex 22.771638597533858 -24 11.95194970290473
    endloop
  endfacet
  facet normal -0.7730104533627387 0 0.6343932841636433
    outer loop
      vertex 22.494408836907635 -20.6 11.433289300941194
      vertex 22.121320343559642 -24 10.978679656440356
      vertex 22.494408836907635 -24 11.433289300941194
    endloop
  endfacet
  facet normal 0 -1 0
    outer loop
      vertex 22.121320343559642 -20.6 15.221320343559643
      vertex 21.666710699058807 -20.6 10.605591163092363
      vertex 22.121320343559642 -20.6 10.978679656440356
    endloop
  endfacet
  facet normal 0 -1 0
    outer loop
      vertex 22.121320343559642 -20.6 15.221320343559643
      vertex 21.765413504725814 -20.6 12.748837420370968
      vertex 21.666710699058807 -20.6 10.605591163092363
    endloop
  endfacet
  facet normal 0 -1 0
    outer loop
      vertex 21.765413504725814 -20.6 12.748837420370968
      vertex 21.662983158520316 -20.6 12.411169821742838
      vertex 21.666710699058807 -20.6 10.605591163092363
    endloop
  endfacet
  facet normal 0 -1 0
    outer loop
      vertex 21.662983158520316 -20.6 12.411169821742838
      vertex 21.496645302144582 -20.6 12.099973580564715
      vertex 21.666710699058807 -20.6 10.605591163092363
    endloop
  endfacet
  facet normal 0 -1 0
    outer loop
      vertex 21.496645302144582 -20.6 12.099973580564715
      vertex 21.272792206135787 -20.6 11.827207793864215
      vertex 21.666710699058807 -20.6 10.605591163092363
    endloop
  endfacet
  facet normal -0.6343932841636463 0 0.7730104533627363
    outer loop
      vertex 22.121320343559642 -20.6 10.978679656440356
      vertex 21.666710699058807 -20.6 10.605591163092363
      vertex 21.666710699058807 -24 10.605591163092363
    endloop
  endfacet
  facet normal -0.6343932841636463 0 0.7730104533627363
    outer loop
      vertex 22.121320343559642 -20.6 10.978679656440356
      vertex 21.666710699058807 -24 10.605591163092363
      vertex 22.121320343559642 -24 10.978679656440356
    endloop
  endfacet
  facet normal -0.47139673682599664 0 0.8819212643483556
    outer loop
      vertex 21.666710699058807 -20.6 10.605591163092363
      vertex 21.14805029709527 -24 10.32836140246614
      vertex 21.666710699058807 -24 10.605591163092363
    endloop
  endfacet
  facet normal 0 -1 0
    outer loop
      vertex 21.666710699058807 -20.6 15.594408836907636
      vertex 21.14805029709527 -20.6 15.87163859753386
      vertex 21.272792206135787 -20.6 14.372792206135784
    endloop
  endfacet
  facet normal 0 -1 0
    outer loop
      vertex 21.14805029709527 -20.6 15.87163859753386
      vertex 21.000026419435283 -20.6 14.59664530214458
      vertex 21.272792206135787 -20.6 14.372792206135784
    endloop
  endfacet
  facet normal -0.2902846772544616 0 -0.956940335732209
    outer loop
      vertex 21.14805029709527 -20.6 15.87163859753386
      vertex 21.14805029709527 -24 15.87163859753386
      vertex 20.585270966048384 -20.6 16.04235584120969
    endloop
  endfacet
  facet normal 0 -1 0
    outer loop
      vertex 21.14805029709527 -20.6 15.87163859753386
      vertex 20.688830178257163 -20.6 14.762983158520315
      vertex 21.000026419435283 -20.6 14.59664530214458
    endloop
  endfacet
  facet normal 0 -1 0
    outer loop
      vertex 21.14805029709527 -20.6 15.87163859753386
      vertex 20.585270966048384 -20.6 16.04235584120969
      vertex 20.688830178257163 -20.6 14.762983158520315
    endloop
  endfacet
  facet normal -0.47139673682599664 0 -0.8819212643483556
    outer loop
      vertex 21.14805029709527 -20.6 15.87163859753386
      vertex 21.666710699058807 -24 15.594408836907636
      vertex 21.14805029709527 -24 15.87163859753386
    endloop
  endfacet
  facet normal -0.2902846772544616 0 -0.956940335732209
    outer loop
      vertex 20.585270966048384 -20.6 16.04235584120969
      vertex 21.14805029709527 -24 15.87163859753386
      vertex 20.585270966048384 -24 16.04235584120969
    endloop
  endfacet
  facet normal -0.09801714032956384 0 -0.9951847266721965
    outer loop
      vertex 20.585270966048384 -20.6 16.04235584120969
      vertex 20.585270966048384 -24 16.04235584120969
      vertex 20 -20.6 16.1
    endloop
  endfacet
  facet normal 0 -1 0
    outer loop
      vertex 20.688830178257163 -20.6 14.762983158520315
      vertex 20.585270966048384 -20.6 16.04235584120969
      vertex 20.35116257962903 -20.6 14.865413504725815
    endloop
  endfacet
  facet normal 0 -1 0
    outer loop
      vertex 20.585270966048384 -20.6 16.04235584120969
      vertex 20 -20.6 16.1
      vertex 20.35116257962903 -20.6 14.865413504725815
    endloop
  endfacet
  facet normal 0 -1 0
    outer loop
      vertex 20.35116257962903 -20.6 14.865413504725815
      vertex 20 -20.6 16.1
      vertex 20 -20.6 14.899999999999999
    endloop
  endfacet
  facet normal -0.09801714032956384 0 -0.9951847266721965
    outer loop
      vertex 20.585270966048384 -24 16.04235584120969
      vertex 20 -24 16.1
      vertex 20 -20.6 16.1
    endloop
  endfacet
  facet normal 0 -1 0
    outer loop
      vertex 21.272792206135787 -20.6 11.827207793864215
      vertex 21.000026419435283 -20.6 11.60335469785542
      vertex 21.14805029709527 -20.6 10.32836140246614
    endloop
  endfacet
  facet normal 0 -1 0
    outer loop
      vertex 21.000026419435283 -20.6 11.60335469785542
      vertex 20.688830178257163 -20.6 11.437016841479684
      vertex 21.14805029709527 -20.6 10.32836140246614
    endloop
  endfacet
  facet normal 0 -1 0
    outer loop
      vertex 21.666710699058807 -20.6 10.605591163092363
      vertex 21.272792206135787 -20.6 11.827207793864215
      vertex 21.14805029709527 -20.6 10.32836140246614
    endloop
  endfacet
  facet normal -0.47139673682599664 0 0.8819212643483556
    outer loop
      vertex 21.666710699058807 -20.6 10.605591163092363
      vertex 21.14805029709527 -20.6 10.32836140246614
      vertex 21.14805029709527 -24 10.32836140246614
    endloop
  endfacet
  facet normal 0 -1 0
    outer loop
      vertex 20.688830178257163 -20.6 11.437016841479684
      vertex 20.585270966048384 -20.6 10.157644158790308
      vertex 21.14805029709527 -20.6 10.32836140246614
    endloop
  endfacet
  facet normal -0.2902846772544616 0 0.956940335732209
    outer loop
      vertex 21.14805029709527 -20.6 10.32836140246614
      vertex 20.585270966048384 -20.6 10.157644158790308
      vertex 20.585270966048384 -24 10.157644158790308
    endloop
  endfacet
  facet normal -0.2902846772544616 0 0.956940335732209
    outer loop
      vertex 21.14805029709527 -20.6 10.32836140246614
      vertex 20.585270966048384 -24 10.157644158790308
      vertex 21.14805029709527 -24 10.32836140246614
    endloop
  endfacet
  facet normal 0 -1 0
    outer loop
      vertex 20.688830178257163 -20.6 11.437016841479684
      vertex 20.35116257962903 -20.6 11.334586495274184
      vertex 20.585270966048384 -20.6 10.157644158790308
    endloop
  endfacet
  facet normal 0 -1 0
    outer loop
      vertex 20.35116257962903 -20.6 11.334586495274184
      vertex 20 -20.6 11.299999999999999
      vertex 20.585270966048384 -20.6 10.157644158790308
    endloop
  endfacet
  facet normal 0 -1 0
    outer loop
      vertex 20.585270966048384 -20.6 10.157644158790308
      vertex 20 -20.6 11.299999999999999
      vertex 20 -20.6 10.1
    endloop
  endfacet
  facet normal -0.09801714032956084 0 0.9951847266721968
    outer loop
      vertex 20.585270966048384 -20.6 10.157644158790308
      vertex 20 -20.6 10.1
      vertex 20 -24 10.1
    endloop
  endfacet
  facet normal -0.09801714032956084 0 0.9951847266721968
    outer loop
      vertex 20.585270966048384 -20.6 10.157644158790308
      vertex 20 -24 10.1
      vertex 20.585270966048384 -24 10.157644158790308
    endloop
  endfacet
  facet normal 0.09801714032956384 0 -0.9951847266721965
    outer loop
      vertex 20 -20.6 16.1
      vertex 20 -24 16.1
      vertex 19.414729033951616 -20.6 16.04235584120969
    endloop
  endfacet
  facet normal 0 -1 0
    outer loop
      vertex 20 -20.6 16.1
      vertex 19.414729033951616 -20.6 16.04235584120969
      vertex 20 -20.6 14.899999999999999
    endloop
  endfacet
  facet normal 0 -1 0
    outer loop
      vertex 20 -20.6 14.899999999999999
      vertex 19.414729033951616 -20.6 16.04235584120969
      vertex 19.64883742037097 -20.6 14.865413504725815
    endloop
  endfacet
  facet normal 0 -1 0
    outer loop
      vertex 19.414729033951616 -20.6 16.04235584120969
      vertex 19.311169821742837 -20.6 14.762983158520315
      vertex 19.64883742037097 -20.6 14.865413504725815
    endloop
  endfacet
  facet normal 0.09801714032956384 0 -0.9951847266721965
    outer loop
      vertex 19.414729033951616 -20.6 16.04235584120969
      vertex 20 -24 16.1
      vertex 19.414729033951616 -24 16.04235584120969
    endloop
  endfacet
  facet normal 0.2902846772544616 0 -0.956940335732209
    outer loop
      vertex 19.414729033951616 -20.6 16.04235584120969
      vertex 19.414729033951616 -24 16.04235584120969
      vertex 18.85194970290473 -20.6 15.87163859753386
    endloop
  endfacet
  facet normal 0 -1 0
    outer loop
      vertex 19.414729033951616 -20.6 16.04235584120969
      vertex 18.85194970290473 -20.6 15.87163859753386
      vertex 19.311169821742837 -20.6 14.762983158520315
    endloop
  endfacet
  facet normal 0 -1 0
    outer loop
      vertex 18.85194970290473 -20.6 15.87163859753386
      vertex 18.999973580564717 -20.6 14.59664530214458
      vertex 19.311169821742837 -20.6 14.762983158520315
    endloop
  endfacet
  facet normal 0 -1 0
    outer loop
      vertex 18.85194970290473 -20.6 15.87163859753386
      vertex 18.727207793864213 -20.6 14.372792206135784
      vertex 18.999973580564717 -20.6 14.59664530214458
    endloop
  endfacet
  facet normal 0 -1 0
    outer loop
      vertex 18.85194970290473 -20.6 15.87163859753386
      vertex 18.333289300941193 -20.6 15.594408836907636
      vertex 18.727207793864213 -20.6 14.372792206135784
    endloop
  endfacet
  facet normal 0.47139673682599664 0 -0.8819212643483556
    outer loop
      vertex 18.85194970290473 -20.6 15.87163859753386
      vertex 18.85194970290473 -24 15.87163859753386
      vertex 18.333289300941193 -20.6 15.594408836907636
    endloop
  endfacet
  facet normal 0.2902846772544616 0 -0.956940335732209
    outer loop
      vertex 18.85194970290473 -20.6 15.87163859753386
      vertex 19.414729033951616 -24 16.04235584120969
      vertex 18.85194970290473 -24 15.87163859753386
    endloop
  endfacet
  facet normal 0 -1 0
    outer loop
      vertex 20 -20.6 11.299999999999999
      vertex 19.64883742037097 -20.6 11.334586495274184
      vertex 20 -20.6 10.1
    endloop
  endfacet
  facet normal 0 -1 0
    outer loop
      vertex 19.64883742037097 -20.6 11.334586495274184
      vertex 19.414729033951616 -20.6 10.157644158790308
      vertex 20 -20.6 10.1
    endloop
  endfacet
  facet normal 0 -1 0
    outer loop
      vertex 19.64883742037097 -20.6 11.334586495274184
      vertex 19.311169821742837 -20.6 11.437016841479684
      vertex 19.414729033951616 -20.6 10.157644158790308
    endloop
  endfacet
  facet normal 0.09801714032956084 0 0.9951847266721968
    outer loop
      vertex 20 -20.6 10.1
      vertex 19.414729033951616 -20.6 10.157644158790308
      vertex 19.414729033951616 -24 10.157644158790308
    endloop
  endfacet
  facet normal 0.09801714032956084 0 0.9951847266721968
    outer loop
      vertex 20 -20.6 10.1
      vertex 19.414729033951616 -24 10.157644158790308
      vertex 20 -24 10.1
    endloop
  endfacet
  facet normal 0 -1 0
    outer loop
      vertex 19.311169821742837 -20.6 11.437016841479684
      vertex 18.999973580564717 -20.6 11.60335469785542
      vertex 18.85194970290473 -20.6 10.32836140246614
    endloop
  endfacet
  facet normal 0 -1 0
    outer loop
      vertex 18.999973580564717 -20.6 11.60335469785542
      vertex 18.727207793864213 -20.6 11.827207793864215
      vertex 18.85194970290473 -20.6 10.32836140246614
    endloop
  endfacet
  facet normal 0 -1 0
    outer loop
      vertex 19.414729033951616 -20.6 10.157644158790308
      vertex 19.311169821742837 -20.6 11.437016841479684
      vertex 18.85194970290473 -20.6 10.32836140246614
    endloop
  endfacet
  facet normal 0.2902846772544616 0 0.956940335732209
    outer loop
      vertex 19.414729033951616 -20.6 10.157644158790308
      vertex 18.85194970290473 -20.6 10.32836140246614
      vertex 18.85194970290473 -24 10.32836140246614
    endloop
  endfacet
  facet normal 0 -1 0
    outer loop
      vertex 18.727207793864213 -20.6 11.827207793864215
      vertex 18.333289300941193 -20.6 10.605591163092363
      vertex 18.85194970290473 -20.6 10.32836140246614
    endloop
  endfacet
  facet normal 0.2902846772544616 0 0.956940335732209
    outer loop
      vertex 19.414729033951616 -20.6 10.157644158790308
      vertex 18.85194970290473 -24 10.32836140246614
      vertex 19.414729033951616 -24 10.157644158790308
    endloop
  endfacet
  facet normal 0.47139673682599664 0 0.8819212643483556
    outer loop
      vertex 18.85194970290473 -20.6 10.32836140246614
      vertex 18.333289300941193 -24 10.605591163092363
      vertex 18.85194970290473 -24 10.32836140246614
    endloop
  endfacet
  facet normal 0.6343932841636463 0 -0.7730104533627363
    outer loop
      vertex 18.333289300941193 -20.6 15.594408836907636
      vertex 18.333289300941193 -24 15.594408836907636
      vertex 17.878679656440358 -20.6 15.221320343559643
    endloop
  endfacet
  facet normal 0.47139673682599664 0 -0.8819212643483556
    outer loop
      vertex 18.333289300941193 -20.6 15.594408836907636
      vertex 18.85194970290473 -24 15.87163859753386
      vertex 18.333289300941193 -24 15.594408836907636
    endloop
  endfacet
  facet normal 0.6343932841636463 0 -0.7730104533627363
    outer loop
      vertex 17.878679656440358 -20.6 15.221320343559643
      vertex 18.333289300941193 -24 15.594408836907636
      vertex 17.878679656440358 -24 15.221320343559643
    endloop
  endfacet
  facet normal 0 -1 0
    outer loop
      vertex 18.727207793864213 -20.6 14.372792206135784
      vertex 18.333289300941193 -20.6 15.594408836907636
      vertex 18.503354697855418 -20.6 14.100026419435284
    endloop
  endfacet
  facet normal 0 -1 0
    outer loop
      vertex 18.333289300941193 -20.6 15.594408836907636
      vertex 18.337016841479684 -20.6 13.788830178257161
      vertex 18.503354697855418 -20.6 14.100026419435284
    endloop
  endfacet
  facet normal 0 -1 0
    outer loop
      vertex 18.333289300941193 -20.6 15.594408836907636
      vertex 18.234586495274186 -20.6 13.451162579629031
      vertex 18.337016841479684 -20.6 13.788830178257161
    endloop
  endfacet
  facet normal 0 -1 0
    outer loop
      vertex 18.333289300941193 -20.6 15.594408836907636
      vertex 17.878679656440358 -20.6 15.221320343559643
      vertex 17.878679656440358 -20.6 10.978679656440356
    endloop
  endfacet
  facet normal 0 -1 0
    outer loop
      vertex 18.333289300941193 -20.6 15.594408836907636
      vertex 17.878679656440358 -20.6 10.978679656440356
      vertex 18.234586495274186 -20.6 13.451162579629031
    endloop
  endfacet
  facet normal 0.7730104533627387 0 -0.6343932841636433
    outer loop
      vertex 17.878679656440358 -20.6 15.221320343559643
      vertex 17.878679656440358 -24 15.221320343559643
      vertex 17.505591163092365 -20.6 14.766710699058805
    endloop
  endfacet
  facet normal 0.7730104533627387 0 -0.6343932841636433
    outer loop
      vertex 17.505591163092365 -20.6 14.766710699058805
      vertex 17.878679656440358 -24 15.221320343559643
      vertex 17.505591163092365 -24 14.766710699058805
    endloop
  endfacet
  facet normal 0 -1 0
    outer loop
      vertex 17.878679656440358 -20.6 15.221320343559643
      vertex 17.505591163092365 -20.6 14.766710699058805
      vertex 17.505591163092365 -20.6 11.433289300941194
    endloop
  endfacet
  facet normal 0.8819212643483556 0 -0.47139673682599664
    outer loop
      vertex 17.505591163092365 -20.6 14.766710699058805
      vertex 17.505591163092365 -24 14.766710699058805
      vertex 17.228361402466142 -20.6 14.248050297095268
    endloop
  endfacet
  facet normal 0 -1 0
    outer loop
      vertex 17.505591163092365 -20.6 14.766710699058805
      vertex 17.228361402466142 -20.6 14.248050297095268
      vertex 17.228361402466142 -20.6 11.95194970290473
    endloop
  endfacet
  facet normal 0.8819212643483556 0 -0.47139673682599664
    outer loop
      vertex 17.228361402466142 -20.6 14.248050297095268
      vertex 17.505591163092365 -24 14.766710699058805
      vertex 17.228361402466142 -24 14.248050297095268
    endloop
  endfacet
  facet normal 0 -1 0
    outer loop
      vertex 18.727207793864213 -20.6 11.827207793864215
      vertex 18.503354697855418 -20.6 12.099973580564715
      vertex 18.333289300941193 -20.6 10.605591163092363
    endloop
  endfacet
  facet normal 0 -1 0
    outer loop
      vertex 18.503354697855418 -20.6 12.099973580564715
      vertex 18.337016841479684 -20.6 12.411169821742838
      vertex 18.333289300941193 -20.6 10.605591163092363
    endloop
  endfacet
  facet normal 0 -1 0
    outer loop
      vertex 18.337016841479684 -20.6 12.411169821742838
      vertex 18.234586495274186 -20.6 12.748837420370968
      vertex 18.333289300941193 -20.6 10.605591163092363
    endloop
  endfacet
  facet normal 0 -1 0
    outer loop
      vertex 18.234586495274186 -20.6 13.451162579629031
      vertex 17.878679656440358 -20.6 10.978679656440356
      vertex 18.2 -20.6 13.1
    endloop
  endfacet
  facet normal 0 -1 0
    outer loop
      vertex 18.2 -20.6 13.1
      vertex 17.878679656440358 -20.6 10.978679656440356
      vertex 18.234586495274186 -20.6 12.748837420370968
    endloop
  endfacet
  facet normal 0 -1 0
    outer loop
      vertex 18.234586495274186 -20.6 12.748837420370968
      vertex 17.878679656440358 -20.6 10.978679656440356
      vertex 18.333289300941193 -20.6 10.605591163092363
    endloop
  endfacet
  facet normal 0.47139673682599664 0 0.8819212643483556
    outer loop
      vertex 18.85194970290473 -20.6 10.32836140246614
      vertex 18.333289300941193 -20.6 10.605591163092363
      vertex 18.333289300941193 -24 10.605591163092363
    endloop
  endfacet
  facet normal 0.6343932841636463 0 0.7730104533627363
    outer loop
      vertex 18.333289300941193 -20.6 10.605591163092363
      vertex 17.878679656440358 -20.6 10.978679656440356
      vertex 17.878679656440358 -24 10.978679656440356
    endloop
  endfacet
  facet normal 0.6343932841636463 0 0.7730104533627363
    outer loop
      vertex 18.333289300941193 -20.6 10.605591163092363
      vertex 17.878679656440358 -24 10.978679656440356
      vertex 18.333289300941193 -24 10.605591163092363
    endloop
  endfacet
  facet normal 0 -1 0
    outer loop
      vertex 17.878679656440358 -20.6 15.221320343559643
      vertex 17.505591163092365 -20.6 11.433289300941194
      vertex 17.878679656440358 -20.6 10.978679656440356
    endloop
  endfacet
  facet normal 0.7730104533627387 0 0.6343932841636433
    outer loop
      vertex 17.505591163092365 -20.6 11.433289300941194
      vertex 17.505591163092365 -24 11.433289300941194
      vertex 17.878679656440358 -20.6 10.978679656440356
    endloop
  endfacet
  facet normal 0 -1 0
    outer loop
      vertex 17.505591163092365 -20.6 14.766710699058805
      vertex 17.228361402466142 -20.6 11.95194970290473
      vertex 17.505591163092365 -20.6 11.433289300941194
    endloop
  endfacet
  facet normal 0.8819212643483556 0 0.47139673682599664
    outer loop
      vertex 17.505591163092365 -20.6 11.433289300941194
      vertex 17.228361402466142 -20.6 11.95194970290473
      vertex 17.228361402466142 -24 11.95194970290473
    endloop
  endfacet
  facet normal 0.7730104533627387 0 0.6343932841636433
    outer loop
      vertex 17.878679656440358 -20.6 10.978679656440356
      vertex 17.505591163092365 -24 11.433289300941194
      vertex 17.878679656440358 -24 10.978679656440356
    endloop
  endfacet
  facet normal 0.8819212643483556 0 0.47139673682599664
    outer loop
      vertex 17.505591163092365 -20.6 11.433289300941194
      vertex 17.228361402466142 -24 11.95194970290473
      vertex 17.505591163092365 -24 11.433289300941194
    endloop
  endfacet
  facet normal 0.9569403357322086 0 -0.29028467725446333
    outer loop
      vertex 17.228361402466142 -20.6 14.248050297095268
      vertex 17.228361402466142 -24 14.248050297095268
      vertex 17.05764415879031 -20.6 13.685270966048385
    endloop
  endfacet
  facet normal 0 -1 0
    outer loop
      vertex 17.228361402466142 -20.6 14.248050297095268
      vertex 17.05764415879031 -20.6 13.685270966048385
      vertex 17.05764415879031 -20.6 12.514729033951614
    endloop
  endfacet
  facet normal 0 -1 0
    outer loop
      vertex 17.05764415879031 -20.6 13.685270966048385
      vertex 17 -20.6 13.1
      vertex 17.05764415879031 -20.6 12.514729033951614
    endloop
  endfacet
  facet normal 0.9951847266721966 0 -0.09801714032956355
    outer loop
      vertex 17.05764415879031 -20.6 13.685270966048385
      vertex 17.05764415879031 -24 13.685270966048385
      vertex 17 -20.6 13.1
    endloop
  endfacet
  facet normal 0.9569403357322086 0 -0.29028467725446333
    outer loop
      vertex 17.05764415879031 -20.6 13.685270966048385
      vertex 17.228361402466142 -24 14.248050297095268
      vertex 17.05764415879031 -24 13.685270966048385
    endloop
  endfacet
  facet normal 0.9951847266721966 0 -0.09801714032956355
    outer loop
      vertex 17 -20.6 13.1
      vertex 17.05764415879031 -24 13.685270966048385
      vertex 17 -24 13.1
    endloop
  endfacet
  facet normal 0 -1 0
    outer loop
      vertex 17.228361402466142 -20.6 14.248050297095268
      vertex 17.05764415879031 -20.6 12.514729033951614
      vertex 17.228361402466142 -20.6 11.95194970290473
    endloop
  endfacet
  facet normal 0.9569403357322086 0 0.29028467725446333
    outer loop
      vertex 17.05764415879031 -20.6 12.514729033951614
      vertex 17.05764415879031 -24 12.514729033951614
      vertex 17.228361402466142 -20.6 11.95194970290473
    endloop
  endfacet
  facet normal 0.9951847266721966 0 0.09801714032956355
    outer loop
      vertex 17 -20.6 13.1
      vertex 17 -24 13.1
      vertex 17.05764415879031 -20.6 12.514729033951614
    endloop
  endfacet
  facet normal 0.9569403357322086 0 0.29028467725446333
    outer loop
      vertex 17.228361402466142 -20.6 11.95194970290473
      vertex 17.05764415879031 -24 12.514729033951614
      vertex 17.228361402466142 -24 11.95194970290473
    endloop
  endfacet
  facet normal 0.9951847266721966 0 0.09801714032956355
    outer loop
      vertex 17.05764415879031 -20.6 12.514729033951614
      vertex 17 -24 13.1
      vertex 17.05764415879031 -24 12.514729033951614
    endloop
  endfacet
  facet normal -0.9510565162951538 0 -0.30901699437494684
    outer loop
      vertex 23 -18 20
      vertex 23 -24 20
      vertex 22.427050983124843 -18 21.76335575687742
    endloop
  endfacet
  facet normal -0.9510565162951538 0 0.30901699437494684
    outer loop
      vertex 23 -18 20
      vertex 22.427050983124843 -18 18.23664424312258
      vertex 23 -24 20
    endloop
  endfacet
  facet normal -0.9510565162951538 0 -0.30901699437494684
    outer loop
      vertex 22.427050983124843 -18 21.76335575687742
      vertex 23 -24 20
      vertex 22.427050983124843 -24 21.76335575687742
    endloop
  endfacet
  facet normal -0.587785252292473 0 -0.8090169943749476
    outer loop
      vertex 22.427050983124843 -18 21.76335575687742
      vertex 22.427050983124843 -24 21.76335575687742
      vertex 20.927050983124843 -18 22.85316954888546
    endloop
  endfacet
  facet normal -0.587785252292473 0 -0.8090169943749476
    outer loop
      vertex 20.927050983124843 -18 22.85316954888546
      vertex 22.427050983124843 -24 21.76335575687742
      vertex 20.927050983124843 -24 22.85316954888546
    endloop
  endfacet
  facet normal -0.9510565162951538 0 0.30901699437494684
    outer loop
      vertex 22.427050983124843 -18 18.23664424312258
      vertex 22.427050983124843 -24 18.23664424312258
      vertex 23 -24 20
    endloop
  endfacet
  facet normal -0.587785252292473 0 0.8090169943749476
    outer loop
      vertex 22.427050983124843 -18 18.23664424312258
      vertex 20.927050983124843 -18 17.14683045111454
      vertex 20.927050983124843 -24 17.14683045111454
    endloop
  endfacet
  facet normal -0.587785252292473 0 0.8090169943749476
    outer loop
      vertex 22.427050983124843 -18 18.23664424312258
      vertex 20.927050983124843 -24 17.14683045111454
      vertex 22.427050983124843 -24 18.23664424312258
    endloop
  endfacet
  facet normal 0 0 -1
    outer loop
      vertex 20.927050983124843 -18 22.85316954888546
      vertex 20.927050983124843 -24 22.85316954888546
      vertex 19.072949016875157 -18 22.85316954888546
    endloop
  endfacet
  facet normal 0 0 1
    outer loop
      vertex 20.927050983124843 -18 17.14683045111454
      vertex 19.072949016875157 -24 17.14683045111454
      vertex 20.927050983124843 -24 17.14683045111454
    endloop
  endfacet
  facet normal 0 0 -1
    outer loop
      vertex 20.927050983124843 -24 22.85316954888546
      vertex 19.072949016875157 -24 22.85316954888546
      vertex 19.072949016875157 -18 22.85316954888546
    endloop
  endfacet
  facet normal 0 0 1
    outer loop
      vertex 20.927050983124843 -18 17.14683045111454
      vertex 19.072949016875157 -18 17.14683045111454
      vertex 19.072949016875157 -24 17.14683045111454
    endloop
  endfacet
  facet normal 0.587785252292473 0 -0.8090169943749476
    outer loop
      vertex 19.072949016875157 -18 22.85316954888546
      vertex 19.072949016875157 -24 22.85316954888546
      vertex 17.572949016875157 -18 21.76335575687742
    endloop
  endfacet
  facet normal 0.587785252292473 0 -0.8090169943749476
    outer loop
      vertex 17.572949016875157 -18 21.76335575687742
      vertex 19.072949016875157 -24 22.85316954888546
      vertex 17.572949016875157 -24 21.76335575687742
    endloop
  endfacet
  facet normal 0.9510565162951538 0 -0.30901699437494684
    outer loop
      vertex 17.572949016875157 -18 21.76335575687742
      vertex 17.572949016875157 -24 21.76335575687742
      vertex 17 -24 20
    endloop
  endfacet
  facet normal 0.587785252292473 0 0.8090169943749476
    outer loop
      vertex 19.072949016875157 -18 17.14683045111454
      vertex 17.572949016875157 -18 18.23664424312258
      vertex 17.572949016875157 -24 18.23664424312258
    endloop
  endfacet
  facet normal 0.587785252292473 0 0.8090169943749476
    outer loop
      vertex 19.072949016875157 -18 17.14683045111454
      vertex 17.572949016875157 -24 18.23664424312258
      vertex 19.072949016875157 -24 17.14683045111454
    endloop
  endfacet
  facet normal 0.9510565162951538 0 0.30901699437494684
    outer loop
      vertex 17.572949016875157 -18 18.23664424312258
      vertex 17 -24 20
      vertex 17.572949016875157 -24 18.23664424312258
    endloop
  endfacet
  facet normal 0.9510565162951538 0 -0.30901699437494684
    outer loop
      vertex 17.572949016875157 -18 21.76335575687742
      vertex 17 -24 20
      vertex 17 -18 20
    endloop
  endfacet
  facet normal 0.9510565162951538 0 0.30901699437494684
    outer loop
      vertex 17.572949016875157 -18 18.23664424312258
      vertex 17 -18 20
      vertex 17 -24 20
    endloop
  endfacet
  facet normal 0.8216366812183223 0.2870302940642605 0.4924700745892336
    outer loop
      vertex 29.701133907831906 -18 65.18536410508597
      vertex 24.74032679587241 0.75 62.53375746043974
      vertex 24.46914916612618 0.75 62.98619000248036
    endloop
  endfacet
  facet normal 0.7694097676129896 0.2870302940642608 0.5706331744572072
    outer loop
      vertex 29.146165735327997 -18 66.11127256321562
      vertex 24.46914916612618 0.75 62.98619000248036
      vertex 24.15493118682471 0.75 63.4098639023796
    endloop
  endfacet
  facet normal 0.9292137982345755 0.2870302940642606 0.23275593968759983
    outer loop
      vertex 30.788638084435533 -18 62.14599354217741
      vertex 25.271720882167365 0.75 61.048610480836686
      vertex 25.143554304560624 0.7499999999999964 61.56028014024273
    endloop
  endfacet
  facet normal 0.9019253082132143 0.2870302940642607 0.3227140354770497
    outer loop
      vertex 30.526343693054297 -18 63.19313144979908
      vertex 25.143554304560624 0.7499999999999964 61.56028014024273
      vertex 24.965852487248167 0.75 62.05692344896236
    endloop
  endfacet
  facet normal 0.9567676468808693 0.2870302940642608 0.04700298045260535
    outer loop
      vertex 25.349117905863057 0.75 60.52684212927139
      vertex 31 -18 60
      vertex 25.375 0.75 60
    endloop
  endfacet
  facet normal 0.9567676468808695 0.2870302940642609 -0.04700298045260343
    outer loop
      vertex 25.375 0.75 60
      vertex 30.947031993394166 -18 58.92181145637483
      vertex 25.349117905863057 0.7500000000000036 59.47315787072861
    endloop
  endfacet
  facet normal 0.9475534514190095 0.28703029406426106 0.1405562769616033
    outer loop
      vertex 30.947031993394166 -18 61.07818854362517
      vertex 25.349117905863057 0.75 60.52684212927139
      vertex 25.271720882167365 0.75 61.048610480836686
    endloop
  endfacet
  facet normal 0.9475534514190092 0.28703029406426067 -0.14055627696160597
    outer loop
      vertex 25.349117905863057 0.7500000000000036 59.47315787072861
      vertex 30.788638084435533 -18 57.85400645782259
      vertex 25.271720882167365 0.75 58.951389519163314
    endloop
  endfacet
  facet normal 0.9292137982345758 0.28703029406426067 -0.23275593968759853
    outer loop
      vertex 25.271720882167365 0.75 58.951389519163314
      vertex 30.788638084435533 -18 57.85400645782259
      vertex 25.143554304560624 0.7499999999999964 58.43971985975727
    endloop
  endfacet
  facet normal 0.9019253082132141 0.2870302940642609 -0.3227140354770495
    outer loop
      vertex 25.143554304560624 0.7499999999999964 58.43971985975727
      vertex 30.526343693054297 -18 56.80686855020092
      vertex 24.965852487248167 0.75 57.94307655103764
    endloop
  endfacet
  facet normal 0.8659507844312302 0.2870302940642606 0.4095642186914298
    outer loop
      vertex 30.162674857624154 -18 64.20951775601598
      vertex 24.965852487248167 0.75 62.05692344896236
      vertex 24.74032679587241 0.75 62.53375746043974
    endloop
  endfacet
  facet normal 0.8659507844312302 0.2870302940642607 -0.40956421869142945
    outer loop
      vertex 24.965852487248167 0.75 57.94307655103764
      vertex 30.162674857624154 -18 55.790482243984016
      vertex 24.74032679587241 0.75 57.46624253956026
    endloop
  endfacet
  facet normal 0.8216366812183222 0.2870302940642608 -0.4924700745892335
    outer loop
      vertex 24.74032679587241 0.75 57.46624253956026
      vertex 29.701133907831906 -18 54.814635894914026
      vertex 24.46914916612618 0.75 57.01380999751964
    endloop
  endfacet
  facet normal 0.7694097676129896 0.2870302940642608 -0.5706331744572068
    outer loop
      vertex 24.46914916612618 0.75 57.01380999751964
      vertex 29.146165735327997 -18 53.88872743678438
      vertex 24.15493118682471 0.75 56.5901360976204
    endloop
  endfacet
  facet normal 0.865950784431226 0.2870302940642609 0.40956421869143844
    outer loop
      vertex 24.74032679587241 0.75 62.53375746043974
      vertex 29.985589359418057 -18 64.58393358407078
      vertex 30.07416203706039 -18 64.39666239146365
    endloop
  endfacet
  facet normal 0.8659507844312371 0.2870302940642614 0.40956421869141457
    outer loop
      vertex 30.162674857624154 -18 64.20951775601598
      vertex 24.74032679587241 0.75 62.53375746043974
      vertex 30.07416203706039 -18 64.39666239146365
    endloop
  endfacet
  facet normal 0 -1 0
    outer loop
      vertex 30.526343693054297 -18 63.19313144979908
      vertex 30.07416203706039 -18 64.39666239146365
      vertex 30.73206574574803 -18 62.37184297818915
    endloop
  endfacet
  facet normal 0 -1 0
    outer loop
      vertex 30.162674857624154 -18 64.20951775601598
      vertex 30.07416203706039 -18 64.39666239146365
      vertex 30.526343693054297 -18 63.19313144979908
    endloop
  endfacet
  facet normal 0 -1 0
    outer loop
      vertex 28.503114986990106 -18 66.9783261258001
      vertex 27.447592438494155 -18 68.0777967929638
      vertex 28.809367696104026 -18 66.56539214947753
    endloop
  endfacet
  facet normal 0 -1 0
    outer loop
      vertex 29.701133907831906 -18 65.18536410508597
      vertex 28.954835805427017 -18 66.36925110966544
      vertex 29.985589359418057 -18 64.58393358407078
    endloop
  endfacet
  facet normal 0 -1 0
    outer loop
      vertex 29.146165735327997 -18 66.11127256321562
      vertex 28.954835805427017 -18 66.36925110966544
      vertex 29.701133907831906 -18 65.18536410508597
    endloop
  endfacet
  facet normal 0.9475534514190084 0.2870302940642607 0.14055627696161058
    outer loop
      vertex 30.788638084435533 -18 62.14599354217741
      vertex 30.947031993394166 -18 61.07818854362517
      vertex 25.271720882167365 0.75 61.048610480836686
    endloop
  endfacet
  facet normal 0.9567676468808695 0.28703029406426095 0.047002980452602934
    outer loop
      vertex 30.947031993394166 -18 61.07818854362517
      vertex 31 -18 60
      vertex 25.349117905863057 0.75 60.52684212927139
    endloop
  endfacet
  facet normal 0.9567676468808695 0.28703029406426084 -0.04700298045260323
    outer loop
      vertex 25.375 0.75 60
      vertex 31 -18 60
      vertex 30.947031993394166 -18 58.92181145637483
    endloop
  endfacet
  facet normal 0.929213798234577 0.28703029406426084 0.2327559396875943
    outer loop
      vertex 30.526343693054297 -18 63.19313144979908
      vertex 30.73206574574803 -18 62.37184297818915
      vertex 25.143554304560624 0.7499999999999964 61.56028014024273
    endloop
  endfacet
  facet normal 0.9292137982345757 0.28703029406426067 0.2327559396875988
    outer loop
      vertex 25.143554304560624 0.7499999999999964 61.56028014024273
      vertex 30.73206574574803 -18 62.37184297818915
      vertex 30.764187558124803 -18 62.2436055148408
    endloop
  endfacet
  facet normal 0.9292137982345773 0.2870302940642609 0.23275593968759264
    outer loop
      vertex 30.788638084435533 -18 62.14599354217741
      vertex 25.143554304560624 0.7499999999999964 61.56028014024273
      vertex 30.764187558124803 -18 62.2436055148408
    endloop
  endfacet
  facet normal 0.9019253082132129 0.2870302940642607 0.3227140354770533
    outer loop
      vertex 30.162674857624154 -18 64.20951775601598
      vertex 30.526343693054297 -18 63.19313144979908
      vertex 24.965852487248167 0.75 62.05692344896236
    endloop
  endfacet
  facet normal 0.9475534514190084 0.2870302940642608 -0.1405562769616104
    outer loop
      vertex 25.349117905863057 0.7500000000000036 59.47315787072861
      vertex 30.947031993394166 -18 58.92181145637483
      vertex 30.788638084435533 -18 57.85400645782259
    endloop
  endfacet
  facet normal 0.9292137982345768 0.28703029406426084 -0.23275593968759434
    outer loop
      vertex 25.143554304560624 0.7499999999999964 58.43971985975727
      vertex 30.788638084435533 -18 57.85400645782259
      vertex 30.764187558124803 -18 57.7563944851592
    endloop
  endfacet
  facet normal 0.9292137982345757 0.28703029406426067 -0.2327559396875988
    outer loop
      vertex 25.143554304560624 0.7499999999999964 58.43971985975727
      vertex 30.764187558124803 -18 57.7563944851592
      vertex 30.73206574574803 -18 57.62815702181085
    endloop
  endfacet
  facet normal 0.9292137982345771 0.28703029406426084 -0.23275593968759398
    outer loop
      vertex 25.143554304560624 0.7499999999999964 58.43971985975727
      vertex 30.73206574574803 -18 57.62815702181085
      vertex 30.526343693054297 -18 56.80686855020092
    endloop
  endfacet
  facet normal 0.9019253082132128 0.28703029406426067 -0.3227140354770539
    outer loop
      vertex 24.965852487248167 0.75 57.94307655103764
      vertex 30.526343693054297 -18 56.80686855020092
      vertex 30.162674857624154 -18 55.790482243984016
    endloop
  endfacet
  facet normal 0.8659507844312316 0.2870302940642606 -0.40956421869142645
    outer loop
      vertex 24.74032679587241 0.75 57.46624253956026
      vertex 30.162674857624154 -18 55.790482243984016
      vertex 30.07416203706039 -18 55.60333760853636
    endloop
  endfacet
  facet normal 0.865950784431232 0.28703029406426106 -0.4095642186914255
    outer loop
      vertex 24.74032679587241 0.75 57.46624253956026
      vertex 30.07416203706039 -18 55.60333760853636
      vertex 29.985589359418057 -18 55.41606641592922
    endloop
  endfacet
  facet normal 0 -1 0
    outer loop
      vertex 30.788638084435533 -18 62.14599354217741
      vertex 30.764187558124803 -18 62.2436055148408
      vertex 30.947031993394166 -18 61.07818854362517
    endloop
  endfacet
  facet normal 0 -1 0
    outer loop
      vertex 30.947031993394166 -18 61.07818854362517
      vertex 30.764187558124803 -18 62.2436055148408
      vertex 31 -18 60
    endloop
  endfacet
  facet normal 0.8659507844312289 0.2870302940642607 0.4095642186914324
    outer loop
      vertex 29.701133907831906 -18 65.18536410508597
      vertex 29.985589359418057 -18 64.58393358407078
      vertex 24.74032679587241 0.75 62.53375746043974
    endloop
  endfacet
  facet normal 0.8216366812183242 0.2870302940642607 0.4924700745892299
    outer loop
      vertex 29.146165735327997 -18 66.11127256321562
      vertex 29.701133907831906 -18 65.18536410508597
      vertex 24.46914916612618 0.75 62.98619000248036
    endloop
  endfacet
  facet normal 0.7694097676129782 0.28703029406426006 0.570633174457223
    outer loop
      vertex 29.146165735327997 -18 66.11127256321562
      vertex 24.15493118682471 0.75 63.4098639023796
      vertex 28.954835805427017 -18 66.36925110966544
    endloop
  endfacet
  facet normal 0.7694097676130073 0.2870302940642615 0.5706331744571828
    outer loop
      vertex 24.15493118682471 0.75 63.4098639023796
      vertex 28.809367696104026 -18 66.56539214947753
      vertex 28.954835805427017 -18 66.36925110966544
    endloop
  endfacet
  facet normal 0.7694097676129796 0.28703029406426067 0.5706331744572204
    outer loop
      vertex 28.503114986990106 -18 66.9783261258001
      vertex 28.809367696104026 -18 66.56539214947753
      vertex 24.15493118682471 0.75 63.4098639023796
    endloop
  endfacet
  facet normal 0.7097730173433779 0.2870302940642608 0.6433007649153395
    outer loop
      vertex 28.503114986990106 -18 66.9783261258001
      vertex 23.800698948877695 0.75 63.800698948877695
      vertex 27.77817459305202 -18 67.77817459305203
    endloop
  endfacet
  facet normal 0.6433007649153374 0.28703029406426067 0.7097730173433799
    outer loop
      vertex 27.77817459305202 -18 67.77817459305203
      vertex 23.409863902379595 0.75 64.15493118682471
      vertex 27.447592438494155 -18 68.0777967929638
    endloop
  endfacet
  facet normal 0.6433007649153613 0.287030294064261 0.7097730173433582
    outer loop
      vertex 23.409863902379595 0.75 64.15493118682471
      vertex 27.26142419117516 -18 68.24652985688263
      vertex 27.447592438494155 -18 68.0777967929638
    endloop
  endfacet
  facet normal 0.6433007649153458 0.28703029406426106 0.7097730173433722
    outer loop
      vertex 26.978326125800102 -18 68.50311498699011
      vertex 27.26142419117516 -18 68.24652985688263
      vertex 23.409863902379595 0.75 64.15493118682471
    endloop
  endfacet
  facet normal 0 -1 0
    outer loop
      vertex 28.503114986990106 -18 66.9783261258001
      vertex 27.77817459305202 -18 67.77817459305203
      vertex 27.447592438494155 -18 68.0777967929638
    endloop
  endfacet
  facet normal 0 -1 0
    outer loop
      vertex 26.978326125800102 -18 68.50311498699011
      vertex 25.60797756885274 -18 69.44782914578668
      vertex 27.26142419117516 -18 68.24652985688263
    endloop
  endfacet
  facet normal 0 -1 0
    outer loop
      vertex 26.978326125800102 -18 68.50311498699011
      vertex 26.111272563215625 -18 69.146165735328
      vertex 25.60797756885274 -18 69.44782914578668
    endloop
  endfacet
  facet normal 0.8659507844312305 0.28703029406426056 -0.4095642186914289
    outer loop
      vertex 24.74032679587241 0.75 57.46624253956026
      vertex 29.985589359418057 -18 55.41606641592922
      vertex 29.701133907831906 -18 54.814635894914026
    endloop
  endfacet
  facet normal 0.8216366812183229 0.28703029406426095 -0.4924700745892325
    outer loop
      vertex 24.46914916612618 0.75 57.01380999751964
      vertex 29.701133907831906 -18 54.814635894914026
      vertex 29.146165735327997 -18 53.88872743678438
    endloop
  endfacet
  facet normal 0.7694097676129849 0.2870302940642602 -0.5706331744572138
    outer loop
      vertex 24.15493118682471 0.75 56.5901360976204
      vertex 29.146165735327997 -18 53.88872743678438
      vertex 28.954835805427017 -18 53.63074889033455
    endloop
  endfacet
  facet normal 0.7694097676129885 0.2870302940642607 -0.5706331744572085
    outer loop
      vertex 24.15493118682471 0.75 56.5901360976204
      vertex 28.954835805427017 -18 53.63074889033455
      vertex 28.809367696104026 -18 53.434607850522475
    endloop
  endfacet
  facet normal 0.7694097676129888 0.2870302940642606 -0.570633174457208
    outer loop
      vertex 24.15493118682471 0.75 56.5901360976204
      vertex 28.809367696104026 -18 53.434607850522475
      vertex 28.503114986990106 -18 53.0216738741999
    endloop
  endfacet
  facet normal 0.7097730173433723 0.28703029406426067 -0.6433007649153459
    outer loop
      vertex 23.800698948877695 0.75 56.199301051122305
      vertex 28.503114986990106 -18 53.0216738741999
      vertex 27.77817459305202 -18 52.22182540694798
    endloop
  endfacet
  facet normal 0.6433007649153468 0.28703029406426067 -0.7097730173433713
    outer loop
      vertex 23.800698948877695 0.75 56.199301051122305
      vertex 27.77817459305202 -18 52.22182540694798
      vertex 27.447592438494155 -18 51.922203207036205
    endloop
  endfacet
  facet normal 0.6433007649153597 0.2870302940642609 -0.7097730173433597
    outer loop
      vertex 23.800698948877695 0.75 56.199301051122305
      vertex 27.447592438494155 -18 51.922203207036205
      vertex 27.26142419117516 -18 51.75347014311737
    endloop
  endfacet
  facet normal 0.6433007649153357 0.2870302940642612 -0.7097730173433814
    outer loop
      vertex 23.800698948877695 0.75 56.199301051122305
      vertex 27.26142419117516 -18 51.75347014311737
      vertex 26.978326125800102 -18 51.496885013009894
    endloop
  endfacet
  facet normal 0.64330076491534 0.2870302940642605 0.7097730173433775
    outer loop
      vertex 27.77817459305202 -18 67.77817459305203
      vertex 23.800698948877695 0.75 63.800698948877695
      vertex 23.409863902379595 0.75 64.15493118682471
    endloop
  endfacet
  facet normal 0.7097730173433737 0.2870302940642606 0.6433007649153442
    outer loop
      vertex 28.503114986990106 -18 66.9783261258001
      vertex 24.15493118682471 0.75 63.4098639023796
      vertex 23.800698948877695 0.75 63.800698948877695
    endloop
  endfacet
  facet normal 0.5706331744572185 0.2870302940642606 0.7694097676129812
    outer loop
      vertex 26.111272563215625 -18 69.146165735328
      vertex 23.409863902379595 0.75 64.15493118682471
      vertex 22.986190002480363 0.75 64.46914916612619
    endloop
  endfacet
  facet normal 0.4924700745892194 0.28703029406426034 0.8216366812183308
    outer loop
      vertex 26.111272563215625 -18 69.146165735328
      vertex 22.986190002480363 0.75 64.46914916612619
      vertex 22.533757460439737 0.75 64.7403267958724
    endloop
  endfacet
  facet normal 0.40956421869141874 0.2870302940642608 0.8659507844312353
    outer loop
      vertex 25.185364105085974 -18 69.7011339078319
      vertex 22.533757460439737 0.75 64.7403267958724
      vertex 22.05692344896236 0.75 64.96585248724816
    endloop
  endfacet
  facet normal 0.3227140354770701 0.2870302940642614 0.9019253082132067
    outer loop
      vertex 24.209517756015988 -18 70.16267485762415
      vertex 22.05692344896236 0.75 64.96585248724816
      vertex 21.560280140242735 0.75 65.14355430456062
    endloop
  endfacet
  facet normal 0.23275593968758432 0.28703029406426095 0.9292137982345794
    outer loop
      vertex 23.193131449799086 -18 70.5263436930543
      vertex 21.560280140242735 0.75 65.14355430456062
      vertex 21.04861048083669 0.75 65.27172088216736
    endloop
  endfacet
  facet normal 0.14055627696163467 0.28703029406426145 0.9475534514190046
    outer loop
      vertex 22.14599354217741 -18 70.78863808443553
      vertex 21.04861048083669 0.75 65.27172088216736
      vertex 20.526842129271387 0.75 65.34911790586307
    endloop
  endfacet
  facet normal 0.047002980452586066 0.28703029406426006 0.9567676468808707
    outer loop
      vertex 21.078188543625167 -18 70.94703199339416
      vertex 20.526842129271387 0.75 65.34911790586307
      vertex 20 0.75 65.375
    endloop
  endfacet
  facet normal 0.5706331744572071 0.28703029406426106 0.7694097676129895
    outer loop
      vertex 26.978326125800102 -18 68.50311498699011
      vertex 23.409863902379595 0.75 64.15493118682471
      vertex 26.111272563215625 -18 69.146165735328
    endloop
  endfacet
  facet normal 0.4924700745892305 0.2870302940642609 0.8216366812183239
    outer loop
      vertex 26.111272563215625 -18 69.146165735328
      vertex 22.533757460439737 0.75 64.7403267958724
      vertex 25.60797756885274 -18 69.44782914578668
    endloop
  endfacet
  facet normal 0.49247007458923053 0.28703029406426034 0.8216366812183242
    outer loop
      vertex 22.533757460439737 0.75 64.7403267958724
      vertex 25.41092320631826 -18 69.56593898537125
      vertex 25.60797756885274 -18 69.44782914578668
    endloop
  endfacet
  facet normal 0.49247007458922537 0.28703029406426095 0.8216366812183269
    outer loop
      vertex 25.185364105085974 -18 69.7011339078319
      vertex 25.41092320631826 -18 69.56593898537125
      vertex 22.533757460439737 0.75 64.7403267958724
    endloop
  endfacet
  facet normal 0.40956421869143134 0.28703029406426117 0.8659507844312292
    outer loop
      vertex 25.185364105085974 -18 69.7011339078319
      vertex 22.05692344896236 0.75 64.96585248724816
      vertex 24.209517756015988 -18 70.16267485762415
    endloop
  endfacet
  facet normal 0.3227140354770438 0.28703029406426034 0.9019253082132165
    outer loop
      vertex 24.209517756015988 -18 70.16267485762415
      vertex 21.560280140242735 0.75 65.14355430456062
      vertex 23.502201276829183 -18 70.41575674065723
    endloop
  endfacet
  facet normal 0.322714035477113 0.28703029406426056 0.9019253082131916
    outer loop
      vertex 21.560280140242735 0.75 65.14355430456062
      vertex 23.337184384405724 -18 70.4748007288799
      vertex 23.502201276829183 -18 70.41575674065723
    endloop
  endfacet
  facet normal 0 -1 0
    outer loop
      vertex 25.185364105085974 -18 69.7011339078319
      vertex 23.502201276829183 -18 70.41575674065723
      vertex 25.41092320631826 -18 69.56593898537125
    endloop
  endfacet
  facet normal 0 -1 0
    outer loop
      vertex 25.185364105085974 -18 69.7011339078319
      vertex 24.209517756015988 -18 70.16267485762415
      vertex 23.502201276829183 -18 70.41575674065723
    endloop
  endfacet
  facet normal 0.3227140354770537 0.28703029406426095 0.9019253082132128
    outer loop
      vertex 23.193131449799086 -18 70.5263436930543
      vertex 23.337184384405724 -18 70.4748007288799
      vertex 21.560280140242735 0.75 65.14355430456062
    endloop
  endfacet
  facet normal 0.23275593968759167 0.28703029406426106 0.9292137982345775
    outer loop
      vertex 23.193131449799086 -18 70.5263436930543
      vertex 21.04861048083669 0.75 65.27172088216736
      vertex 22.14599354217741 -18 70.78863808443553
    endloop
  endfacet
  facet normal 0.14055627696155698 0.28703029406426106 0.9475534514190161
    outer loop
      vertex 20.526842129271387 0.75 65.34911790586307
      vertex 21.12734144619558 -18 70.939740849051
      vertex 21.201717869486707 -18 70.92870814885255
    endloop
  endfacet
  facet normal 0.1405562769615735 0.2870302940642608 0.9475534514190139
    outer loop
      vertex 21.078188543625167 -18 70.94703199339416
      vertex 21.12734144619558 -18 70.939740849051
      vertex 20.526842129271387 0.75 65.34911790586307
    endloop
  endfacet
  facet normal 0.14055627696161238 0.28703029406426056 0.9475534514190083
    outer loop
      vertex 22.14599354217741 -18 70.78863808443553
      vertex 20.526842129271387 0.75 65.34911790586307
      vertex 21.201717869486707 -18 70.92870814885255
    endloop
  endfacet
  facet normal 0.04700298045260609 0.28703029406426084 0.9567676468808695
    outer loop
      vertex 21.078188543625167 -18 70.94703199339416
      vertex 20 0.75 65.375
      vertex 20 -18 71
    endloop
  endfacet
  facet normal 0 -1 0
    outer loop
      vertex 23.193131449799086 -18 70.5263436930543
      vertex 21.201717869486707 -18 70.92870814885255
      vertex 23.337184384405724 -18 70.4748007288799
    endloop
  endfacet
  facet normal 0 -1 0
    outer loop
      vertex 23.193131449799086 -18 70.5263436930543
      vertex 22.14599354217741 -18 70.78863808443553
      vertex 21.201717869486707 -18 70.92870814885255
    endloop
  endfacet
  facet normal 0 -1 0
    outer loop
      vertex 21.078188543625167 -18 70.94703199339416
      vertex 18.87265855380442 -18 70.939740849051
      vertex 21.12734144619558 -18 70.939740849051
    endloop
  endfacet
  facet normal 0.7097730173433738 0.2870302940642607 -0.6433007649153439
    outer loop
      vertex 24.15493118682471 0.75 56.5901360976204
      vertex 28.503114986990106 -18 53.0216738741999
      vertex 23.800698948877695 0.75 56.199301051122305
    endloop
  endfacet
  facet normal 0.6433007649153407 0.2870302940642609 -0.7097730173433767
    outer loop
      vertex 23.800698948877695 0.75 56.199301051122305
      vertex 26.978326125800102 -18 51.496885013009894
      vertex 23.409863902379595 0.75 55.84506881317529
    endloop
  endfacet
  facet normal 0.57063317445721 0.28703029406426084 -0.7694097676129873
    outer loop
      vertex 23.409863902379595 0.75 55.84506881317529
      vertex 26.111272563215625 -18 50.853834264672
      vertex 22.986190002480363 0.75 55.53085083387382
    endloop
  endfacet
  facet normal 0.49247007458922865 0.28703029406426084 -0.8216366812183249
    outer loop
      vertex 22.986190002480363 0.75 55.53085083387382
      vertex 25.185364105085974 -18 50.2988660921681
      vertex 22.533757460439737 0.75 55.259673204127594
    endloop
  endfacet
  facet normal 0.40956421869142945 0.28703029406426095 -0.8659507844312302
    outer loop
      vertex 22.533757460439737 0.75 55.259673204127594
      vertex 24.209517756015988 -18 49.837325142375846
      vertex 22.05692344896236 0.75 55.03414751275184
    endloop
  endfacet
  facet normal 0.3227140354770591 0.2870302940642609 -0.9019253082132108
    outer loop
      vertex 22.05692344896236 0.75 55.03414751275184
      vertex 23.193131449799086 -18 49.4736563069457
      vertex 21.560280140242735 0.75 54.856445695439376
    endloop
  endfacet
  facet normal 0.23275593968759667 0.28703029406426067 -0.9292137982345764
    outer loop
      vertex 21.560280140242735 0.75 54.856445695439376
      vertex 22.14599354217741 -18 49.21136191556447
      vertex 21.04861048083669 0.75 54.728279117832635
    endloop
  endfacet
  facet normal 0.14055627696160944 0.2870302940642605 -0.9475534514190085
    outer loop
      vertex 21.04861048083669 0.75 54.728279117832635
      vertex 21.078188543625167 -18 49.05296800660584
      vertex 20.526842129271387 0.75 54.65088209413694
    endloop
  endfacet
  facet normal 0.047002980452598916 0.2870302940642609 -0.9567676468808697
    outer loop
      vertex 20.526842129271387 0.75 54.65088209413694
      vertex 20 -18 49
      vertex 20 0.75 54.625
    endloop
  endfacet
  facet normal 0.5706331744572116 0.2870302940642607 -0.7694097676129862
    outer loop
      vertex 23.409863902379595 0.75 55.84506881317529
      vertex 26.978326125800102 -18 51.496885013009894
      vertex 26.111272563215625 -18 50.853834264672
    endloop
  endfacet
  facet normal 0.49247007458922915 0.28703029406426095 -0.8216366812183248
    outer loop
      vertex 22.986190002480363 0.75 55.53085083387382
      vertex 26.111272563215625 -18 50.853834264672
      vertex 25.607977568852714 -18 50.5521708542133
    endloop
  endfacet
  facet normal 0.49247007458922776 0.2870302940642607 -0.8216366812183256
    outer loop
      vertex 22.986190002480363 0.75 55.53085083387382
      vertex 25.607977568852714 -18 50.5521708542133
      vertex 25.41092320631828 -18 50.43406101462877
    endloop
  endfacet
  facet normal 0.49247007458923026 0.28703029406426045 -0.8216366812183241
    outer loop
      vertex 22.986190002480363 0.75 55.53085083387382
      vertex 25.41092320631828 -18 50.43406101462877
      vertex 25.185364105085974 -18 50.2988660921681
    endloop
  endfacet
  facet normal 0.4095642186914317 0.28703029406426067 -0.8659507844312291
    outer loop
      vertex 22.533757460439737 0.75 55.259673204127594
      vertex 25.185364105085974 -18 50.2988660921681
      vertex 24.209517756015988 -18 49.837325142375846
    endloop
  endfacet
  facet normal 0.3227140354770533 0.2870302940642609 -0.901925308213213
    outer loop
      vertex 22.05692344896236 0.75 55.03414751275184
      vertex 24.209517756015988 -18 49.837325142375846
      vertex 23.502201276829226 -18 49.58424325934278
    endloop
  endfacet
  facet normal 0.32271403547704125 0.28703029406426117 -0.9019253082132171
    outer loop
      vertex 22.05692344896236 0.75 55.03414751275184
      vertex 23.502201276829226 -18 49.58424325934278
      vertex 23.337184384405706 -18 49.5251992711201
    endloop
  endfacet
  facet normal 0.32271403547708805 0.2870302940642598 -0.9019253082132009
    outer loop
      vertex 22.05692344896236 0.75 55.03414751275184
      vertex 23.337184384405706 -18 49.5251992711201
      vertex 23.193131449799086 -18 49.4736563069457
    endloop
  endfacet
  facet normal 0.232755939687592 0.2870302940642609 -0.9292137982345775
    outer loop
      vertex 21.560280140242735 0.75 54.856445695439376
      vertex 23.193131449799086 -18 49.4736563069457
      vertex 22.14599354217741 -18 49.21136191556447
    endloop
  endfacet
  facet normal 0.14055627696161146 0.2870302940642608 -0.9475534514190083
    outer loop
      vertex 21.04861048083669 0.75 54.728279117832635
      vertex 22.14599354217741 -18 49.21136191556447
      vertex 21.201717869486703 -18 49.07129185114745
    endloop
  endfacet
  facet normal 0.14055627696158612 0.2870302940642616 -0.9475534514190117
    outer loop
      vertex 21.04861048083669 0.75 54.728279117832635
      vertex 21.201717869486703 -18 49.07129185114745
      vertex 21.127341446195587 -18 49.060259150948994
    endloop
  endfacet
  facet normal 0.14055627696154638 0.28703029406426306 -0.9475534514190171
    outer loop
      vertex 21.04861048083669 0.75 54.728279117832635
      vertex 21.127341446195587 -18 49.060259150948994
      vertex 21.078188543625167 -18 49.05296800660584
    endloop
  endfacet
  facet normal 0.04700298045260592 0.2870302940642606 -0.9567676468808695
    outer loop
      vertex 20.526842129271387 0.75 54.65088209413694
      vertex 21.078188543625167 -18 49.05296800660584
      vertex 20 -18 49
    endloop
  endfacet
  facet normal -0.04700298045258604 0.28703029406426106 0.9567676468808701
    outer loop
      vertex 20 -18 71
      vertex 20 0.75 65.375
      vertex 19.473157870728613 0.75 65.34911790586307
    endloop
  endfacet
  facet normal -0.14055627696163472 0.2870302940642599 0.947553451419005
    outer loop
      vertex 18.921811456374833 -18 70.94703199339416
      vertex 19.473157870728613 0.75 65.34911790586307
      vertex 18.95138951916331 0.75 65.27172088216736
    endloop
  endfacet
  facet normal -0.23275593968758548 0.28703029406426117 0.9292137982345791
    outer loop
      vertex 17.85400645782259 -18 70.78863808443553
      vertex 18.95138951916331 0.75 65.27172088216736
      vertex 18.439719859757265 0.75 65.14355430456062
    endloop
  endfacet
  facet normal -0.3227140354770702 0.2870302940642606 0.901925308213207
    outer loop
      vertex 16.806868550200914 -18 70.5263436930543
      vertex 18.439719859757265 0.75 65.14355430456062
      vertex 17.94307655103764 0.75 64.96585248724816
    endloop
  endfacet
  facet normal -0.40956421869141973 0.28703029406426117 0.8659507844312347
    outer loop
      vertex 15.790482243984012 -18 70.16267485762415
      vertex 17.94307655103764 0.75 64.96585248724816
      vertex 17.466242539560263 0.75 64.7403267958724
    endloop
  endfacet
  facet normal -0.4924700745892193 0.28703029406426084 0.8216366812183307
    outer loop
      vertex 14.814635894914026 -18 69.7011339078319
      vertex 17.466242539560263 0.75 64.7403267958724
      vertex 17.013809997519637 0.75 64.46914916612619
    endloop
  endfacet
  facet normal -0.5706331744572184 0.2870302940642605 0.7694097676129814
    outer loop
      vertex 17.013809997519637 0.75 64.46914916612619
      vertex 16.590136097620405 0.75 64.15493118682471
      vertex 13.888727436784375 -18 69.146165735328
    endloop
  endfacet
  facet normal -0.6433007649153407 0.2870302940642611 0.7097730173433767
    outer loop
      vertex 16.590136097620405 0.75 64.15493118682471
      vertex 16.199301051122305 0.75 63.800698948877695
      vertex 13.0216738741999 -18 68.50311498699011
    endloop
  endfacet
  facet normal -0.709773017343374 0.2870302940642606 0.643300764915344
    outer loop
      vertex 16.199301051122305 0.75 63.800698948877695
      vertex 15.845068813175288 0.75 63.4098639023796
      vertex 11.496885013009893 -18 66.9783261258001
    endloop
  endfacet
  facet normal -0.0470029804526061 0.2870302940642603 0.9567676468808696
    outer loop
      vertex 20 -18 71
      vertex 19.473157870728613 0.75 65.34911790586307
      vertex 18.921811456374833 -18 70.94703199339416
    endloop
  endfacet
  facet normal -0.14055627696157344 0.28703029406426234 0.9475534514190135
    outer loop
      vertex 18.921811456374833 -18 70.94703199339416
      vertex 18.95138951916331 0.75 65.27172088216736
      vertex 18.87265855380442 -18 70.939740849051
    endloop
  endfacet
  facet normal -0.1405562769615569 0.28703029406426295 0.9475534514190156
    outer loop
      vertex 18.95138951916331 0.75 65.27172088216736
      vertex 18.798282130513293 -18 70.92870814885255
      vertex 18.87265855380442 -18 70.939740849051
    endloop
  endfacet
  facet normal -0.14055627696161235 0.2870302940642611 0.947553451419008
    outer loop
      vertex 17.85400645782259 -18 70.78863808443553
      vertex 18.798282130513293 -18 70.92870814885255
      vertex 18.95138951916331 0.75 65.27172088216736
    endloop
  endfacet
  facet normal -0.23275593968759167 0.2870302940642609 0.9292137982345775
    outer loop
      vertex 17.85400645782259 -18 70.78863808443553
      vertex 18.439719859757265 0.75 65.14355430456062
      vertex 16.806868550200914 -18 70.5263436930543
    endloop
  endfacet
  facet normal 0 -1 0
    outer loop
      vertex 21.078188543625167 -18 70.94703199339416
      vertex 20 -18 71
      vertex 18.87265855380442 -18 70.939740849051
    endloop
  endfacet
  facet normal 0 -1 0
    outer loop
      vertex 20 -18 71
      vertex 18.921811456374833 -18 70.94703199339416
      vertex 18.87265855380442 -18 70.939740849051
    endloop
  endfacet
  facet normal 0 -1 0
    outer loop
      vertex 17.85400645782259 -18 70.78863808443553
      vertex 16.662815615594276 -18 70.4748007288799
      vertex 18.798282130513293 -18 70.92870814885255
    endloop
  endfacet
  facet normal -0.32271403547705363 0.2870302940642614 0.9019253082132127
    outer loop
      vertex 16.806868550200914 -18 70.5263436930543
      vertex 17.94307655103764 0.75 64.96585248724816
      vertex 16.662815615594276 -18 70.4748007288799
    endloop
  endfacet
  facet normal -0.32271403547710914 0.2870302940642595 0.9019253082131934
    outer loop
      vertex 17.94307655103764 0.75 64.96585248724816
      vertex 16.497798723170817 -18 70.41575674065723
      vertex 16.662815615594276 -18 70.4748007288799
    endloop
  endfacet
  facet normal -0.32271403547704375 0.2870302940642611 0.9019253082132163
    outer loop
      vertex 15.790482243984012 -18 70.16267485762415
      vertex 16.497798723170817 -18 70.41575674065723
      vertex 17.94307655103764 0.75 64.96585248724816
    endloop
  endfacet
  facet normal -0.40956421869143145 0.2870302940642609 0.8659507844312293
    outer loop
      vertex 15.790482243984012 -18 70.16267485762415
      vertex 17.466242539560263 0.75 64.7403267958724
      vertex 14.814635894914026 -18 69.7011339078319
    endloop
  endfacet
  facet normal -0.49247007458922837 0.2870302940642606 0.8216366812183253
    outer loop
      vertex 14.814635894914026 -18 69.7011339078319
      vertex 17.013809997519637 0.75 64.46914916612619
      vertex 14.589076793681743 -18 69.56593898537125
    endloop
  endfacet
  facet normal -0.49247007458923125 0.28703029406426034 0.8216366812183238
    outer loop
      vertex 17.013809997519637 0.75 64.46914916612619
      vertex 14.392022431147263 -18 69.44782914578668
      vertex 14.589076793681743 -18 69.56593898537125
    endloop
  endfacet
  facet normal -0.4924700745892286 0.28703029406426056 0.8216366812183253
    outer loop
      vertex 17.013809997519637 0.75 64.46914916612619
      vertex 13.888727436784375 -18 69.146165735328
      vertex 14.392022431147263 -18 69.44782914578668
    endloop
  endfacet
  facet normal -0.5706331744572083 0.2870302940642609 0.7694097676129886
    outer loop
      vertex 16.590136097620405 0.75 64.15493118682471
      vertex 13.0216738741999 -18 68.50311498699011
      vertex 13.888727436784375 -18 69.146165735328
    endloop
  endfacet
  facet normal 0 -1 0
    outer loop
      vertex 17.85400645782259 -18 70.78863808443553
      vertex 16.806868550200914 -18 70.5263436930543
      vertex 16.662815615594276 -18 70.4748007288799
    endloop
  endfacet
  facet normal 0 -1 0
    outer loop
      vertex 15.790482243984012 -18 70.16267485762415
      vertex 14.589076793681743 -18 69.56593898537125
      vertex 16.497798723170817 -18 70.41575674065723
    endloop
  endfacet
  facet normal 0 -1 0
    outer loop
      vertex 15.790482243984012 -18 70.16267485762415
      vertex 14.814635894914026 -18 69.7011339078319
      vertex 14.589076793681743 -18 69.56593898537125
    endloop
  endfacet
  facet normal -0.04700298045259892 0.2870302940642605 -0.9567676468808698
    outer loop
      vertex 20 0.75 54.625
      vertex 18.921811456374833 -18 49.05296800660584
      vertex 19.473157870728613 0.75 54.65088209413694
    endloop
  endfacet
  facet normal -0.14055627696160944 0.28703029406426067 -0.9475534514190085
    outer loop
      vertex 19.473157870728613 0.75 54.65088209413694
      vertex 17.85400645782259 -18 49.21136191556447
      vertex 18.95138951916331 0.75 54.728279117832635
    endloop
  endfacet
  facet normal -0.23275593968759664 0.28703029406426095 -0.9292137982345762
    outer loop
      vertex 18.95138951916331 0.75 54.728279117832635
      vertex 16.806868550200914 -18 49.4736563069457
      vertex 18.439719859757265 0.75 54.856445695439376
    endloop
  endfacet
  facet normal -0.3227140354770591 0.28703029406426106 -0.9019253082132108
    outer loop
      vertex 18.439719859757265 0.75 54.856445695439376
      vertex 15.790482243984012 -18 49.837325142375846
      vertex 17.94307655103764 0.75 55.03414751275184
    endloop
  endfacet
  facet normal -0.40956421869142945 0.28703029406426084 -0.8659507844312302
    outer loop
      vertex 17.94307655103764 0.75 55.03414751275184
      vertex 14.814635894914026 -18 50.2988660921681
      vertex 17.466242539560263 0.75 55.259673204127594
    endloop
  endfacet
  facet normal -0.49247007458922865 0.2870302940642608 -0.8216366812183249
    outer loop
      vertex 17.466242539560263 0.75 55.259673204127594
      vertex 13.888727436784375 -18 50.853834264672
      vertex 17.013809997519637 0.75 55.53085083387382
    endloop
  endfacet
  facet normal -0.57063317445721 0.2870302940642609 -0.7694097676129873
    outer loop
      vertex 17.013809997519637 0.75 55.53085083387382
      vertex 13.888727436784375 -18 50.853834264672
      vertex 16.590136097620405 0.75 55.84506881317529
    endloop
  endfacet
  facet normal -0.6433007649153408 0.2870302940642606 -0.7097730173433768
    outer loop
      vertex 16.199301051122305 0.75 56.199301051122305
      vertex 16.590136097620405 0.75 55.84506881317529
      vertex 12.221825406947977 -18 52.22182540694798
    endloop
  endfacet
  facet normal -0.7097730173433738 0.2870302940642608 -0.6433007649153439
    outer loop
      vertex 16.199301051122305 0.75 56.199301051122305
      vertex 11.496885013009893 -18 53.0216738741999
      vertex 15.845068813175288 0.75 56.5901360976204
    endloop
  endfacet
  facet normal -0.04700298045260592 0.28703029406426084 -0.9567676468808695
    outer loop
      vertex 20 0.75 54.625
      vertex 20 -18 49
      vertex 18.921811456374833 -18 49.05296800660584
    endloop
  endfacet
  facet normal -0.1405562769615464 0.28703029406426184 -0.9475534514190175
    outer loop
      vertex 19.473157870728613 0.75 54.65088209413694
      vertex 18.921811456374833 -18 49.05296800660584
      vertex 18.872658553804413 -18 49.060259150948994
    endloop
  endfacet
  facet normal -0.1405562769615861 0.28703029406426067 -0.947553451419012
    outer loop
      vertex 19.473157870728613 0.75 54.65088209413694
      vertex 18.872658553804413 -18 49.060259150948994
      vertex 18.798282130513297 -18 49.07129185114745
    endloop
  endfacet
  facet normal -0.14055627696161146 0.28703029406426084 -0.9475534514190083
    outer loop
      vertex 19.473157870728613 0.75 54.65088209413694
      vertex 18.798282130513297 -18 49.07129185114745
      vertex 17.85400645782259 -18 49.21136191556447
    endloop
  endfacet
  facet normal -0.23275593968759206 0.2870302940642608 -0.9292137982345775
    outer loop
      vertex 18.95138951916331 0.75 54.728279117832635
      vertex 17.85400645782259 -18 49.21136191556447
      vertex 16.806868550200914 -18 49.4736563069457
    endloop
  endfacet
  facet normal -0.3227140354770883 0.2870302940642606 -0.9019253082132006
    outer loop
      vertex 18.439719859757265 0.75 54.856445695439376
      vertex 16.806868550200914 -18 49.4736563069457
      vertex 16.662815615594294 -18 49.5251992711201
    endloop
  endfacet
  facet normal -0.4095642186914313 0.2870302940642609 -0.8659507844312293
    outer loop
      vertex 17.94307655103764 0.75 55.03414751275184
      vertex 15.790482243984012 -18 49.837325142375846
      vertex 14.814635894914026 -18 50.2988660921681
    endloop
  endfacet
  facet normal -0.322714035477041 0.28703029406426067 -0.9019253082132174
    outer loop
      vertex 18.439719859757265 0.75 54.856445695439376
      vertex 16.662815615594294 -18 49.5251992711201
      vertex 16.497798723170774 -18 49.58424325934278
    endloop
  endfacet
  facet normal -0.3227140354770533 0.28703029406426067 -0.901925308213213
    outer loop
      vertex 18.439719859757265 0.75 54.856445695439376
      vertex 16.497798723170774 -18 49.58424325934278
      vertex 15.790482243984012 -18 49.837325142375846
    endloop
  endfacet
  facet normal -0.4924700745892282 0.28703029406426117 -0.8216366812183252
    outer loop
      vertex 17.466242539560263 0.75 55.259673204127594
      vertex 14.814635894914026 -18 50.2988660921681
      vertex 14.58907679368172 -18 50.43406101462877
    endloop
  endfacet
  facet normal -0.4924700745892277 0.28703029406426106 -0.8216366812183254
    outer loop
      vertex 17.466242539560263 0.75 55.259673204127594
      vertex 14.58907679368172 -18 50.43406101462877
      vertex 14.392022431147286 -18 50.5521708542133
    endloop
  endfacet
  facet normal -0.49247007458922915 0.28703029406426084 -0.8216366812183248
    outer loop
      vertex 17.466242539560263 0.75 55.259673204127594
      vertex 14.392022431147286 -18 50.5521708542133
      vertex 13.888727436784375 -18 50.853834264672
    endloop
  endfacet
  facet normal -0.5706331744572123 0.2870302940642607 -0.7694097676129857
    outer loop
      vertex 16.590136097620405 0.75 55.84506881317529
      vertex 13.888727436784375 -18 50.853834264672
      vertex 13.0216738741999 -18 51.496885013009894
    endloop
  endfacet
  facet normal -0.7694097676129896 0.2870302940642608 0.5706331744572068
    outer loop
      vertex 15.845068813175288 0.75 63.4098639023796
      vertex 15.53085083387382 0.75 62.98619000248036
      vertex 10.853834264672003 -18 66.11127256321562
    endloop
  endfacet
  facet normal -0.8216366812183222 0.2870302940642606 0.4924700745892335
    outer loop
      vertex 15.53085083387382 0.75 62.98619000248036
      vertex 15.25967320412759 0.75 62.53375746043974
      vertex 10.298866092168094 -18 65.18536410508597
    endloop
  endfacet
  facet normal -0.8659507844312302 0.2870302940642607 0.40956421869142945
    outer loop
      vertex 15.25967320412759 0.75 62.53375746043974
      vertex 15.034147512751833 0.75 62.05692344896236
      vertex 9.837325142375846 -18 64.20951775601598
    endloop
  endfacet
  facet normal -0.7694097676129896 0.2870302940642608 -0.5706331744572068
    outer loop
      vertex 15.845068813175288 0.75 56.5901360976204
      vertex 10.853834264672003 -18 53.88872743678438
      vertex 15.53085083387382 0.75 57.01380999751964
    endloop
  endfacet
  facet normal -0.8216366812183222 0.2870302940642608 -0.4924700745892335
    outer loop
      vertex 15.25967320412759 0.75 57.46624253956026
      vertex 15.53085083387382 0.75 57.01380999751964
      vertex 10.298866092168094 -18 54.814635894914026
    endloop
  endfacet
  facet normal -0.8659507844312302 0.2870302940642607 -0.40956421869142945
    outer loop
      vertex 15.25967320412759 0.75 57.46624253956026
      vertex 9.837325142375846 -18 55.790482243984016
      vertex 15.034147512751833 0.75 57.94307655103764
    endloop
  endfacet
  facet normal -0.9019253082132141 0.28703029406426084 0.3227140354770495
    outer loop
      vertex 15.034147512751833 0.75 62.05692344896236
      vertex 14.856445695439376 0.7499999999999964 61.56028014024273
      vertex 9.473656306945703 -18 63.19313144979908
    endloop
  endfacet
  facet normal -0.9292137982345765 0.28703029406426084 0.23275593968759548
    outer loop
      vertex 14.856445695439376 0.7499999999999964 61.56028014024273
      vertex 14.728279117832637 0.75 61.048610480836686
      vertex 9.211361915564465 -18 62.14599354217741
    endloop
  endfacet
  facet normal -0.9475534514190088 0.28703029406426084 0.14055627696160722
    outer loop
      vertex 14.728279117832637 0.75 61.048610480836686
      vertex 14.650882094136943 0.75 60.52684212927139
      vertex 9.211361915564465 -18 62.14599354217741
    endloop
  endfacet
  facet normal -0.9567676468808693 0.28703029406426095 0.04700298045260535
    outer loop
      vertex 14.650882094136943 0.75 60.52684212927139
      vertex 14.625 0.75 60
      vertex 9.052968006605834 -18 61.07818854362517
    endloop
  endfacet
  facet normal -0.9567676468808693 0.2870302940642608 -0.04700298045260535
    outer loop
      vertex 14.625 0.75 60
      vertex 14.650882094136943 0.75 59.47315787072861
      vertex 9 -18 60
    endloop
  endfacet
  facet normal -0.9475534514190088 0.28703029406426095 -0.14055627696160722
    outer loop
      vertex 14.650882094136943 0.75 59.47315787072861
      vertex 14.728279117832637 0.75 58.951389519163314
      vertex 9.052968006605834 -18 58.92181145637483
    endloop
  endfacet
  facet normal -0.9019253082132141 0.2870302940642609 -0.3227140354770495
    outer loop
      vertex 14.856445695439376 0.7499999999999964 58.43971985975727
      vertex 15.034147512751833 0.75 57.94307655103764
      vertex 9.473656306945703 -18 56.80686855020092
    endloop
  endfacet
  facet normal -0.9292137982345765 0.2870302940642608 -0.23275593968759548
    outer loop
      vertex 14.728279117832637 0.75 58.951389519163314
      vertex 14.856445695439376 0.7499999999999964 58.43971985975727
      vertex 9.211361915564465 -18 57.85400645782259
    endloop
  endfacet
  facet normal -0.6433007649153462 0.2870302940642605 0.7097730173433721
    outer loop
      vertex 16.199301051122305 0.75 63.800698948877695
      vertex 12.738575808824843 -18 68.24652985688263
      vertex 13.0216738741999 -18 68.50311498699011
    endloop
  endfacet
  facet normal -0.6433007649153538 0.28703029406426117 0.7097730173433647
    outer loop
      vertex 16.199301051122305 0.75 63.800698948877695
      vertex 12.552407561505843 -18 68.0777967929638
      vertex 12.738575808824843 -18 68.24652985688263
    endloop
  endfacet
  facet normal -0.643300764915337 0.2870302940642607 0.7097730173433802
    outer loop
      vertex 16.199301051122305 0.75 63.800698948877695
      vertex 12.221825406947977 -18 67.77817459305203
      vertex 12.552407561505843 -18 68.0777967929638
    endloop
  endfacet
  facet normal -0.7097730173433779 0.2870302940642608 0.6433007649153395
    outer loop
      vertex 16.199301051122305 0.75 63.800698948877695
      vertex 11.496885013009893 -18 66.9783261258001
      vertex 12.221825406947977 -18 67.77817459305203
    endloop
  endfacet
  facet normal -0.7694097676129794 0.28703029406426056 0.570633174457221
    outer loop
      vertex 15.845068813175288 0.75 63.4098639023796
      vertex 11.190632303895972 -18 66.56539214947753
      vertex 11.496885013009893 -18 66.9783261258001
    endloop
  endfacet
  facet normal -0.7694097676130073 0.2870302940642615 0.5706331744571828
    outer loop
      vertex 15.845068813175288 0.75 63.4098639023796
      vertex 11.045164194572981 -18 66.36925110966544
      vertex 11.190632303895972 -18 66.56539214947753
    endloop
  endfacet
  facet normal -0.7694097676129797 0.28703029406425973 0.5706331744572206
    outer loop
      vertex 15.845068813175288 0.75 63.4098639023796
      vertex 10.853834264672003 -18 66.11127256321562
      vertex 11.045164194572981 -18 66.36925110966544
    endloop
  endfacet
  facet normal -0.8216366812183244 0.28703029406426084 0.4924700745892296
    outer loop
      vertex 15.53085083387382 0.75 62.98619000248036
      vertex 10.298866092168094 -18 65.18536410508597
      vertex 10.853834264672003 -18 66.11127256321562
    endloop
  endfacet
  facet normal -0.8659507844312287 0.2870302940642605 0.4095642186914329
    outer loop
      vertex 15.25967320412759 0.75 62.53375746043974
      vertex 10.014410640581943 -18 64.58393358407078
      vertex 10.298866092168094 -18 65.18536410508597
    endloop
  endfacet
  facet normal 0 -1 0
    outer loop
      vertex 13.888727436784375 -18 69.146165735328
      vertex 12.738575808824843 -18 68.24652985688263
      vertex 14.392022431147263 -18 69.44782914578668
    endloop
  endfacet
  facet normal 0 -1 0
    outer loop
      vertex 13.888727436784375 -18 69.146165735328
      vertex 13.0216738741999 -18 68.50311498699011
      vertex 12.738575808824843 -18 68.24652985688263
    endloop
  endfacet
  facet normal 0 -1 0
    outer loop
      vertex 12.221825406947977 -18 67.77817459305203
      vertex 11.190632303895972 -18 66.56539214947753
      vertex 12.552407561505843 -18 68.0777967929638
    endloop
  endfacet
  facet normal -0.8659507844312305 0.28703029406426056 -0.4095642186914289
    outer loop
      vertex 15.25967320412759 0.75 57.46624253956026
      vertex 10.298866092168094 -18 54.814635894914026
      vertex 10.014410640581943 -18 55.41606641592922
    endloop
  endfacet
  facet normal -0.865950784431226 0.2870302940642609 0.40956421869143844
    outer loop
      vertex 15.25967320412759 0.75 62.53375746043974
      vertex 9.92583796293961 -18 64.39666239146365
      vertex 10.014410640581943 -18 64.58393358407078
    endloop
  endfacet
  facet normal -0.8659507844312376 0.28703029406426117 0.4095642186914135
    outer loop
      vertex 15.25967320412759 0.75 62.53375746043974
      vertex 9.837325142375846 -18 64.20951775601598
      vertex 9.92583796293961 -18 64.39666239146365
    endloop
  endfacet
  facet normal 0 -1 0
    outer loop
      vertex 12.221825406947977 -18 67.77817459305203
      vertex 11.496885013009893 -18 66.9783261258001
      vertex 11.190632303895972 -18 66.56539214947753
    endloop
  endfacet
  facet normal 0 -1 0
    outer loop
      vertex 10.853834264672003 -18 66.11127256321562
      vertex 10.014410640581943 -18 64.58393358407078
      vertex 11.045164194572981 -18 66.36925110966544
    endloop
  endfacet
  facet normal 0 -1 0
    outer loop
      vertex 10.853834264672003 -18 66.11127256321562
      vertex 10.298866092168094 -18 65.18536410508597
      vertex 10.014410640581943 -18 64.58393358407078
    endloop
  endfacet
  facet normal 0 -1 0
    outer loop
      vertex 9.837325142375846 -18 64.20951775601598
      vertex 9.267934254251967 -18 62.37184297818915
      vertex 9.92583796293961 -18 64.39666239146365
    endloop
  endfacet
  facet normal 0 -1 0
    outer loop
      vertex 9.837325142375846 -18 64.20951775601598
      vertex 9.473656306945703 -18 63.19313144979908
      vertex 9.267934254251967 -18 62.37184297818915
    endloop
  endfacet
  facet normal -0.9019253082132128 0.28703029406426067 0.3227140354770539
    outer loop
      vertex 15.034147512751833 0.75 62.05692344896236
      vertex 9.473656306945703 -18 63.19313144979908
      vertex 9.837325142375846 -18 64.20951775601598
    endloop
  endfacet
  facet normal -0.9292137982345763 0.2870302940642608 0.23275593968759636
    outer loop
      vertex 14.856445695439376 0.7499999999999964 61.56028014024273
      vertex 9.267934254251967 -18 62.37184297818915
      vertex 9.473656306945703 -18 63.19313144979908
    endloop
  endfacet
  facet normal -0.9292137982345757 0.28703029406426084 0.2327559396875988
    outer loop
      vertex 14.856445695439376 0.7499999999999964 61.56028014024273
      vertex 9.235812441875195 -18 62.2436055148408
      vertex 9.267934254251967 -18 62.37184297818915
    endloop
  endfacet
  facet normal -0.9292137982345785 0.2870302940642613 0.2327559396875875
    outer loop
      vertex 14.856445695439376 0.7499999999999964 61.56028014024273
      vertex 9.211361915564465 -18 62.14599354217741
      vertex 9.235812441875195 -18 62.2436055148408
    endloop
  endfacet
  facet normal -0.9475534514190085 0.28703029406426084 0.14055627696160913
    outer loop
      vertex 14.650882094136943 0.75 60.52684212927139
      vertex 9.052968006605834 -18 61.07818854362517
      vertex 9.211361915564465 -18 62.14599354217741
    endloop
  endfacet
  facet normal -0.9567676468808696 0.2870302940642609 0.04700298045260294
    outer loop
      vertex 9.052968006605834 -18 61.07818854362517
      vertex 14.625 0.75 60
      vertex 9 -18 60
    endloop
  endfacet
  facet normal -0.9567676468808696 0.28703029406426095 -0.047002980452602566
    outer loop
      vertex 14.650882094136943 0.75 59.47315787072861
      vertex 9.052968006605834 -18 58.92181145637483
      vertex 9 -18 60
    endloop
  endfacet
  facet normal -0.9292137982345757 0.28703029406426084 -0.2327559396875988
    outer loop
      vertex 14.856445695439376 0.7499999999999964 58.43971985975727
      vertex 9.267934254251967 -18 57.62815702181085
      vertex 9.235812441875195 -18 57.7563944851592
    endloop
  endfacet
  facet normal -0.9292137982345785 0.2870302940642613 -0.2327559396875875
    outer loop
      vertex 14.856445695439376 0.7499999999999964 58.43971985975727
      vertex 9.235812441875195 -18 57.7563944851592
      vertex 9.211361915564465 -18 57.85400645782259
    endloop
  endfacet
  facet normal -0.9292137982345763 0.2870302940642608 -0.23275593968759636
    outer loop
      vertex 14.856445695439376 0.7499999999999964 58.43971985975727
      vertex 9.473656306945703 -18 56.80686855020092
      vertex 9.267934254251967 -18 57.62815702181085
    endloop
  endfacet
  facet normal -0.9019253082132128 0.28703029406426067 -0.3227140354770539
    outer loop
      vertex 15.034147512751833 0.75 57.94307655103764
      vertex 9.837325142375846 -18 55.790482243984016
      vertex 9.473656306945703 -18 56.80686855020092
    endloop
  endfacet
  facet normal -0.8659507844312316 0.2870302940642606 -0.40956421869142645
    outer loop
      vertex 15.25967320412759 0.75 57.46624253956026
      vertex 9.92583796293961 -18 55.60333760853636
      vertex 9.837325142375846 -18 55.790482243984016
    endloop
  endfacet
  facet normal -0.865950784431232 0.28703029406426106 -0.4095642186914255
    outer loop
      vertex 15.25967320412759 0.75 57.46624253956026
      vertex 10.014410640581943 -18 55.41606641592922
      vertex 9.92583796293961 -18 55.60333760853636
    endloop
  endfacet
  facet normal -0.9475534514190087 0.2870302940642609 -0.1405562769616085
    outer loop
      vertex 14.728279117832637 0.75 58.951389519163314
      vertex 9.211361915564465 -18 57.85400645782259
      vertex 9.052968006605834 -18 58.92181145637483
    endloop
  endfacet
  facet normal 0 -1 0
    outer loop
      vertex 9.211361915564465 -18 62.14599354217741
      vertex 9 -18 60
      vertex 9.235812441875195 -18 62.2436055148408
    endloop
  endfacet
  facet normal 0 -1 0
    outer loop
      vertex 9.211361915564465 -18 62.14599354217741
      vertex 9.052968006605834 -18 61.07818854362517
      vertex 9 -18 60
    endloop
  endfacet
  facet normal -0.6433007649153357 0.28703029406426095 -0.7097730173433814
    outer loop
      vertex 16.590136097620405 0.75 55.84506881317529
      vertex 13.0216738741999 -18 51.496885013009894
      vertex 12.738575808824843 -18 51.75347014311737
    endloop
  endfacet
  facet normal -0.6433007649153554 0.2870302940642613 -0.7097730173433633
    outer loop
      vertex 16.590136097620405 0.75 55.84506881317529
      vertex 12.738575808824843 -18 51.75347014311737
      vertex 12.552407561505843 -18 51.922203207036205
    endloop
  endfacet
  facet normal -0.7097730173433723 0.2870302940642608 -0.6433007649153459
    outer loop
      vertex 16.199301051122305 0.75 56.199301051122305
      vertex 12.221825406947977 -18 52.22182540694798
      vertex 11.496885013009893 -18 53.0216738741999
    endloop
  endfacet
  facet normal -0.643300764915345 0.287030294064261 -0.7097730173433728
    outer loop
      vertex 16.590136097620405 0.75 55.84506881317529
      vertex 12.552407561505843 -18 51.922203207036205
      vertex 12.221825406947977 -18 52.22182540694798
    endloop
  endfacet
  facet normal -0.769409767612989 0.2870302940642605 -0.5706331744572081
    outer loop
      vertex 15.845068813175288 0.75 56.5901360976204
      vertex 11.496885013009893 -18 53.0216738741999
      vertex 11.190632303895972 -18 53.434607850522475
    endloop
  endfacet
  facet normal -0.7694097676129885 0.2870302940642607 -0.5706331744572085
    outer loop
      vertex 15.845068813175288 0.75 56.5901360976204
      vertex 11.190632303895972 -18 53.434607850522475
      vertex 11.045164194572981 -18 53.63074889033455
    endloop
  endfacet
  facet normal -0.7694097676129869 0.28703029406426045 -0.5706331744572108
    outer loop
      vertex 15.845068813175288 0.75 56.5901360976204
      vertex 11.045164194572981 -18 53.63074889033455
      vertex 10.853834264672003 -18 53.88872743678438
    endloop
  endfacet
  facet normal -0.8216366812183229 0.28703029406426095 -0.4924700745892325
    outer loop
      vertex 15.53085083387382 0.75 57.01380999751964
      vertex 10.853834264672003 -18 53.88872743678438
      vertex 10.298866092168094 -18 54.814635894914026
    endloop
  endfacet
  facet normal 0.6711870739259549 0.03327474551873634 0.7405408179873533
    outer loop
      vertex 22.82842712474619 42 62.82842712474619
      vertex 22.537573136654583 42 63.09204181345095
      vertex 23.409863902379595 0.75 64.15493118682471
    endloop
  endfacet
  facet normal 0 1 0
    outer loop
      vertex 23.98073890668879 42 60.39206856131824
      vertex 24 42 60
      vertex 23.98073890668879 42 59.60793143868176
    endloop
  endfacet
  facet normal 0 1 0
    outer loop
      vertex 23.98073890668879 42 60.39206856131824
      vertex 23.98073890668879 42 59.60793143868176
      vertex 23.92314112161292 42 59.21963871193549
    endloop
  endfacet
  facet normal 0 1 0
    outer loop
      vertex 23.92314112161292 42 60.78036128806451
      vertex 23.98073890668879 42 60.39206856131824
      vertex 23.92314112161292 42 59.21963871193549
    endloop
  endfacet
  facet normal 0 1 0
    outer loop
      vertex 23.827761342928834 42 61.16113870901785
      vertex 23.92314112161292 42 60.78036128806451
      vertex 23.827761342928834 42 58.83886129098215
    endloop
  endfacet
  facet normal 0 1 0
    outer loop
      vertex 23.92314112161292 42 60.78036128806451
      vertex 23.92314112161292 42 59.21963871193549
      vertex 23.827761342928834 42 58.83886129098215
    endloop
  endfacet
  facet normal 0 1 0
    outer loop
      vertex 23.827761342928834 42 61.16113870901785
      vertex 23.827761342928834 42 58.83886129098215
      vertex 23.695518130045148 42 58.46926627053964
    endloop
  endfacet
  facet normal 0 1 0
    outer loop
      vertex 23.695518130045148 42 61.53073372946036
      vertex 23.827761342928834 42 61.16113870901785
      vertex 23.695518130045148 42 58.46926627053964
    endloop
  endfacet
  facet normal 0 1 0
    outer loop
      vertex 23.52768505739342 42 61.88558694730399
      vertex 23.695518130045148 42 61.53073372946036
      vertex 23.52768505739342 42 58.11441305269601
    endloop
  endfacet
  facet normal 0 1 0
    outer loop
      vertex 23.52768505739342 42 61.88558694730399
      vertex 23.32587844921018 42 57.777719067921595
      vertex 23.32587844921018 42 62.222280932078405
    endloop
  endfacet
  facet normal 0 1 0
    outer loop
      vertex 23.32587844921018 42 62.222280932078405
      vertex 23.092041813450948 42 57.46242686334542
      vertex 23.092041813450948 42 62.53757313665458
    endloop
  endfacet
  facet normal 0 1 0
    outer loop
      vertex 22.82842712474619 42 62.82842712474619
      vertex 23.092041813450948 42 62.53757313665458
      vertex 22.82842712474619 42 57.17157287525381
    endloop
  endfacet
  facet normal 0 1 0
    outer loop
      vertex 23.695518130045148 42 61.53073372946036
      vertex 23.695518130045148 42 58.46926627053964
      vertex 23.52768505739342 42 58.11441305269601
    endloop
  endfacet
  facet normal 0 1 0
    outer loop
      vertex 23.52768505739342 42 61.88558694730399
      vertex 23.52768505739342 42 58.11441305269601
      vertex 23.32587844921018 42 57.777719067921595
    endloop
  endfacet
  facet normal 0 1 0
    outer loop
      vertex 23.32587844921018 42 62.222280932078405
      vertex 23.32587844921018 42 57.777719067921595
      vertex 23.092041813450948 42 57.46242686334542
    endloop
  endfacet
  facet normal 0 1 0
    outer loop
      vertex 23.092041813450948 42 62.53757313665458
      vertex 23.092041813450948 42 57.46242686334542
      vertex 22.82842712474619 42 57.17157287525381
    endloop
  endfacet
  facet normal 0.9410226779367475 0.03327474551873637 0.33670329805247773
    outer loop
      vertex 23.695518130045148 42 61.53073372946036
      vertex 25.143554304560624 0.7499999999999964 61.56028014024273
      vertex 23.827761342928834 42 61.16113870901785
    endloop
  endfacet
  facet normal 0.9694940909494547 0.033274745518736375 0.24284562776536447
    outer loop
      vertex 23.827761342928834 42 61.16113870901785
      vertex 25.143554304560624 0.7499999999999964 61.56028014024273
      vertex 23.92314112161292 42 60.78036128806451
    endloop
  endfacet
  facet normal 0.9886287458869409 0.03327474551873636 0.14664922132993974
    outer loop
      vertex 23.92314112161292 42 60.78036128806451
      vertex 25.271720882167365 0.75 61.048610480836686
      vertex 23.98073890668879 42 60.39206856131824
    endloop
  endfacet
  facet normal 0.9982423655620898 0.03327474551873627 0.049040502726484005
    outer loop
      vertex 23.98073890668879 42 60.39206856131824
      vertex 25.349117905863057 0.75 60.52684212927139
      vertex 24 42 60
    endloop
  endfacet
  facet normal 0.9982423655620898 0.033274745518736326 -0.049040502726484005
    outer loop
      vertex 24 42 60
      vertex 25.375 0.75 60
      vertex 23.98073890668879 42 59.60793143868176
    endloop
  endfacet
  facet normal 0.9886287458869409 0.03327474551873627 -0.14664922132993974
    outer loop
      vertex 23.98073890668879 42 59.60793143868176
      vertex 25.349117905863057 0.7500000000000036 59.47315787072861
      vertex 23.92314112161292 42 59.21963871193549
    endloop
  endfacet
  facet normal 0.9694940909494547 0.03327474551873635 -0.24284562776536447
    outer loop
      vertex 23.92314112161292 42 59.21963871193549
      vertex 25.271720882167365 0.75 58.951389519163314
      vertex 23.827761342928834 42 58.83886129098215
    endloop
  endfacet
  facet normal 0.9410226779367475 0.03327474551873637 -0.33670329805247773
    outer loop
      vertex 23.827761342928834 42 58.83886129098215
      vertex 25.143554304560624 0.7499999999999964 58.43971985975727
      vertex 23.695518130045148 42 58.46926627053964
    endloop
  endfacet
  facet normal 0.9034887021201828 0.03327474551873634 0.4273183315186127
    outer loop
      vertex 23.52768505739342 42 61.88558694730399
      vertex 24.965852487248167 0.75 62.05692344896236
      vertex 23.695518130045148 42 61.53073372946036
    endloop
  endfacet
  facet normal 0.8572536362050346 0.03327474551873633 0.5138180558562628
    outer loop
      vertex 23.52768505739342 42 61.88558694730399
      vertex 23.32587844921018 42 62.222280932078405
      vertex 24.74032679587241 0.75 62.53375746043974
    endloop
  endfacet
  facet normal 0.8027627491507361 0.0332747455187364 0.5953694314344797
    outer loop
      vertex 23.32587844921018 42 62.222280932078405
      vertex 23.092041813450948 42 62.53757313665458
      vertex 24.46914916612618 0.75 62.98619000248036
    endloop
  endfacet
  facet normal 0.7405408179873574 0.033274745518736465 0.6711870739259505
    outer loop
      vertex 22.82842712474619 42 62.82842712474619
      vertex 24.15493118682471 0.75 63.4098639023796
      vertex 23.092041813450948 42 62.53757313665458
    endloop
  endfacet
  facet normal 0.9034887021201828 0.03327474551873634 -0.4273183315186127
    outer loop
      vertex 23.695518130045148 42 58.46926627053964
      vertex 24.965852487248167 0.75 57.94307655103764
      vertex 23.52768505739342 42 58.11441305269601
    endloop
  endfacet
  facet normal 0.8572536362050346 0.03327474551873633 -0.5138180558562628
    outer loop
      vertex 23.52768505739342 42 58.11441305269601
      vertex 24.74032679587241 0.75 57.46624253956026
      vertex 23.32587844921018 42 57.777719067921595
    endloop
  endfacet
  facet normal 0.8027627491507361 0.0332747455187364 -0.5953694314344797
    outer loop
      vertex 23.32587844921018 42 57.777719067921595
      vertex 24.46914916612618 0.75 57.01380999751964
      vertex 23.092041813450948 42 57.46242686334542
    endloop
  endfacet
  facet normal 0.7405408179873574 0.03327474551873646 -0.6711870739259505
    outer loop
      vertex 23.092041813450948 42 57.46242686334542
      vertex 24.15493118682471 0.75 56.5901360976204
      vertex 22.82842712474619 42 57.17157287525381
    endloop
  endfacet
  facet normal 0.6711870739259549 0.03327474551873634 -0.7405408179873533
    outer loop
      vertex 22.82842712474619 42 57.17157287525381
      vertex 23.409863902379595 0.75 55.84506881317529
      vertex 22.537573136654583 42 56.90795818654905
    endloop
  endfacet
  facet normal 0.5953694314344797 0.03327474551873649 0.8027627491507361
    outer loop
      vertex 22.537573136654583 42 63.09204181345095
      vertex 22.22228093207841 42 63.32587844921018
      vertex 22.986190002480363 0.75 64.46914916612619
    endloop
  endfacet
  facet normal 0.513818055856259 0.03327474551873627 0.857253636205037
    outer loop
      vertex 22.22228093207841 42 63.32587844921018
      vertex 21.88558694730399 42 63.52768505739342
      vertex 22.533757460439737 0.75 64.7403267958724
    endloop
  endfacet
  facet normal 0.42731833151860527 0.033274745518736194 0.9034887021201862
    outer loop
      vertex 21.88558694730399 42 63.52768505739342
      vertex 21.53073372946036 42 63.695518130045144
      vertex 22.05692344896236 0.75 64.96585248724816
    endloop
  endfacet
  facet normal 0.33670329805249377 0.03327474551873628 0.9410226779367418
    outer loop
      vertex 21.53073372946036 42 63.695518130045144
      vertex 21.161138709017848 42 63.82776134292884
      vertex 21.560280140242735 0.75 65.14355430456062
    endloop
  endfacet
  facet normal 0.24284562776535595 0.033274745518736215 0.9694940909494568
    outer loop
      vertex 21.161138709017848 42 63.82776134292884
      vertex 20.780361288064512 42 63.92314112161292
      vertex 21.04861048083669 0.75 65.27172088216736
    endloop
  endfacet
  facet normal 0.1466492213299322 0.03327474551873661 0.988628745886942
    outer loop
      vertex 20.780361288064512 42 63.92314112161292
      vertex 20.392068561318244 42 63.980738906688785
      vertex 20.526842129271387 0.75 65.34911790586307
    endloop
  endfacet
  facet normal 0.04904050272649259 0.03327474551873631 0.9982423655620893
    outer loop
      vertex 20.392068561318244 42 63.980738906688785
      vertex 20 42 64
      vertex 20 0.75 65.375
    endloop
  endfacet
  facet normal 0 1 0
    outer loop
      vertex 22.82842712474619 42 62.82842712474619
      vertex 22.537573136654583 42 56.90795818654905
      vertex 22.537573136654583 42 63.09204181345095
    endloop
  endfacet
  facet normal 0 1 0
    outer loop
      vertex 22.537573136654583 42 63.09204181345095
      vertex 22.22228093207841 42 56.67412155078982
      vertex 22.22228093207841 42 63.32587844921018
    endloop
  endfacet
  facet normal 0 1 0
    outer loop
      vertex 22.22228093207841 42 63.32587844921018
      vertex 21.88558694730399 42 56.47231494260658
      vertex 21.88558694730399 42 63.52768505739342
    endloop
  endfacet
  facet normal 0 1 0
    outer loop
      vertex 21.88558694730399 42 63.52768505739342
      vertex 21.53073372946036 42 56.304481869954856
      vertex 21.53073372946036 42 63.695518130045144
    endloop
  endfacet
  facet normal 0 1 0
    outer loop
      vertex 22.82842712474619 42 62.82842712474619
      vertex 22.82842712474619 42 57.17157287525381
      vertex 22.537573136654583 42 56.90795818654905
    endloop
  endfacet
  facet normal 0 1 0
    outer loop
      vertex 22.537573136654583 42 63.09204181345095
      vertex 22.537573136654583 42 56.90795818654905
      vertex 22.22228093207841 42 56.67412155078982
    endloop
  endfacet
  facet normal 0 1 0
    outer loop
      vertex 22.22228093207841 42 63.32587844921018
      vertex 22.22228093207841 42 56.67412155078982
      vertex 21.88558694730399 42 56.47231494260658
    endloop
  endfacet
  facet normal 0 1 0
    outer loop
      vertex 21.88558694730399 42 63.52768505739342
      vertex 21.88558694730399 42 56.47231494260658
      vertex 21.53073372946036 42 56.304481869954856
    endloop
  endfacet
  facet normal 0 1 0
    outer loop
      vertex 21.53073372946036 42 63.695518130045144
      vertex 21.53073372946036 42 56.304481869954856
      vertex 21.161138709017848 42 56.17223865707116
    endloop
  endfacet
  facet normal 0 1 0
    outer loop
      vertex 21.53073372946036 42 63.695518130045144
      vertex 21.161138709017848 42 56.17223865707116
      vertex 21.161138709017848 42 63.82776134292884
    endloop
  endfacet
  facet normal 0 1 0
    outer loop
      vertex 21.161138709017848 42 63.82776134292884
      vertex 20.780361288064512 42 56.07685887838708
      vertex 20.780361288064512 42 63.92314112161292
    endloop
  endfacet
  facet normal 0 1 0
    outer loop
      vertex 20.392068561318244 42 63.980738906688785
      vertex 20 42 56
      vertex 20 42 64
    endloop
  endfacet
  facet normal 0 1 0
    outer loop
      vertex 20.780361288064512 42 63.92314112161292
      vertex 20.392068561318244 42 56.019261093311215
      vertex 20.392068561318244 42 63.980738906688785
    endloop
  endfacet
  facet normal 0 1 0
    outer loop
      vertex 21.161138709017848 42 63.82776134292884
      vertex 21.161138709017848 42 56.17223865707116
      vertex 20.780361288064512 42 56.07685887838708
    endloop
  endfacet
  facet normal 0 1 0
    outer loop
      vertex 20.780361288064512 42 63.92314112161292
      vertex 20.780361288064512 42 56.07685887838708
      vertex 20.392068561318244 42 56.019261093311215
    endloop
  endfacet
  facet normal 0 1 0
    outer loop
      vertex 20.392068561318244 42 63.980738906688785
      vertex 20.392068561318244 42 56.019261093311215
      vertex 20 42 56
    endloop
  endfacet
  facet normal 0.5953694314344797 0.03327474551873632 -0.8027627491507361
    outer loop
      vertex 22.537573136654583 42 56.90795818654905
      vertex 23.409863902379595 0.75 55.84506881317529
      vertex 22.22228093207841 42 56.67412155078982
    endloop
  endfacet
  facet normal 0.513818055856259 0.033274745518736354 -0.857253636205037
    outer loop
      vertex 22.22228093207841 42 56.67412155078982
      vertex 22.986190002480363 0.75 55.53085083387382
      vertex 21.88558694730399 42 56.47231494260658
    endloop
  endfacet
  facet normal 0.42731833151860527 0.03327474551873626 -0.9034887021201862
    outer loop
      vertex 21.88558694730399 42 56.47231494260658
      vertex 22.533757460439737 0.75 55.259673204127594
      vertex 21.53073372946036 42 56.304481869954856
    endloop
  endfacet
  facet normal 0.33670329805249377 0.033274745518736354 -0.9410226779367418
    outer loop
      vertex 21.53073372946036 42 56.304481869954856
      vertex 22.05692344896236 0.75 55.03414751275184
      vertex 21.161138709017848 42 56.17223865707116
    endloop
  endfacet
  facet normal 0.24284562776535595 0.0332747455187363 -0.9694940909494568
    outer loop
      vertex 21.161138709017848 42 56.17223865707116
      vertex 21.560280140242735 0.75 54.856445695439376
      vertex 20.780361288064512 42 56.07685887838708
    endloop
  endfacet
  facet normal 0.1466492213299322 0.03327474551873636 -0.988628745886942
    outer loop
      vertex 20.780361288064512 42 56.07685887838708
      vertex 21.04861048083669 0.75 54.728279117832635
      vertex 20.392068561318244 42 56.019261093311215
    endloop
  endfacet
  facet normal 0.04904050272649259 0.033274745518736444 -0.9982423655620893
    outer loop
      vertex 20.392068561318244 42 56.019261093311215
      vertex 20.526842129271387 0.75 54.65088209413694
      vertex 20 42 56
    endloop
  endfacet
  facet normal 0.7405408179873505 0.03327474551873634 0.6711870739259578
    outer loop
      vertex 22.82842712474619 42 62.82842712474619
      vertex 23.800698948877695 0.75 63.800698948877695
      vertex 24.15493118682471 0.75 63.4098639023796
    endloop
  endfacet
  facet normal 0.6711870739259546 0.03327474551873634 0.7405408179873535
    outer loop
      vertex 22.82842712474619 42 62.82842712474619
      vertex 23.409863902379595 0.75 64.15493118682471
      vertex 23.800698948877695 0.75 63.800698948877695
    endloop
  endfacet
  facet normal 0.5953694314344902 0.03327474551873634 0.8027627491507284
    outer loop
      vertex 22.537573136654583 42 63.09204181345095
      vertex 22.986190002480363 0.75 64.46914916612619
      vertex 23.409863902379595 0.75 64.15493118682471
    endloop
  endfacet
  facet normal 0.9886287458869418 0.033274745518736284 0.14664922132993313
    outer loop
      vertex 23.98073890668879 42 60.39206856131824
      vertex 25.271720882167365 0.75 61.048610480836686
      vertex 25.349117905863057 0.75 60.52684212927139
    endloop
  endfacet
  facet normal 0.9982423655620896 0.03327474551873632 0.04904050272648867
    outer loop
      vertex 25.349117905863057 0.75 60.52684212927139
      vertex 25.375 0.75 60
      vertex 24 42 60
    endloop
  endfacet
  facet normal 0.9982423655620896 0.03327474551873628 -0.04904050272648871
    outer loop
      vertex 23.98073890668879 42 59.60793143868176
      vertex 25.375 0.75 60
      vertex 25.349117905863057 0.7500000000000036 59.47315787072861
    endloop
  endfacet
  facet normal 0.9410226779367464 0.033274745518736326 0.33670329805248067
    outer loop
      vertex 23.695518130045148 42 61.53073372946036
      vertex 24.965852487248167 0.75 62.05692344896236
      vertex 25.143554304560624 0.7499999999999964 61.56028014024273
    endloop
  endfacet
  facet normal 0.8572536362050373 0.033274745518736396 0.5138180558562583
    outer loop
      vertex 23.32587844921018 42 62.222280932078405
      vertex 24.46914916612618 0.75 62.98619000248036
      vertex 24.74032679587241 0.75 62.53375746043974
    endloop
  endfacet
  facet normal 0.9034887021201831 0.03327474551873635 0.42731833151861204
    outer loop
      vertex 23.52768505739342 42 61.88558694730399
      vertex 24.74032679587241 0.75 62.53375746043974
      vertex 24.965852487248167 0.75 62.05692344896236
    endloop
  endfacet
  facet normal 0.969494090949455 0.03327474551873635 0.24284562776536275
    outer loop
      vertex 23.92314112161292 42 60.78036128806451
      vertex 25.143554304560624 0.7499999999999964 61.56028014024273
      vertex 25.271720882167365 0.75 61.048610480836686
    endloop
  endfacet
  facet normal 0.988628745886942 0.03327474551873635 -0.14664922132993283
    outer loop
      vertex 23.92314112161292 42 59.21963871193549
      vertex 25.349117905863057 0.7500000000000036 59.47315787072861
      vertex 25.271720882167365 0.75 58.951389519163314
    endloop
  endfacet
  facet normal 0.9694940909494552 0.03327474551873637 -0.24284562776536248
    outer loop
      vertex 23.827761342928834 42 58.83886129098215
      vertex 25.271720882167365 0.75 58.951389519163314
      vertex 25.143554304560624 0.7499999999999964 58.43971985975727
    endloop
  endfacet
  facet normal 0.9410226779367464 0.033274745518736326 -0.33670329805248067
    outer loop
      vertex 23.695518130045148 42 58.46926627053964
      vertex 25.143554304560624 0.7499999999999964 58.43971985975727
      vertex 24.965852487248167 0.75 57.94307655103764
    endloop
  endfacet
  facet normal 0.9034887021201831 0.03327474551873635 -0.42731833151861204
    outer loop
      vertex 23.52768505739342 42 58.11441305269601
      vertex 24.965852487248167 0.75 57.94307655103764
      vertex 24.74032679587241 0.75 57.46624253956026
    endloop
  endfacet
  facet normal 0.8572536362050373 0.033274745518736396 -0.5138180558562583
    outer loop
      vertex 23.32587844921018 42 57.777719067921595
      vertex 24.74032679587241 0.75 57.46624253956026
      vertex 24.46914916612618 0.75 57.01380999751964
    endloop
  endfacet
  facet normal 0.8027627491507371 0.03327474551873641 0.5953694314344782
    outer loop
      vertex 23.092041813450948 42 62.53757313665458
      vertex 24.15493118682471 0.75 63.4098639023796
      vertex 24.46914916612618 0.75 62.98619000248036
    endloop
  endfacet
  facet normal 0.8027627491507371 0.03327474551873641 -0.5953694314344782
    outer loop
      vertex 23.092041813450948 42 57.46242686334542
      vertex 24.46914916612618 0.75 57.01380999751964
      vertex 24.15493118682471 0.75 56.5901360976204
    endloop
  endfacet
  facet normal 0.7405408179873505 0.03327474551873634 -0.6711870739259578
    outer loop
      vertex 22.82842712474619 42 57.17157287525381
      vertex 24.15493118682471 0.75 56.5901360976204
      vertex 23.800698948877695 0.75 56.199301051122305
    endloop
  endfacet
  facet normal 0.6711870739259546 0.03327474551873634 -0.7405408179873535
    outer loop
      vertex 22.82842712474619 42 57.17157287525381
      vertex 23.800698948877695 0.75 56.199301051122305
      vertex 23.409863902379595 0.75 55.84506881317529
    endloop
  endfacet
  facet normal 0.5953694314344815 0.03327474551873635 -0.8027627491507349
    outer loop
      vertex 22.22228093207841 42 56.67412155078982
      vertex 23.409863902379595 0.75 55.84506881317529
      vertex 22.986190002480363 0.75 55.53085083387382
    endloop
  endfacet
  facet normal 0.5138180558562434 0.03327474551873647 0.8572536362050462
    outer loop
      vertex 22.22228093207841 42 63.32587844921018
      vertex 22.533757460439737 0.75 64.7403267958724
      vertex 22.986190002480363 0.75 64.46914916612619
    endloop
  endfacet
  facet normal 0.4273183315186008 0.03327474551873626 0.9034887021201884
    outer loop
      vertex 21.88558694730399 42 63.52768505739342
      vertex 22.05692344896236 0.75 64.96585248724816
      vertex 22.533757460439737 0.75 64.7403267958724
    endloop
  endfacet
  facet normal 0.33670329805250077 0.0332747455187362 0.9410226779367393
    outer loop
      vertex 21.53073372946036 42 63.695518130045144
      vertex 21.560280140242735 0.75 65.14355430456062
      vertex 22.05692344896236 0.75 64.96585248724816
    endloop
  endfacet
  facet normal 0.2428456277653498 0.03327474551873628 0.9694940909494582
    outer loop
      vertex 21.161138709017848 42 63.82776134292884
      vertex 21.04861048083669 0.75 65.27172088216736
      vertex 21.560280140242735 0.75 65.14355430456062
    endloop
  endfacet
  facet normal 0.14664922132996505 0.03327474551873624 0.9886287458869373
    outer loop
      vertex 20.780361288064512 42 63.92314112161292
      vertex 20.526842129271387 0.75 65.34911790586307
      vertex 21.04861048083669 0.75 65.27172088216736
    endloop
  endfacet
  facet normal 0.04904050272646853 0.03327474551873659 0.9982423655620907
    outer loop
      vertex 20.392068561318244 42 63.980738906688785
      vertex 20 0.75 65.375
      vertex 20.526842129271387 0.75 65.34911790586307
    endloop
  endfacet
  facet normal 0.5138180558562532 0.033274745518736264 -0.8572536362050405
    outer loop
      vertex 21.88558694730399 42 56.47231494260658
      vertex 22.986190002480363 0.75 55.53085083387382
      vertex 22.533757460439737 0.75 55.259673204127594
    endloop
  endfacet
  facet normal 0.427318331518612 0.03327474551873634 -0.9034887021201831
    outer loop
      vertex 21.53073372946036 42 56.304481869954856
      vertex 22.533757460439737 0.75 55.259673204127594
      vertex 22.05692344896236 0.75 55.03414751275184
    endloop
  endfacet
  facet normal 0.33670329805248866 0.033274745518736305 -0.9410226779367438
    outer loop
      vertex 21.161138709017848 42 56.17223865707116
      vertex 22.05692344896236 0.75 55.03414751275184
      vertex 21.560280140242735 0.75 54.856445695439376
    endloop
  endfacet
  facet normal 0.24284562776536273 0.03327474551873636 -0.969494090949455
    outer loop
      vertex 20.780361288064512 42 56.07685887838708
      vertex 21.560280140242735 0.75 54.856445695439376
      vertex 21.04861048083669 0.75 54.728279117832635
    endloop
  endfacet
  facet normal 0.14664922132993854 0.03327474551873644 -0.9886287458869412
    outer loop
      vertex 20.392068561318244 42 56.019261093311215
      vertex 21.04861048083669 0.75 54.728279117832635
      vertex 20.526842129271387 0.75 54.65088209413694
    endloop
  endfacet
  facet normal 0.049040502726481965 0.03327474551873633 -0.9982423655620901
    outer loop
      vertex 20.526842129271387 0.75 54.65088209413694
      vertex 20 0.75 54.625
      vertex 20 42 56
    endloop
  endfacet
  facet normal -0.04904050272649259 0.033274745518736625 0.9982423655620893
    outer loop
      vertex 20 42 64
      vertex 19.607931438681756 42 63.980738906688785
      vertex 19.473157870728613 0.75 65.34911790586307
    endloop
  endfacet
  facet normal -0.1466492213299322 0.03327474551873619 0.988628745886942
    outer loop
      vertex 19.607931438681756 42 63.980738906688785
      vertex 19.219638711935488 42 63.92314112161292
      vertex 18.95138951916331 0.75 65.27172088216736
    endloop
  endfacet
  facet normal -0.24284562776535595 0.03327474551873629 0.9694940909494568
    outer loop
      vertex 19.219638711935488 42 63.92314112161292
      vertex 18.838861290982152 42 63.82776134292884
      vertex 18.439719859757265 0.75 65.14355430456062
    endloop
  endfacet
  facet normal -0.33670329805249377 0.033274745518736194 0.9410226779367418
    outer loop
      vertex 18.838861290982152 42 63.82776134292884
      vertex 18.46926627053964 42 63.695518130045144
      vertex 17.94307655103764 0.75 64.96585248724816
    endloop
  endfacet
  facet normal -0.42731833151860527 0.03327474551873626 0.9034887021201862
    outer loop
      vertex 18.46926627053964 42 63.695518130045144
      vertex 18.11441305269601 42 63.52768505739342
      vertex 17.466242539560263 0.75 64.7403267958724
    endloop
  endfacet
  facet normal -0.513818055856259 0.0332747455187365 0.857253636205037
    outer loop
      vertex 18.11441305269601 42 63.52768505739342
      vertex 17.77771906792159 42 63.32587844921018
      vertex 17.013809997519637 0.75 64.46914916612619
    endloop
  endfacet
  facet normal -0.5953694314344797 0.03327474551873632 0.8027627491507361
    outer loop
      vertex 17.77771906792159 42 63.32587844921018
      vertex 17.462426863345417 42 63.09204181345095
      vertex 16.590136097620405 0.75 64.15493118682471
    endloop
  endfacet
  facet normal 0 1 0
    outer loop
      vertex 20 42 64
      vertex 19.607931438681756 42 56.019261093311215
      vertex 19.607931438681756 42 63.980738906688785
    endloop
  endfacet
  facet normal 0 1 0
    outer loop
      vertex 19.607931438681756 42 63.980738906688785
      vertex 19.219638711935488 42 56.07685887838708
      vertex 19.219638711935488 42 63.92314112161292
    endloop
  endfacet
  facet normal 0 1 0
    outer loop
      vertex 19.219638711935488 42 63.92314112161292
      vertex 18.838861290982152 42 56.17223865707116
      vertex 18.838861290982152 42 63.82776134292884
    endloop
  endfacet
  facet normal 0 1 0
    outer loop
      vertex 20 42 64
      vertex 20 42 56
      vertex 19.607931438681756 42 56.019261093311215
    endloop
  endfacet
  facet normal 0 1 0
    outer loop
      vertex 19.607931438681756 42 63.980738906688785
      vertex 19.607931438681756 42 56.019261093311215
      vertex 19.219638711935488 42 56.07685887838708
    endloop
  endfacet
  facet normal 0 1 0
    outer loop
      vertex 19.219638711935488 42 63.92314112161292
      vertex 19.219638711935488 42 56.07685887838708
      vertex 18.838861290982152 42 56.17223865707116
    endloop
  endfacet
  facet normal 0 1 0
    outer loop
      vertex 18.838861290982152 42 63.82776134292884
      vertex 18.838861290982152 42 56.17223865707116
      vertex 18.46926627053964 42 56.304481869954856
    endloop
  endfacet
  facet normal 0 1 0
    outer loop
      vertex 18.838861290982152 42 63.82776134292884
      vertex 18.46926627053964 42 56.304481869954856
      vertex 18.46926627053964 42 63.695518130045144
    endloop
  endfacet
  facet normal 0 1 0
    outer loop
      vertex 18.46926627053964 42 63.695518130045144
      vertex 18.11441305269601 42 56.47231494260658
      vertex 18.11441305269601 42 63.52768505739342
    endloop
  endfacet
  facet normal 0 1 0
    outer loop
      vertex 18.11441305269601 42 63.52768505739342
      vertex 17.77771906792159 42 56.67412155078982
      vertex 17.77771906792159 42 63.32587844921018
    endloop
  endfacet
  facet normal 0 1 0
    outer loop
      vertex 17.77771906792159 42 63.32587844921018
      vertex 17.462426863345417 42 56.90795818654905
      vertex 17.462426863345417 42 63.09204181345095
    endloop
  endfacet
  facet normal 0 1 0
    outer loop
      vertex 17.462426863345417 42 63.09204181345095
      vertex 17.17157287525381 42 57.17157287525381
      vertex 17.17157287525381 42 62.82842712474619
    endloop
  endfacet
  facet normal 0 1 0
    outer loop
      vertex 18.46926627053964 42 63.695518130045144
      vertex 18.46926627053964 42 56.304481869954856
      vertex 18.11441305269601 42 56.47231494260658
    endloop
  endfacet
  facet normal 0 1 0
    outer loop
      vertex 18.11441305269601 42 63.52768505739342
      vertex 18.11441305269601 42 56.47231494260658
      vertex 17.77771906792159 42 56.67412155078982
    endloop
  endfacet
  facet normal 0 1 0
    outer loop
      vertex 17.77771906792159 42 63.32587844921018
      vertex 17.77771906792159 42 56.67412155078982
      vertex 17.462426863345417 42 56.90795818654905
    endloop
  endfacet
  facet normal 0 1 0
    outer loop
      vertex 17.462426863345417 42 63.09204181345095
      vertex 17.462426863345417 42 56.90795818654905
      vertex 17.17157287525381 42 57.17157287525381
    endloop
  endfacet
  facet normal -0.04904050272649259 0.03327474551873631 -0.9982423655620893
    outer loop
      vertex 20 42 56
      vertex 20 0.75 54.625
      vertex 19.607931438681756 42 56.019261093311215
    endloop
  endfacet
  facet normal -0.1466492213299322 0.03327474551873644 -0.988628745886942
    outer loop
      vertex 19.607931438681756 42 56.019261093311215
      vertex 19.473157870728613 0.75 54.65088209413694
      vertex 19.219638711935488 42 56.07685887838708
    endloop
  endfacet
  facet normal -0.24284562776535595 0.03327474551873639 -0.9694940909494568
    outer loop
      vertex 19.219638711935488 42 56.07685887838708
      vertex 18.95138951916331 0.75 54.728279117832635
      vertex 18.838861290982152 42 56.17223865707116
    endloop
  endfacet
  facet normal -0.33670329805249377 0.03327474551873628 -0.9410226779367418
    outer loop
      vertex 18.838861290982152 42 56.17223865707116
      vertex 18.439719859757265 0.75 54.856445695439376
      vertex 18.46926627053964 42 56.304481869954856
    endloop
  endfacet
  facet normal -0.42731833151860527 0.03327474551873635 -0.9034887021201862
    outer loop
      vertex 18.46926627053964 42 56.304481869954856
      vertex 17.94307655103764 0.75 55.03414751275184
      vertex 18.11441305269601 42 56.47231494260658
    endloop
  endfacet
  facet normal -0.513818055856259 0.03327474551873627 -0.857253636205037
    outer loop
      vertex 18.11441305269601 42 56.47231494260658
      vertex 17.466242539560263 0.75 55.259673204127594
      vertex 17.77771906792159 42 56.67412155078982
    endloop
  endfacet
  facet normal -0.5953694314344797 0.033274745518736354 -0.8027627491507361
    outer loop
      vertex 17.77771906792159 42 56.67412155078982
      vertex 17.013809997519637 0.75 55.53085083387382
      vertex 17.462426863345417 42 56.90795818654905
    endloop
  endfacet
  facet normal -0.6711870739259549 0.03327474551873633 0.7405408179873533
    outer loop
      vertex 17.462426863345417 42 63.09204181345095
      vertex 17.17157287525381 42 62.82842712474619
      vertex 16.590136097620405 0.75 64.15493118682471
    endloop
  endfacet
  facet normal 0 1 0
    outer loop
      vertex 17.17157287525381 42 62.82842712474619
      vertex 16.907958186549052 42 57.46242686334542
      vertex 16.907958186549052 42 62.53757313665458
    endloop
  endfacet
  facet normal 0 1 0
    outer loop
      vertex 16.907958186549052 42 62.53757313665458
      vertex 16.67412155078982 42 57.777719067921595
      vertex 16.67412155078982 42 62.222280932078405
    endloop
  endfacet
  facet normal 0 1 0
    outer loop
      vertex 16.67412155078982 42 62.222280932078405
      vertex 16.47231494260658 42 58.11441305269601
      vertex 16.47231494260658 42 61.88558694730399
    endloop
  endfacet
  facet normal 0 1 0
    outer loop
      vertex 16.47231494260658 42 61.88558694730399
      vertex 16.304481869954852 42 58.46926627053964
      vertex 16.304481869954852 42 61.53073372946036
    endloop
  endfacet
  facet normal 0 1 0
    outer loop
      vertex 16.47231494260658 42 61.88558694730399
      vertex 16.47231494260658 42 58.11441305269601
      vertex 16.304481869954852 42 58.46926627053964
    endloop
  endfacet
  facet normal 0 1 0
    outer loop
      vertex 16.304481869954852 42 61.53073372946036
      vertex 16.304481869954852 42 58.46926627053964
      vertex 16.172238657071166 42 58.83886129098215
    endloop
  endfacet
  facet normal 0 1 0
    outer loop
      vertex 16.304481869954852 42 61.53073372946036
      vertex 16.172238657071166 42 58.83886129098215
      vertex 16.172238657071166 42 61.16113870901785
    endloop
  endfacet
  facet normal 0 1 0
    outer loop
      vertex 16.172238657071166 42 61.16113870901785
      vertex 16.07685887838708 42 59.21963871193549
      vertex 16.07685887838708 42 60.78036128806451
    endloop
  endfacet
  facet normal 0 1 0
    outer loop
      vertex 16.172238657071166 42 61.16113870901785
      vertex 16.172238657071166 42 58.83886129098215
      vertex 16.07685887838708 42 59.21963871193549
    endloop
  endfacet
  facet normal 0 1 0
    outer loop
      vertex 16.07685887838708 42 60.78036128806451
      vertex 16.07685887838708 42 59.21963871193549
      vertex 16.01926109331121 42 59.60793143868176
    endloop
  endfacet
  facet normal 0 1 0
    outer loop
      vertex 16.07685887838708 42 60.78036128806451
      vertex 16.01926109331121 42 59.60793143868176
      vertex 16.01926109331121 42 60.39206856131824
    endloop
  endfacet
  facet normal 0 1 0
    outer loop
      vertex 16.01926109331121 42 60.39206856131824
      vertex 16.01926109331121 42 59.60793143868176
      vertex 16 42 60
    endloop
  endfacet
  facet normal 0 1 0
    outer loop
      vertex 17.17157287525381 42 62.82842712474619
      vertex 17.17157287525381 42 57.17157287525381
      vertex 16.907958186549052 42 57.46242686334542
    endloop
  endfacet
  facet normal 0 1 0
    outer loop
      vertex 16.907958186549052 42 62.53757313665458
      vertex 16.907958186549052 42 57.46242686334542
      vertex 16.67412155078982 42 57.777719067921595
    endloop
  endfacet
  facet normal 0 1 0
    outer loop
      vertex 16.67412155078982 42 62.222280932078405
      vertex 16.67412155078982 42 57.777719067921595
      vertex 16.47231494260658 42 58.11441305269601
    endloop
  endfacet
  facet normal -0.7405408179873574 0.033274745518736465 0.6711870739259505
    outer loop
      vertex 17.17157287525381 42 62.82842712474619
      vertex 16.907958186549052 42 62.53757313665458
      vertex 15.845068813175288 0.75 63.4098639023796
    endloop
  endfacet
  facet normal -0.8027627491507361 0.0332747455187364 0.5953694314344797
    outer loop
      vertex 16.907958186549052 42 62.53757313665458
      vertex 16.67412155078982 42 62.222280932078405
      vertex 15.53085083387382 0.75 62.98619000248036
    endloop
  endfacet
  facet normal -0.8572536362050346 0.03327474551873633 0.5138180558562628
    outer loop
      vertex 16.67412155078982 42 62.222280932078405
      vertex 16.47231494260658 42 61.88558694730399
      vertex 15.25967320412759 0.75 62.53375746043974
    endloop
  endfacet
  facet normal -0.9034887021201828 0.03327474551873634 0.4273183315186127
    outer loop
      vertex 16.47231494260658 42 61.88558694730399
      vertex 16.304481869954852 42 61.53073372946036
      vertex 15.034147512751833 0.75 62.05692344896236
    endloop
  endfacet
  facet normal -0.6711870739259549 0.03327474551873633 -0.7405408179873533
    outer loop
      vertex 17.462426863345417 42 56.90795818654905
      vertex 16.590136097620405 0.75 55.84506881317529
      vertex 17.17157287525381 42 57.17157287525381
    endloop
  endfacet
  facet normal -0.7405408179873574 0.03327474551873646 -0.6711870739259505
    outer loop
      vertex 16.907958186549052 42 57.46242686334542
      vertex 17.17157287525381 42 57.17157287525381
      vertex 15.845068813175288 0.75 56.5901360976204
    endloop
  endfacet
  facet normal -0.8572536362050346 0.03327474551873633 -0.5138180558562628
    outer loop
      vertex 16.67412155078982 42 57.777719067921595
      vertex 15.25967320412759 0.75 57.46624253956026
      vertex 16.47231494260658 42 58.11441305269601
    endloop
  endfacet
  facet normal -0.9034887021201828 0.03327474551873634 -0.4273183315186127
    outer loop
      vertex 16.304481869954852 42 58.46926627053964
      vertex 16.47231494260658 42 58.11441305269601
      vertex 15.034147512751833 0.75 57.94307655103764
    endloop
  endfacet
  facet normal -0.8027627491507361 0.0332747455187364 -0.5953694314344797
    outer loop
      vertex 16.907958186549052 42 57.46242686334542
      vertex 15.53085083387382 0.75 57.01380999751964
      vertex 16.67412155078982 42 57.777719067921595
    endloop
  endfacet
  facet normal -0.9410226779367475 0.03327474551873637 0.33670329805247773
    outer loop
      vertex 16.304481869954852 42 61.53073372946036
      vertex 16.172238657071166 42 61.16113870901785
      vertex 14.856445695439376 0.7499999999999964 61.56028014024273
    endloop
  endfacet
  facet normal -0.9694940909494547 0.033274745518736305 0.24284562776536447
    outer loop
      vertex 16.172238657071166 42 61.16113870901785
      vertex 16.07685887838708 42 60.78036128806451
      vertex 14.728279117832637 0.75 61.048610480836686
    endloop
  endfacet
  facet normal -0.9886287458869409 0.033274745518736264 0.14664922132993974
    outer loop
      vertex 16.07685887838708 42 60.78036128806451
      vertex 16.01926109331121 42 60.39206856131824
      vertex 14.650882094136943 0.75 60.52684212927139
    endloop
  endfacet
  facet normal -0.9982423655620898 0.033274745518736326 0.049040502726484005
    outer loop
      vertex 16.01926109331121 42 60.39206856131824
      vertex 16 42 60
      vertex 14.625 0.75 60
    endloop
  endfacet
  facet normal -0.9982423655620898 0.033274745518736264 -0.049040502726484005
    outer loop
      vertex 16 42 60
      vertex 16.01926109331121 42 59.60793143868176
      vertex 14.650882094136943 0.75 59.47315787072861
    endloop
  endfacet
  facet normal -0.9410226779367475 0.03327474551873637 -0.33670329805247773
    outer loop
      vertex 16.172238657071166 42 58.83886129098215
      vertex 16.304481869954852 42 58.46926627053964
      vertex 14.856445695439376 0.7499999999999964 58.43971985975727
    endloop
  endfacet
  facet normal -0.9886287458869409 0.03327474551873631 -0.14664922132993974
    outer loop
      vertex 16.01926109331121 42 59.60793143868176
      vertex 16.07685887838708 42 59.21963871193549
      vertex 14.728279117832637 0.75 58.951389519163314
    endloop
  endfacet
  facet normal -0.9694940909494547 0.03327474551873637 -0.24284562776536447
    outer loop
      vertex 16.07685887838708 42 59.21963871193549
      vertex 16.172238657071166 42 58.83886129098215
      vertex 14.856445695439376 0.7499999999999964 58.43971985975727
    endloop
  endfacet
  facet normal -0.04904050272646853 0.03327474551873636 0.9982423655620907
    outer loop
      vertex 20 42 64
      vertex 19.473157870728613 0.75 65.34911790586307
      vertex 20 0.75 65.375
    endloop
  endfacet
  facet normal -0.14664922132996505 0.03327474551873656 0.9886287458869373
    outer loop
      vertex 19.607931438681756 42 63.980738906688785
      vertex 18.95138951916331 0.75 65.27172088216736
      vertex 19.473157870728613 0.75 65.34911790586307
    endloop
  endfacet
  facet normal -0.2428456277653498 0.033274745518736215 0.9694940909494582
    outer loop
      vertex 19.219638711935488 42 63.92314112161292
      vertex 18.439719859757265 0.75 65.14355430456062
      vertex 18.95138951916331 0.75 65.27172088216736
    endloop
  endfacet
  facet normal -0.33670329805250054 0.033274745518736284 0.9410226779367394
    outer loop
      vertex 18.838861290982152 42 63.82776134292884
      vertex 17.94307655103764 0.75 64.96585248724816
      vertex 18.439719859757265 0.75 65.14355430456062
    endloop
  endfacet
  facet normal -0.427318331518601 0.0332747455187362 0.9034887021201883
    outer loop
      vertex 18.46926627053964 42 63.695518130045144
      vertex 17.466242539560263 0.75 64.7403267958724
      vertex 17.94307655103764 0.75 64.96585248724816
    endloop
  endfacet
  facet normal -0.5138180558562433 0.033274745518736284 0.8572536362050462
    outer loop
      vertex 18.11441305269601 42 63.52768505739342
      vertex 17.013809997519637 0.75 64.46914916612619
      vertex 17.466242539560263 0.75 64.7403267958724
    endloop
  endfacet
  facet normal -0.42731833151861176 0.033274745518736284 -0.9034887021201833
    outer loop
      vertex 18.11441305269601 42 56.47231494260658
      vertex 17.94307655103764 0.75 55.03414751275184
      vertex 17.466242539560263 0.75 55.259673204127594
    endloop
  endfacet
  facet normal -0.5138180558562532 0.03327474551873634 -0.8572536362050402
    outer loop
      vertex 17.77771906792159 42 56.67412155078982
      vertex 17.466242539560263 0.75 55.259673204127594
      vertex 17.013809997519637 0.75 55.53085083387382
    endloop
  endfacet
  facet normal -0.5953694314344902 0.03327474551873647 0.8027627491507284
    outer loop
      vertex 17.77771906792159 42 63.32587844921018
      vertex 16.590136097620405 0.75 64.15493118682471
      vertex 17.013809997519637 0.75 64.46914916612619
    endloop
  endfacet
  facet normal -0.6711870739259546 0.03327474551873634 0.7405408179873535
    outer loop
      vertex 17.17157287525381 42 62.82842712474619
      vertex 16.199301051122305 0.75 63.800698948877695
      vertex 16.590136097620405 0.75 64.15493118682471
    endloop
  endfacet
  facet normal -0.7405408179873505 0.03327474551873634 0.6711870739259578
    outer loop
      vertex 17.17157287525381 42 62.82842712474619
      vertex 15.845068813175288 0.75 63.4098639023796
      vertex 16.199301051122305 0.75 63.800698948877695
    endloop
  endfacet
  facet normal -0.8027627491507371 0.03327474551873641 0.5953694314344782
    outer loop
      vertex 16.907958186549052 42 62.53757313665458
      vertex 15.53085083387382 0.75 62.98619000248036
      vertex 15.845068813175288 0.75 63.4098639023796
    endloop
  endfacet
  facet normal -0.5953694314344815 0.03327474551873632 -0.8027627491507349
    outer loop
      vertex 17.462426863345417 42 56.90795818654905
      vertex 17.013809997519637 0.75 55.53085083387382
      vertex 16.590136097620405 0.75 55.84506881317529
    endloop
  endfacet
  facet normal -0.6711870739259546 0.03327474551873634 -0.7405408179873535
    outer loop
      vertex 17.17157287525381 42 57.17157287525381
      vertex 16.590136097620405 0.75 55.84506881317529
      vertex 16.199301051122305 0.75 56.199301051122305
    endloop
  endfacet
  facet normal -0.7405408179873505 0.03327474551873634 -0.6711870739259578
    outer loop
      vertex 17.17157287525381 42 57.17157287525381
      vertex 16.199301051122305 0.75 56.199301051122305
      vertex 15.845068813175288 0.75 56.5901360976204
    endloop
  endfacet
  facet normal -0.8027627491507371 0.03327474551873641 -0.5953694314344782
    outer loop
      vertex 16.907958186549052 42 57.46242686334542
      vertex 15.845068813175288 0.75 56.5901360976204
      vertex 15.53085083387382 0.75 57.01380999751964
    endloop
  endfacet
  facet normal -0.8572536362050373 0.033274745518736396 0.5138180558562583
    outer loop
      vertex 16.67412155078982 42 62.222280932078405
      vertex 15.25967320412759 0.75 62.53375746043974
      vertex 15.53085083387382 0.75 62.98619000248036
    endloop
  endfacet
  facet normal -0.9034887021201831 0.03327474551873635 0.42731833151861204
    outer loop
      vertex 16.47231494260658 42 61.88558694730399
      vertex 15.034147512751833 0.75 62.05692344896236
      vertex 15.25967320412759 0.75 62.53375746043974
    endloop
  endfacet
  facet normal -0.9410226779367464 0.033274745518736326 0.33670329805248067
    outer loop
      vertex 16.304481869954852 42 61.53073372946036
      vertex 14.856445695439376 0.7499999999999964 61.56028014024273
      vertex 15.034147512751833 0.75 62.05692344896236
    endloop
  endfacet
  facet normal -0.9694940909494558 0.03327474551873636 0.24284562776535937
    outer loop
      vertex 16.172238657071166 42 61.16113870901785
      vertex 14.728279117832637 0.75 61.048610480836686
      vertex 14.856445695439376 0.7499999999999964 61.56028014024273
    endloop
  endfacet
  facet normal -0.9886287458869414 0.033274745518736305 0.14664922132993632
    outer loop
      vertex 16.07685887838708 42 60.78036128806451
      vertex 14.650882094136943 0.75 60.52684212927139
      vertex 14.728279117832637 0.75 61.048610480836686
    endloop
  endfacet
  facet normal -0.9982423655620896 0.03327474551873628 0.04904050272648871
    outer loop
      vertex 16.01926109331121 42 60.39206856131824
      vertex 14.625 0.75 60
      vertex 14.650882094136943 0.75 60.52684212927139
    endloop
  endfacet
  facet normal -0.9982423655620896 0.03327474551873632 -0.04904050272648871
    outer loop
      vertex 16 42 60
      vertex 14.650882094136943 0.75 59.47315787072861
      vertex 14.625 0.75 60
    endloop
  endfacet
  facet normal -0.9034887021201831 0.03327474551873635 -0.42731833151861204
    outer loop
      vertex 16.47231494260658 42 58.11441305269601
      vertex 15.25967320412759 0.75 57.46624253956026
      vertex 15.034147512751833 0.75 57.94307655103764
    endloop
  endfacet
  facet normal -0.9694940909494558 0.03327474551873632 -0.24284562776535937
    outer loop
      vertex 16.07685887838708 42 59.21963871193549
      vertex 14.856445695439376 0.7499999999999964 58.43971985975727
      vertex 14.728279117832637 0.75 58.951389519163314
    endloop
  endfacet
  facet normal -0.9410226779367464 0.033274745518736326 -0.33670329805248067
    outer loop
      vertex 16.304481869954852 42 58.46926627053964
      vertex 15.034147512751833 0.75 57.94307655103764
      vertex 14.856445695439376 0.7499999999999964 58.43971985975727
    endloop
  endfacet
  facet normal -0.8572536362050373 0.033274745518736396 -0.5138180558562583
    outer loop
      vertex 16.67412155078982 42 57.777719067921595
      vertex 15.53085083387382 0.75 57.01380999751964
      vertex 15.25967320412759 0.75 57.46624253956026
    endloop
  endfacet
  facet normal -0.9886287458869414 0.03327474551873628 -0.14664922132993632
    outer loop
      vertex 16.01926109331121 42 59.60793143868176
      vertex 14.728279117832637 0.75 58.951389519163314
      vertex 14.650882094136943 0.75 59.47315787072861
    endloop
  endfacet
  facet normal -0.04904050272648221 0.03327474551873644 -0.9982423655620901
    outer loop
      vertex 19.607931438681756 42 56.019261093311215
      vertex 20 0.75 54.625
      vertex 19.473157870728613 0.75 54.65088209413694
    endloop
  endfacet
  facet normal -0.14664922132993854 0.033274745518736375 -0.9886287458869412
    outer loop
      vertex 19.219638711935488 42 56.07685887838708
      vertex 19.473157870728613 0.75 54.65088209413694
      vertex 18.95138951916331 0.75 54.728279117832635
    endloop
  endfacet
  facet normal -0.24284562776536273 0.0332747455187363 -0.969494090949455
    outer loop
      vertex 18.838861290982152 42 56.17223865707116
      vertex 18.95138951916331 0.75 54.728279117832635
      vertex 18.439719859757265 0.75 54.856445695439376
    endloop
  endfacet
  facet normal -0.3367032980524889 0.03327474551873634 -0.9410226779367437
    outer loop
      vertex 18.46926627053964 42 56.304481869954856
      vertex 18.439719859757265 0.75 54.856445695439376
      vertex 17.94307655103764 0.75 55.03414751275184
    endloop
  endfacet
endsolid OpenSCAD_Model
