solid OpenSCAD_Model
  facet normal 0 0 -1
    outer loop
      vertex -8.899186938124423 -6.465637775217204 0
      vertex -7.251162579629031 -1.7654135047258148 0
      vertex -7.360436669947441 -8.174593080251336 0
    endloop
  endfacet
  facet normal 0 0 1
    outer loop
      vertex -8.899186938124423 -6.465637775217204 6
      vertex -7.360436669947441 -8.174593080251336 6
      vertex -8.04805029709527 -2.77163859753386 6
    endloop
  endfacet
  facet normal 0 0 1
    outer loop
      vertex -7.360436669947441 -8.174593080251336 6
      vertex -7.485270966048385 -2.9423558412096913 6
      vertex -8.04805029709527 -2.77163859753386 6
    endloop
  endfacet
  facet normal 0 0 1
    outer loop
      vertex -7.360436669947441 -8.174593080251336 6
      vertex -6.9 -3 6
      vertex -7.485270966048385 -2.9423558412096913 6
    endloop
  endfacet
  facet normal 0 0 -1
    outer loop
      vertex -7.360436669947441 -8.174593080251336 0
      vertex -5.627207793864215 -1.2727922061357857 0
      vertex -5.5 -9.526279441628825 0
    endloop
  endfacet
  facet normal 0 0 1
    outer loop
      vertex -7.360436669947441 -8.174593080251336 6
      vertex -5.5 -9.526279441628825 6
      vertex -6.3147290339516156 -2.9423558412096913 6
    endloop
  endfacet
  facet normal 0 0 1
    outer loop
      vertex -7.360436669947441 -8.174593080251336 6
      vertex -6.3147290339516156 -2.9423558412096913 6
      vertex -6.9 -3 6
    endloop
  endfacet
  facet normal 0 0 1
    outer loop
      vertex -6.3147290339516156 -2.9423558412096913 6
      vertex -5.5 -9.526279441628825 6
      vertex -5.7519497029047315 -2.77163859753386 6
    endloop
  endfacet
  facet normal 0 0 -1
    outer loop
      vertex -10.759623608071863 -2.2870285989953527 0
      vertex -10.049000034068609 4.474103073833803 0
      vertex -10.049000034068609 -4.474103073833803 0
    endloop
  endfacet
  facet normal 0 0 1
    outer loop
      vertex -10.759623608071863 -2.2870285989953527 6
      vertex -10.049000034068609 -4.474103073833803 6
      vertex -10.759623608071863 2.2870285989953527 6
    endloop
  endfacet
  facet normal 0 0 1
    outer loop
      vertex -10.049000034068609 -4.474103073833803 6
      vertex -9.842355841209692 -0.5852709660483848 6
      vertex -9.9 0 6
    endloop
  endfacet
  facet normal 0 0 1
    outer loop
      vertex -10.049000034068609 -4.474103073833803 6
      vertex -9.67163859753386 -1.1480502970952693 6
      vertex -9.842355841209692 -0.5852709660483848 6
    endloop
  endfacet
  facet normal 0 0 -1
    outer loop
      vertex -10.759623608071863 -2.2870285989953527 0
      vertex -11 0 0
      vertex -10.759623608071863 2.2870285989953527 0
    endloop
  endfacet
  facet normal 0 0 -1
    outer loop
      vertex -10.759623608071863 -2.2870285989953527 0
      vertex -10.759623608071863 2.2870285989953527 0
      vertex -10.049000034068609 4.474103073833803 0
    endloop
  endfacet
  facet normal -0.9945218953682733 0.10452846326765322 0
    outer loop
      vertex -11 0 0
      vertex -10.759623608071863 2.2870285989953527 6
      vertex -10.759623608071863 2.2870285989953527 0
    endloop
  endfacet
  facet normal 0 0 -1
    outer loop
      vertex -10.049000034068609 -4.474103073833803 0
      vertex -10.049000034068609 4.474103073833803 0
      vertex -8.899186938124423 6.465637775217204 0
    endloop
  endfacet
  facet normal -0.9945218953682733 0.10452846326765322 0
    outer loop
      vertex -11 0 0
      vertex -11 0 6
      vertex -10.759623608071863 2.2870285989953527 6
    endloop
  endfacet
  facet normal 0 0 1
    outer loop
      vertex -10.759623608071863 -2.2870285989953527 6
      vertex -10.759623608071863 2.2870285989953527 6
      vertex -11 0 6
    endloop
  endfacet
  facet normal -0.9510565162951534 0.30901699437494806 0
    outer loop
      vertex -10.759623608071863 2.2870285989953527 0
      vertex -10.759623608071863 2.2870285989953527 6
      vertex -10.049000034068609 4.474103073833803 6
    endloop
  endfacet
  facet normal 0 0 1
    outer loop
      vertex -10.049000034068609 -4.474103073833803 6
      vertex -9.9 0 6
      vertex -10.049000034068609 4.474103073833803 6
    endloop
  endfacet
  facet normal 0 0 1
    outer loop
      vertex -10.049000034068609 -4.474103073833803 6
      vertex -10.049000034068609 4.474103073833803 6
      vertex -10.759623608071863 2.2870285989953527 6
    endloop
  endfacet
  facet normal 0 0 1
    outer loop
      vertex -9.9 0 6
      vertex -9.842355841209692 0.5852709660483848 6
      vertex -10.049000034068609 4.474103073833803 6
    endloop
  endfacet
  facet normal 0 0 1
    outer loop
      vertex -9.842355841209692 0.5852709660483848 6
      vertex -9.67163859753386 1.1480502970952693 6
      vertex -10.049000034068609 4.474103073833803 6
    endloop
  endfacet
  facet normal 0 0 1
    outer loop
      vertex -9.67163859753386 1.1480502970952693 6
      vertex -9.394408836907637 1.6667106990588065 6
      vertex -10.049000034068609 4.474103073833803 6
    endloop
  endfacet
  facet normal 0 0 -1
    outer loop
      vertex -8.899186938124423 -6.465637775217204 0
      vertex -10.049000034068609 -4.474103073833803 0
      vertex -8.899186938124423 6.465637775217204 0
    endloop
  endfacet
  facet normal 0 0 -1
    outer loop
      vertex -8.899186938124423 -6.465637775217204 0
      vertex -8.562983158520316 -0.6888301782571616 0
      vertex -8.39664530214458 -1.000026419435284 0
    endloop
  endfacet
  facet normal 0 0 -1
    outer loop
      vertex -8.899186938124423 -6.465637775217204 0
      vertex -8.39664530214458 -1.000026419435284 0
      vertex -8.172792206135785 -1.2727922061357857 0
    endloop
  endfacet
  facet normal 0 0 -1
    outer loop
      vertex -8.899186938124423 -6.465637775217204 0
      vertex -8.172792206135785 -1.2727922061357857 0
      vertex -7.900026419435284 -1.4966453021445814 0
    endloop
  endfacet
  facet normal 0 0 -1
    outer loop
      vertex -8.899186938124423 -6.465637775217204 0
      vertex -8.665413504725816 -0.35116257962903086 0
      vertex -8.562983158520316 -0.6888301782571616 0
    endloop
  endfacet
  facet normal 0 0 -1
    outer loop
      vertex -8.899186938124423 -6.465637775217204 0
      vertex -8.700000000000001 0 0
      vertex -8.665413504725816 -0.35116257962903086 0
    endloop
  endfacet
  facet normal 0 0 1
    outer loop
      vertex -8.899186938124423 -6.465637775217204 6
      vertex -9.67163859753386 -1.1480502970952693 6
      vertex -10.049000034068609 -4.474103073833803 6
    endloop
  endfacet
  facet normal 0 0 1
    outer loop
      vertex -8.899186938124423 -6.465637775217204 6
      vertex -9.394408836907637 -1.6667106990588065 6
      vertex -9.67163859753386 -1.1480502970952693 6
    endloop
  endfacet
  facet normal 0 0 1
    outer loop
      vertex -8.899186938124423 -6.465637775217204 6
      vertex -9.021320343559644 -2.121320343559643 6
      vertex -9.394408836907637 -1.6667106990588065 6
    endloop
  endfacet
  facet normal 0 0 1
    outer loop
      vertex -8.899186938124423 -6.465637775217204 6
      vertex -8.566710699058806 -2.4944088369076356 6
      vertex -9.021320343559644 -2.121320343559643 6
    endloop
  endfacet
  facet normal 0 0 1
    outer loop
      vertex -8.899186938124423 -6.465637775217204 6
      vertex -8.04805029709527 -2.77163859753386 6
      vertex -8.566710699058806 -2.4944088369076356 6
    endloop
  endfacet
  facet normal 0 0 -1
    outer loop
      vertex -8.899186938124423 -6.465637775217204 0
      vertex -8.899186938124423 6.465637775217204 0
      vertex -8.700000000000001 0 0
    endloop
  endfacet
  facet normal 0 0 -1
    outer loop
      vertex -8.700000000000001 0 0
      vertex -8.899186938124423 6.465637775217204 0
      vertex -8.665413504725816 0.35116257962903086 0
    endloop
  endfacet
  facet normal 0 0 -1
    outer loop
      vertex -8.665413504725816 0.35116257962903086 0
      vertex -8.899186938124423 6.465637775217204 0
      vertex -8.562983158520316 0.6888301782571616 0
    endloop
  endfacet
  facet normal 0 0 -1
    outer loop
      vertex -8.562983158520316 0.6888301782571616 0
      vertex -8.899186938124423 6.465637775217204 0
      vertex -8.39664530214458 1.000026419435284 0
    endloop
  endfacet
  facet normal 0 0 -1
    outer loop
      vertex -8.39664530214458 1.000026419435284 0
      vertex -8.899186938124423 6.465637775217204 0
      vertex -8.172792206135785 1.2727922061357857 0
    endloop
  endfacet
  facet normal 0 0 1
    outer loop
      vertex -9.394408836907637 1.6667106990588065 6
      vertex -9.021320343559644 2.121320343559643 6
      vertex -10.049000034068609 4.474103073833803 6
    endloop
  endfacet
  facet normal 0 0 1
    outer loop
      vertex -9.021320343559644 2.121320343559643 6
      vertex -8.566710699058806 2.4944088369076356 6
      vertex -10.049000034068609 4.474103073833803 6
    endloop
  endfacet
  facet normal -0.9510565162951534 0.30901699437494806 0
    outer loop
      vertex -10.759623608071863 2.2870285989953527 0
      vertex -10.049000034068609 4.474103073833803 6
      vertex -10.049000034068609 4.474103073833803 0
    endloop
  endfacet
  facet normal -0.866025403784439 0.49999999999999933 0
    outer loop
      vertex -10.049000034068609 4.474103073833803 0
      vertex -10.049000034068609 4.474103073833803 6
      vertex -8.899186938124423 6.465637775217204 6
    endloop
  endfacet
  facet normal -0.866025403784439 0.49999999999999933 0
    outer loop
      vertex -10.049000034068609 4.474103073833803 0
      vertex -8.899186938124423 6.465637775217204 6
      vertex -8.899186938124423 6.465637775217204 0
    endloop
  endfacet
  facet normal 0 0 1
    outer loop
      vertex -8.566710699058806 2.4944088369076356 6
      vertex -8.899186938124423 6.465637775217204 6
      vertex -10.049000034068609 4.474103073833803 6
    endloop
  endfacet
  facet normal 0 0 1
    outer loop
      vertex -8.566710699058806 2.4944088369076356 6
      vertex -8.04805029709527 2.77163859753386 6
      vertex -8.899186938124423 6.465637775217204 6
    endloop
  endfacet
  facet normal -0.743144825477394 0.6691306063588586 0
    outer loop
      vertex -8.899186938124423 6.465637775217204 0
      vertex -8.899186938124423 6.465637775217204 6
      vertex -7.360436669947441 8.174593080251336 6
    endloop
  endfacet
  facet normal 0 0 -1
    outer loop
      vertex -8.899186938124423 -6.465637775217204 0
      vertex -7.900026419435284 -1.4966453021445814 0
      vertex -7.588830178257162 -1.662983158520316 0
    endloop
  endfacet
  facet normal 0 0 -1
    outer loop
      vertex -8.899186938124423 -6.465637775217204 0
      vertex -7.588830178257162 -1.662983158520316 0
      vertex -7.251162579629031 -1.7654135047258148 0
    endloop
  endfacet
  facet normal 0 0 -1
    outer loop
      vertex -7.360436669947441 -8.174593080251336 0
      vertex -7.251162579629031 -1.7654135047258148 0
      vertex -6.9 -1.8 0
    endloop
  endfacet
  facet normal 0 0 -1
    outer loop
      vertex -7.360436669947441 -8.174593080251336 0
      vertex -6.9 -1.8 0
      vertex -6.54883742037097 -1.7654135047258148 0
    endloop
  endfacet
  facet normal 0 0 -1
    outer loop
      vertex -7.360436669947441 -8.174593080251336 0
      vertex -6.54883742037097 -1.7654135047258148 0
      vertex -6.211169821742839 -1.662983158520316 0
    endloop
  endfacet
  facet normal 0 0 -1
    outer loop
      vertex -7.360436669947441 -8.174593080251336 0
      vertex -6.211169821742839 -1.662983158520316 0
      vertex -5.899973580564716 -1.4966453021445814 0
    endloop
  endfacet
  facet normal 0 0 -1
    outer loop
      vertex -7.360436669947441 -8.174593080251336 0
      vertex -5.899973580564716 -1.4966453021445814 0
      vertex -5.627207793864215 -1.2727922061357857 0
    endloop
  endfacet
  facet normal 0 0 -1
    outer loop
      vertex -5.627207793864215 -1.2727922061357857 0
      vertex -5.403354697855419 -1.000026419435284 0
      vertex -5.5 -9.526279441628825 0
    endloop
  endfacet
  facet normal 0 0 -1
    outer loop
      vertex -8.172792206135785 1.2727922061357857 0
      vertex -7.360436669947441 8.174593080251336 0
      vertex -7.900026419435284 1.4966453021445814 0
    endloop
  endfacet
  facet normal 0 0 -1
    outer loop
      vertex -7.900026419435284 1.4966453021445814 0
      vertex -7.360436669947441 8.174593080251336 0
      vertex -7.588830178257162 1.662983158520316 0
    endloop
  endfacet
  facet normal 0 0 -1
    outer loop
      vertex -8.899186938124423 6.465637775217204 0
      vertex -7.360436669947441 8.174593080251336 0
      vertex -8.172792206135785 1.2727922061357857 0
    endloop
  endfacet
  facet normal 0 0 -1
    outer loop
      vertex -7.588830178257162 1.662983158520316 0
      vertex -7.360436669947441 8.174593080251336 0
      vertex -7.251162579629031 1.7654135047258148 0
    endloop
  endfacet
  facet normal 0 0 -1
    outer loop
      vertex -7.251162579629031 1.7654135047258148 0
      vertex -7.360436669947441 8.174593080251336 0
      vertex -6.9 1.8 0
    endloop
  endfacet
  facet normal 0 0 -1
    outer loop
      vertex -6.9 1.8 0
      vertex -7.360436669947441 8.174593080251336 0
      vertex -6.54883742037097 1.7654135047258148 0
    endloop
  endfacet
  facet normal 0 0 1
    outer loop
      vertex -8.899186938124423 6.465637775217204 6
      vertex -8.04805029709527 2.77163859753386 6
      vertex -7.485270966048385 2.9423558412096913 6
    endloop
  endfacet
  facet normal 0 0 1
    outer loop
      vertex -8.899186938124423 6.465637775217204 6
      vertex -7.485270966048385 2.9423558412096913 6
      vertex -6.9 3 6
    endloop
  endfacet
  facet normal 0 0 1
    outer loop
      vertex -8.899186938124423 6.465637775217204 6
      vertex -6.9 3 6
      vertex -7.360436669947441 8.174593080251336 6
    endloop
  endfacet
  facet normal -0.743144825477394 0.6691306063588586 0
    outer loop
      vertex -8.899186938124423 6.465637775217204 0
      vertex -7.360436669947441 8.174593080251336 6
      vertex -7.360436669947441 8.174593080251336 0
    endloop
  endfacet
  facet normal 0 0 -1
    outer loop
      vertex -6.54883742037097 1.7654135047258148 0
      vertex -7.360436669947441 8.174593080251336 0
      vertex -5.5 9.526279441628825 0
    endloop
  endfacet
  facet normal 0 0 -1
    outer loop
      vertex -6.54883742037097 1.7654135047258148 0
      vertex -5.5 9.526279441628825 0
      vertex -6.211169821742839 1.662983158520316 0
    endloop
  endfacet
  facet normal 0 0 -1
    outer loop
      vertex -6.211169821742839 1.662983158520316 0
      vertex -5.5 9.526279441628825 0
      vertex -5.899973580564716 1.4966453021445814 0
    endloop
  endfacet
  facet normal 0 0 -1
    outer loop
      vertex -5.899973580564716 1.4966453021445814 0
      vertex -5.5 9.526279441628825 0
      vertex -5.627207793864215 1.2727922061357857 0
    endloop
  endfacet
  facet normal 0 0 1
    outer loop
      vertex -6.9 3 6
      vertex -6.3147290339516156 2.9423558412096913 6
      vertex -7.360436669947441 8.174593080251336 6
    endloop
  endfacet
  facet normal 0 0 1
    outer loop
      vertex -6.3147290339516156 2.9423558412096913 6
      vertex -5.7519497029047315 2.77163859753386 6
      vertex -7.360436669947441 8.174593080251336 6
    endloop
  endfacet
  facet normal 0 0 1
    outer loop
      vertex -5.7519497029047315 2.77163859753386 6
      vertex -5.233289300941194 2.4944088369076356 6
      vertex -7.360436669947441 8.174593080251336 6
    endloop
  endfacet
  facet normal 0 0 1
    outer loop
      vertex -7.360436669947441 8.174593080251336 6
      vertex -5.233289300941194 2.4944088369076356 6
      vertex -5.5 9.526279441628825 6
    endloop
  endfacet
  facet normal -0.5877852522924731 0.8090169943749473 0
    outer loop
      vertex -7.360436669947441 8.174593080251336 0
      vertex -7.360436669947441 8.174593080251336 6
      vertex -5.5 9.526279441628825 0
    endloop
  endfacet
  facet normal -0.5877852522924731 0.8090169943749473 0
    outer loop
      vertex -5.5 9.526279441628825 0
      vertex -7.360436669947441 8.174593080251336 6
      vertex -5.5 9.526279441628825 6
    endloop
  endfacet
  facet normal 0 0 1
    outer loop
      vertex -5.7519497029047315 -2.77163859753386 6
      vertex -5.5 -9.526279441628825 6
      vertex -5.233289300941194 -2.4944088369076356 6
    endloop
  endfacet
  facet normal 0 0 1
    outer loop
      vertex -5.5 -9.526279441628825 6
      vertex -4.7786796564403575 -2.121320343559643 6
      vertex -5.233289300941194 -2.4944088369076356 6
    endloop
  endfacet
  facet normal 0 0 1
    outer loop
      vertex -5.5 -9.526279441628825 6
      vertex -3.3991869381244215 -10.461621679246688 6
      vertex -4.7786796564403575 -2.121320343559643 6
    endloop
  endfacet
  facet normal 0 0 1
    outer loop
      vertex -3.3991869381244215 -10.461621679246688 6
      vertex -4.405591163092365 -1.6667106990588065 6
      vertex -4.7786796564403575 -2.121320343559643 6
    endloop
  endfacet
  facet normal 0 0 1
    outer loop
      vertex -3.3991869381244215 -10.461621679246688 6
      vertex -2.77163859753386 -8.04805029709527 6
      vertex -2.9423558412096913 -7.485270966048385 6
    endloop
  endfacet
  facet normal 0 0 1
    outer loop
      vertex -3.3991869381244215 -10.461621679246688 6
      vertex -2.4944088369076356 -8.566710699058806 6
      vertex -2.77163859753386 -8.04805029709527 6
    endloop
  endfacet
  facet normal 0 0 1
    outer loop
      vertex -3.3991869381244215 -10.461621679246688 6
      vertex -2.9423558412096913 -7.485270966048385 6
      vertex -3 -6.9 6
    endloop
  endfacet
  facet normal 0 0 -1
    outer loop
      vertex -3.3991869381244215 -10.461621679246688 0
      vertex -1.7654135047258148 -7.251162579629031 0
      vertex -1.662983158520316 -7.588830178257162 0
    endloop
  endfacet
  facet normal 0 0 -1
    outer loop
      vertex -3.3991869381244215 -10.461621679246688 0
      vertex -1.662983158520316 -7.588830178257162 0
      vertex -1.4966453021445814 -7.900026419435284 0
    endloop
  endfacet
  facet normal 0 0 -1
    outer loop
      vertex -3.3991869381244215 -10.461621679246688 0
      vertex -1.000026419435284 -8.39664530214458 0
      vertex -1.1498130959441881 -10.939740849051006 0
    endloop
  endfacet
  facet normal 0 0 -1
    outer loop
      vertex -3.3991869381244215 -10.461621679246688 0
      vertex -1.2727922061357857 -8.172792206135785 0
      vertex -1.000026419435284 -8.39664530214458 0
    endloop
  endfacet
  facet normal 0 0 -1
    outer loop
      vertex -3.3991869381244215 -10.461621679246688 0
      vertex -1.4966453021445814 -7.900026419435284 0
      vertex -1.2727922061357857 -8.172792206135785 0
    endloop
  endfacet
  facet normal 0 0 1
    outer loop
      vertex -3.3991869381244215 -10.461621679246688 6
      vertex -2.121320343559643 -9.021320343559644 6
      vertex -2.4944088369076356 -8.566710699058806 6
    endloop
  endfacet
  facet normal 0 0 1
    outer loop
      vertex -3.3991869381244215 -10.461621679246688 6
      vertex -1.6667106990588065 -9.394408836907637 6
      vertex -2.121320343559643 -9.021320343559644 6
    endloop
  endfacet
  facet normal 0 0 1
    outer loop
      vertex -3.3991869381244215 -10.461621679246688 6
      vertex -1.1498130959441881 -10.939740849051006 6
      vertex -1.6667106990588065 -9.394408836907637 6
    endloop
  endfacet
  facet normal 0 0 -1
    outer loop
      vertex -3.3991869381244215 -10.461621679246688 0
      vertex -2.4270509831248424 -1.7633557568774194 0
      vertex -1.7654135047258148 -7.251162579629031 0
    endloop
  endfacet
  facet normal 0 0 -1
    outer loop
      vertex -1.7654135047258148 -7.251162579629031 0
      vertex -2.4270509831248424 -1.7633557568774194 0
      vertex -1.8 -6.9 0
    endloop
  endfacet
  facet normal 0 0 -1
    outer loop
      vertex -1.8 -6.9 0
      vertex -2.4270509831248424 -1.7633557568774194 0
      vertex -1.7654135047258148 -6.54883742037097 0
    endloop
  endfacet
  facet normal 0 0 -1
    outer loop
      vertex -1.7654135047258148 -6.54883742037097 0
      vertex -2.4270509831248424 -1.7633557568774194 0
      vertex -1.662983158520316 -6.211169821742839 0
    endloop
  endfacet
  facet normal 0 0 -1
    outer loop
      vertex -1.662983158520316 -6.211169821742839 0
      vertex -2.4270509831248424 -1.7633557568774194 0
      vertex -1.4966453021445814 -5.899973580564716 0
    endloop
  endfacet
  facet normal 0 0 -1
    outer loop
      vertex -1.1498130959441881 -10.939740849051006 0
      vertex -0.6888301782571616 -8.562983158520316 0
      vertex -0.35116257962903086 -8.665413504725816 0
    endloop
  endfacet
  facet normal 0 0 -1
    outer loop
      vertex -1.1498130959441881 -10.939740849051006 0
      vertex -1.000026419435284 -8.39664530214458 0
      vertex -0.6888301782571616 -8.562983158520316 0
    endloop
  endfacet
  facet normal 0 0 -1
    outer loop
      vertex -1.1498130959441881 -10.939740849051006 0
      vertex -0.35116257962903086 -8.665413504725816 0
      vertex 0 -8.700000000000001 0
    endloop
  endfacet
  facet normal 0 0 1
    outer loop
      vertex -1.6667106990588065 -9.394408836907637 6
      vertex -1.1498130959441881 -10.939740849051006 6
      vertex -1.1480502970952693 -9.67163859753386 6
    endloop
  endfacet
  facet normal 0 0 1
    outer loop
      vertex -1.1498130959441881 -10.939740849051006 6
      vertex -0.5852709660483848 -9.842355841209692 6
      vertex -1.1480502970952693 -9.67163859753386 6
    endloop
  endfacet
  facet normal 0 0 1
    outer loop
      vertex -1.1498130959441881 -10.939740849051006 6
      vertex 0 -9.9 6
      vertex -0.5852709660483848 -9.842355841209692 6
    endloop
  endfacet
  facet normal 0 0 -1
    outer loop
      vertex -1.4966453021445814 -5.899973580564716 0
      vertex -0.9270509831248421 -2.8531695488854605 0
      vertex -1.2727922061357857 -5.627207793864215 0
    endloop
  endfacet
  facet normal 0 0 -1
    outer loop
      vertex -1.2727922061357857 -5.627207793864215 0
      vertex -0.9270509831248421 -2.8531695488854605 0
      vertex -1.000026419435284 -5.403354697855419 0
    endloop
  endfacet
  facet normal 0 0 -1
    outer loop
      vertex -5.5 -9.526279441628825 0
      vertex -5.403354697855419 -1.000026419435284 0
      vertex -5.237016841479685 -0.6888301782571616 0
    endloop
  endfacet
  facet normal 0 0 -1
    outer loop
      vertex -5.5 -9.526279441628825 0
      vertex -5.237016841479685 -0.6888301782571616 0
      vertex -5.134586495274186 -0.35116257962903086 0
    endloop
  endfacet
  facet normal 0 0 -1
    outer loop
      vertex -5.5 -9.526279441628825 0
      vertex -5.134586495274186 -0.35116257962903086 0
      vertex -5.1000000000000005 0 0
    endloop
  endfacet
  facet normal 0 0 -1
    outer loop
      vertex -5.5 -9.526279441628825 0
      vertex -5.1000000000000005 0 0
      vertex -3.3991869381244215 10.461621679246688 0
    endloop
  endfacet
  facet normal 0 0 -1
    outer loop
      vertex -5.5 -9.526279441628825 0
      vertex -3.3991869381244215 10.461621679246688 0
      vertex -3.3991869381244215 -10.461621679246688 0
    endloop
  endfacet
  facet normal 0 0 -1
    outer loop
      vertex -3.3991869381244215 -10.461621679246688 0
      vertex -3 0 0
      vertex -2.4270509831248424 -1.7633557568774194 0
    endloop
  endfacet
  facet normal 0 0 1
    outer loop
      vertex -3.3991869381244215 -10.461621679246688 6
      vertex -4.12836140246614 -1.1480502970952693 6
      vertex -4.405591163092365 -1.6667106990588065 6
    endloop
  endfacet
  facet normal 0 0 1
    outer loop
      vertex -3.3991869381244215 -10.461621679246688 6
      vertex -3.957644158790309 -0.5852709660483848 6
      vertex -4.12836140246614 -1.1480502970952693 6
    endloop
  endfacet
  facet normal 0 0 1
    outer loop
      vertex -3.3991869381244215 -10.461621679246688 6
      vertex -3.9000000000000004 0 6
      vertex -3.957644158790309 -0.5852709660483848 6
    endloop
  endfacet
  facet normal 0 0 1
    outer loop
      vertex -3 -6.9 6
      vertex -2.9423558412096913 -6.3147290339516156 6
      vertex -3 0 6
    endloop
  endfacet
  facet normal 0 0 1
    outer loop
      vertex -2.9423558412096913 -6.3147290339516156 6
      vertex -2.77163859753386 -5.7519497029047315 6
      vertex -3 0 6
    endloop
  endfacet
  facet normal 0 0 1
    outer loop
      vertex -3.3991869381244215 -10.461621679246688 6
      vertex -3 -6.9 6
      vertex -3.3991869381244215 10.461621679246688 6
    endloop
  endfacet
  facet normal 0 0 -1
    outer loop
      vertex -3.3991869381244215 -10.461621679246688 0
      vertex -3.3991869381244215 10.461621679246688 0
      vertex -3 0 0
    endloop
  endfacet
  facet normal 0 0 1
    outer loop
      vertex -3.3991869381244215 -10.461621679246688 6
      vertex -3.3991869381244215 10.461621679246688 6
      vertex -3.9000000000000004 0 6
    endloop
  endfacet
  facet normal 0 0 1
    outer loop
      vertex -3 -6.9 6
      vertex -3 0 6
      vertex -3.3991869381244215 10.461621679246688 6
    endloop
  endfacet
  facet normal 0 0 -1
    outer loop
      vertex -5.403354697855419 1.000026419435284 0
      vertex -3.3991869381244215 10.461621679246688 0
      vertex -5.237016841479685 0.6888301782571616 0
    endloop
  endfacet
  facet normal 0 0 -1
    outer loop
      vertex -5.1000000000000005 0 0
      vertex -5.134586495274186 0.35116257962903086 0
      vertex -3.3991869381244215 10.461621679246688 0
    endloop
  endfacet
  facet normal 0 0 -1
    outer loop
      vertex -5.237016841479685 0.6888301782571616 0
      vertex -3.3991869381244215 10.461621679246688 0
      vertex -5.134586495274186 0.35116257962903086 0
    endloop
  endfacet
  facet normal 0 0 -1
    outer loop
      vertex -5.627207793864215 1.2727922061357857 0
      vertex -3.3991869381244215 10.461621679246688 0
      vertex -5.403354697855419 1.000026419435284 0
    endloop
  endfacet
  facet normal 0 0 1
    outer loop
      vertex -5.233289300941194 2.4944088369076356 6
      vertex -4.7786796564403575 2.121320343559643 6
      vertex -5.5 9.526279441628825 6
    endloop
  endfacet
  facet normal 0 0 1
    outer loop
      vertex -4.7786796564403575 2.121320343559643 6
      vertex -4.405591163092365 1.6667106990588065 6
      vertex -5.5 9.526279441628825 6
    endloop
  endfacet
  facet normal 0 0 -1
    outer loop
      vertex -5.627207793864215 1.2727922061357857 0
      vertex -5.5 9.526279441628825 0
      vertex -3.3991869381244215 10.461621679246688 0
    endloop
  endfacet
  facet normal -0.4067366430758 0.9135454576426011 0
    outer loop
      vertex -5.5 9.526279441628825 0
      vertex -5.5 9.526279441628825 6
      vertex -3.3991869381244215 10.461621679246688 0
    endloop
  endfacet
  facet normal 0 0 1
    outer loop
      vertex -4.405591163092365 1.6667106990588065 6
      vertex -3.3991869381244215 10.461621679246688 6
      vertex -5.5 9.526279441628825 6
    endloop
  endfacet
  facet normal 0 0 1
    outer loop
      vertex -4.12836140246614 1.1480502970952693 6
      vertex -3.957644158790309 0.5852709660483848 6
      vertex -3.3991869381244215 10.461621679246688 6
    endloop
  endfacet
  facet normal 0 0 1
    outer loop
      vertex -4.12836140246614 1.1480502970952693 6
      vertex -3.3991869381244215 10.461621679246688 6
      vertex -4.405591163092365 1.6667106990588065 6
    endloop
  endfacet
  facet normal 0 0 1
    outer loop
      vertex -3.9000000000000004 0 6
      vertex -3.3991869381244215 10.461621679246688 6
      vertex -3.957644158790309 0.5852709660483848 6
    endloop
  endfacet
  facet normal 0 0 1
    outer loop
      vertex -3 0 6
      vertex -2.77163859753386 5.7519497029047315 6
      vertex -2.9423558412096913 6.3147290339516156 6
    endloop
  endfacet
  facet normal 0 0 1
    outer loop
      vertex -3 0 6
      vertex -2.9423558412096913 6.3147290339516156 6
      vertex -3.3991869381244215 10.461621679246688 6
    endloop
  endfacet
  facet normal -0.4067366430758 0.9135454576426011 0
    outer loop
      vertex -3.3991869381244215 10.461621679246688 0
      vertex -5.5 9.526279441628825 6
      vertex -3.3991869381244215 10.461621679246688 6
    endloop
  endfacet
  facet normal 0 0 1
    outer loop
      vertex -2.9423558412096913 6.3147290339516156 6
      vertex -3 6.9 6
      vertex -3.3991869381244215 10.461621679246688 6
    endloop
  endfacet
  facet normal 0 0 1
    outer loop
      vertex -3 6.9 6
      vertex -2.9423558412096913 7.485270966048385 6
      vertex -3.3991869381244215 10.461621679246688 6
    endloop
  endfacet
  facet normal 0 0 1
    outer loop
      vertex -2.9423558412096913 7.485270966048385 6
      vertex -2.77163859753386 8.04805029709527 6
      vertex -3.3991869381244215 10.461621679246688 6
    endloop
  endfacet
  facet normal 0 0 1
    outer loop
      vertex -2.77163859753386 8.04805029709527 6
      vertex -2.4944088369076356 8.566710699058806 6
      vertex -3.3991869381244215 10.461621679246688 6
    endloop
  endfacet
  facet normal 0 0 -1
    outer loop
      vertex -1.4966453021445814 -5.899973580564716 0
      vertex -2.4270509831248424 -1.7633557568774194 0
      vertex -0.9270509831248421 -2.8531695488854605 0
    endloop
  endfacet
  facet normal 0 0 1
    outer loop
      vertex -2.77163859753386 -5.7519497029047315 6
      vertex -2.4944088369076356 -5.233289300941194 6
      vertex -2.4270509831248424 -1.7633557568774194 6
    endloop
  endfacet
  facet normal 0 0 1
    outer loop
      vertex -2.4944088369076356 -5.233289300941194 6
      vertex -2.121320343559643 -4.7786796564403575 6
      vertex -2.4270509831248424 -1.7633557568774194 6
    endloop
  endfacet
  facet normal 0 0 1
    outer loop
      vertex -2.121320343559643 -4.7786796564403575 6
      vertex -1.6667106990588065 -4.405591163092365 6
      vertex -2.4270509831248424 -1.7633557568774194 6
    endloop
  endfacet
  facet normal 0 0 1
    outer loop
      vertex -2.77163859753386 -5.7519497029047315 6
      vertex -2.4270509831248424 -1.7633557568774194 6
      vertex -3 0 6
    endloop
  endfacet
  facet normal 0 0 1
    outer loop
      vertex -2.4270509831248424 -1.7633557568774194 6
      vertex -1.6667106990588065 -4.405591163092365 6
      vertex -1.1480502970952693 -4.12836140246614 6
    endloop
  endfacet
  facet normal 0 0 1
    outer loop
      vertex -2.4270509831248424 -1.7633557568774194 6
      vertex -1.1480502970952693 -4.12836140246614 6
      vertex -0.9270509831248421 -2.8531695488854605 6
    endloop
  endfacet
  facet normal 0 0 -1
    outer loop
      vertex -3 0 0
      vertex -1.8 6.9 0
      vertex -2.4270509831248424 1.7633557568774194 0
    endloop
  endfacet
  facet normal 0 0 1
    outer loop
      vertex -3 0 6
      vertex -2.4270509831248424 1.7633557568774194 6
      vertex -2.77163859753386 5.7519497029047315 6
    endloop
  endfacet
  facet normal 0 0 1
    outer loop
      vertex -2.4270509831248424 1.7633557568774194 6
      vertex -0.9270509831248421 2.8531695488854605 6
      vertex -2.121320343559643 4.7786796564403575 6
    endloop
  endfacet
  facet normal 0 0 -1
    outer loop
      vertex -1.000026419435284 -5.403354697855419 0
      vertex -0.9270509831248421 -2.8531695488854605 0
      vertex -0.6888301782571616 -5.237016841479685 0
    endloop
  endfacet
  facet normal 0 0 -1
    outer loop
      vertex -0.6888301782571616 -5.237016841479685 0
      vertex -0.9270509831248421 -2.8531695488854605 0
      vertex 0.9270509831248421 -2.8531695488854605 0
    endloop
  endfacet
  facet normal 0 0 -1
    outer loop
      vertex -0.6888301782571616 -5.237016841479685 0
      vertex 0.9270509831248421 -2.8531695488854605 0
      vertex -0.35116257962903086 -5.134586495274186 0
    endloop
  endfacet
  facet normal 0 0 1
    outer loop
      vertex -1.1480502970952693 -4.12836140246614 6
      vertex -0.5852709660483848 -3.957644158790309 6
      vertex -0.9270509831248421 -2.8531695488854605 6
    endloop
  endfacet
  facet normal 0 0 1
    outer loop
      vertex -0.9270509831248421 -2.8531695488854605 6
      vertex -0.5852709660483848 -3.957644158790309 6
      vertex 0 -3.9000000000000004 6
    endloop
  endfacet
  facet normal 0 0 1
    outer loop
      vertex -0.9270509831248421 -2.8531695488854605 6
      vertex 0 -3.9000000000000004 6
      vertex 0.5852709660483848 -3.957644158790309 6
    endloop
  endfacet
  facet normal 0 0 -1
    outer loop
      vertex -3 0 0
      vertex -3.3991869381244215 10.461621679246688 0
      vertex -1.8 6.9 0
    endloop
  endfacet
  facet normal 0 0 -1
    outer loop
      vertex -2.4270509831248424 1.7633557568774194 0
      vertex -1.8 6.9 0
      vertex -1.7654135047258148 6.54883742037097 0
    endloop
  endfacet
  facet normal 0 0 -1
    outer loop
      vertex -2.4270509831248424 1.7633557568774194 0
      vertex -1.7654135047258148 6.54883742037097 0
      vertex -1.662983158520316 6.211169821742839 0
    endloop
  endfacet
  facet normal 0 0 -1
    outer loop
      vertex -2.4270509831248424 1.7633557568774194 0
      vertex -1.662983158520316 6.211169821742839 0
      vertex -1.4966453021445814 5.899973580564716 0
    endloop
  endfacet
  facet normal 0 0 -1
    outer loop
      vertex -2.4270509831248424 1.7633557568774194 0
      vertex -1.4966453021445814 5.899973580564716 0
      vertex -1.2727922061357857 5.627207793864215 0
    endloop
  endfacet
  facet normal 0 0 -1
    outer loop
      vertex -2.4270509831248424 1.7633557568774194 0
      vertex -1.2727922061357857 5.627207793864215 0
      vertex -1.000026419435284 5.403354697855419 0
    endloop
  endfacet
  facet normal 0 0 1
    outer loop
      vertex -2.77163859753386 5.7519497029047315 6
      vertex -2.4270509831248424 1.7633557568774194 6
      vertex -2.4944088369076356 5.233289300941194 6
    endloop
  endfacet
  facet normal 0 0 1
    outer loop
      vertex -2.4270509831248424 1.7633557568774194 6
      vertex -2.121320343559643 4.7786796564403575 6
      vertex -2.4944088369076356 5.233289300941194 6
    endloop
  endfacet
  facet normal 0 0 1
    outer loop
      vertex -0.9270509831248421 2.8531695488854605 6
      vertex -1.6667106990588065 4.405591163092365 6
      vertex -2.121320343559643 4.7786796564403575 6
    endloop
  endfacet
  facet normal 0 0 -1
    outer loop
      vertex -3.3991869381244215 10.461621679246688 0
      vertex -1.7654135047258148 7.251162579629031 0
      vertex -1.8 6.9 0
    endloop
  endfacet
  facet normal 0 0 -1
    outer loop
      vertex -3.3991869381244215 10.461621679246688 0
      vertex -1.662983158520316 7.588830178257162 0
      vertex -1.7654135047258148 7.251162579629031 0
    endloop
  endfacet
  facet normal 0 0 -1
    outer loop
      vertex -3.3991869381244215 10.461621679246688 0
      vertex -1.4966453021445814 7.900026419435284 0
      vertex -1.662983158520316 7.588830178257162 0
    endloop
  endfacet
  facet normal -0.20791169081775943 0.9781476007338056 0
    outer loop
      vertex -3.3991869381244215 10.461621679246688 0
      vertex -3.3991869381244215 10.461621679246688 6
      vertex -1.1498130959441881 10.939740849051006 0
    endloop
  endfacet
  facet normal 0 0 -1
    outer loop
      vertex -3.3991869381244215 10.461621679246688 0
      vertex -1.1498130959441881 10.939740849051006 0
      vertex -1.4966453021445814 7.900026419435284 0
    endloop
  endfacet
  facet normal 0 0 1
    outer loop
      vertex -3.3991869381244215 10.461621679246688 6
      vertex -2.4944088369076356 8.566710699058806 6
      vertex -2.121320343559643 9.021320343559644 6
    endloop
  endfacet
  facet normal 0 0 1
    outer loop
      vertex -3.3991869381244215 10.461621679246688 6
      vertex -2.121320343559643 9.021320343559644 6
      vertex -1.6667106990588065 9.394408836907637 6
    endloop
  endfacet
  facet normal 0 0 1
    outer loop
      vertex -3.3991869381244215 10.461621679246688 6
      vertex -1.6667106990588065 9.394408836907637 6
      vertex -1.1480502970952693 9.67163859753386 6
    endloop
  endfacet
  facet normal -0.20791169081775943 0.9781476007338056 0
    outer loop
      vertex -1.1498130959441881 10.939740849051006 0
      vertex -3.3991869381244215 10.461621679246688 6
      vertex -1.1498130959441881 10.939740849051006 6
    endloop
  endfacet
  facet normal 0 0 1
    outer loop
      vertex -3.3991869381244215 10.461621679246688 6
      vertex -1.1480502970952693 9.67163859753386 6
      vertex -1.1498130959441881 10.939740849051006 6
    endloop
  endfacet
  facet normal 0 0 -1
    outer loop
      vertex -2.4270509831248424 1.7633557568774194 0
      vertex -0.6888301782571616 5.237016841479685 0
      vertex -0.9270509831248421 2.8531695488854605 0
    endloop
  endfacet
  facet normal 0 0 -1
    outer loop
      vertex -2.4270509831248424 1.7633557568774194 0
      vertex -1.000026419435284 5.403354697855419 0
      vertex -0.6888301782571616 5.237016841479685 0
    endloop
  endfacet
  facet normal 0 0 -1
    outer loop
      vertex -0.9270509831248421 2.8531695488854605 0
      vertex -0.6888301782571616 5.237016841479685 0
      vertex -0.35116257962903086 5.134586495274186 0
    endloop
  endfacet
  facet normal 0 0 -1
    outer loop
      vertex -0.9270509831248421 2.8531695488854605 0
      vertex -0.35116257962903086 5.134586495274186 0
      vertex 0 5.1000000000000005 0
    endloop
  endfacet
  facet normal 0 0 -1
    outer loop
      vertex -0.9270509831248421 2.8531695488854605 0
      vertex 0 5.1000000000000005 0
      vertex 0.35116257962903086 5.134586495274186 0
    endloop
  endfacet
  facet normal 0 0 1
    outer loop
      vertex -0.9270509831248421 2.8531695488854605 6
      vertex -1.1480502970952693 4.12836140246614 6
      vertex -1.6667106990588065 4.405591163092365 6
    endloop
  endfacet
  facet normal 0 0 1
    outer loop
      vertex -0.9270509831248421 2.8531695488854605 6
      vertex -0.5852709660483848 3.957644158790309 6
      vertex -1.1480502970952693 4.12836140246614 6
    endloop
  endfacet
  facet normal 0 0 1
    outer loop
      vertex -0.9270509831248421 2.8531695488854605 6
      vertex 0.9270509831248421 2.8531695488854605 6
      vertex -0.5852709660483848 3.957644158790309 6
    endloop
  endfacet
  facet normal 0 0 -1
    outer loop
      vertex -1.4966453021445814 7.900026419435284 0
      vertex -1.1498130959441881 10.939740849051006 0
      vertex -1.2727922061357857 8.172792206135785 0
    endloop
  endfacet
  facet normal 0 0 -1
    outer loop
      vertex -1.2727922061357857 8.172792206135785 0
      vertex -1.1498130959441881 10.939740849051006 0
      vertex -1.000026419435284 8.39664530214458 0
    endloop
  endfacet
  facet normal 0 0 -1
    outer loop
      vertex -1.000026419435284 8.39664530214458 0
      vertex -1.1498130959441881 10.939740849051006 0
      vertex -0.6888301782571616 8.562983158520316 0
    endloop
  endfacet
  facet normal 0 0 -1
    outer loop
      vertex -0.6888301782571616 8.562983158520316 0
      vertex -1.1498130959441881 10.939740849051006 0
      vertex -0.35116257962903086 8.665413504725816 0
    endloop
  endfacet
  facet normal 0 0 -1
    outer loop
      vertex -1.1498130959441881 10.939740849051006 0
      vertex 0 8.700000000000001 0
      vertex -0.35116257962903086 8.665413504725816 0
    endloop
  endfacet
  facet normal 0 1 0
    outer loop
      vertex -1.1498130959441881 10.939740849051006 0
      vertex -1.1498130959441881 10.939740849051006 6
      vertex 1.1498130959441881 10.939740849051006 0
    endloop
  endfacet
  facet normal 0 0 1
    outer loop
      vertex -1.1480502970952693 9.67163859753386 6
      vertex -0.5852709660483848 9.842355841209692 6
      vertex -1.1498130959441881 10.939740849051006 6
    endloop
  endfacet
  facet normal 0 0 1
    outer loop
      vertex -1.1498130959441881 10.939740849051006 6
      vertex -0.5852709660483848 9.842355841209692 6
      vertex 0 9.9 6
    endloop
  endfacet
  facet normal 0 0 -1
    outer loop
      vertex -1.1498130959441881 -10.939740849051006 0
      vertex 0 -8.700000000000001 0
      vertex 1.1498130959441881 -10.939740849051006 0
    endloop
  endfacet
  facet normal 0 0 -1
    outer loop
      vertex 0 -8.700000000000001 0
      vertex 0.35116257962903086 -8.665413504725816 0
      vertex 1.1498130959441881 -10.939740849051006 0
    endloop
  endfacet
  facet normal 0 0 -1
    outer loop
      vertex 0.35116257962903086 -8.665413504725816 0
      vertex 0.6888301782571616 -8.562983158520316 0
      vertex 1.1498130959441881 -10.939740849051006 0
    endloop
  endfacet
  facet normal 0 0 -1
    outer loop
      vertex 1.1498130959441881 -10.939740849051006 0
      vertex 0.6888301782571616 -8.562983158520316 0
      vertex 1.000026419435284 -8.39664530214458 0
    endloop
  endfacet
  facet normal 0 0 -1
    outer loop
      vertex 1.1498130959441881 -10.939740849051006 0
      vertex 1.000026419435284 -8.39664530214458 0
      vertex 1.2727922061357857 -8.172792206135785 0
    endloop
  endfacet
  facet normal 0 0 -1
    outer loop
      vertex 1.1498130959441881 -10.939740849051006 0
      vertex 1.2727922061357857 -8.172792206135785 0
      vertex 1.4966453021445814 -7.900026419435284 0
    endloop
  endfacet
  facet normal 0 0 1
    outer loop
      vertex -1.1498130959441881 -10.939740849051006 6
      vertex 1.1498130959441881 -10.939740849051006 6
      vertex 0 -9.9 6
    endloop
  endfacet
  facet normal 0 0 1
    outer loop
      vertex 0 -9.9 6
      vertex 1.1498130959441881 -10.939740849051006 6
      vertex 0.5852709660483848 -9.842355841209692 6
    endloop
  endfacet
  facet normal 0 0 1
    outer loop
      vertex 0.5852709660483848 -9.842355841209692 6
      vertex 1.1498130959441881 -10.939740849051006 6
      vertex 1.1480502970952693 -9.67163859753386 6
    endloop
  endfacet
  facet normal 0 0 -1
    outer loop
      vertex 1.1498130959441881 -10.939740849051006 0
      vertex 1.4966453021445814 -7.900026419435284 0
      vertex 3.3991869381244215 -10.461621679246688 0
    endloop
  endfacet
  facet normal 0 0 -1
    outer loop
      vertex 1.4966453021445814 -7.900026419435284 0
      vertex 1.662983158520316 -7.588830178257162 0
      vertex 3.3991869381244215 -10.461621679246688 0
    endloop
  endfacet
  facet normal 0 0 -1
    outer loop
      vertex 1.662983158520316 -7.588830178257162 0
      vertex 1.7654135047258148 -7.251162579629031 0
      vertex 3.3991869381244215 -10.461621679246688 0
    endloop
  endfacet
  facet normal 0 0 1
    outer loop
      vertex 1.1498130959441881 -10.939740849051006 6
      vertex 3.3991869381244215 -10.461621679246688 6
      vertex 1.1480502970952693 -9.67163859753386 6
    endloop
  endfacet
  facet normal 0 0 1
    outer loop
      vertex 1.1480502970952693 -9.67163859753386 6
      vertex 3.3991869381244215 -10.461621679246688 6
      vertex 1.6667106990588065 -9.394408836907637 6
    endloop
  endfacet
  facet normal 0 0 1
    outer loop
      vertex 1.6667106990588065 -9.394408836907637 6
      vertex 3.3991869381244215 -10.461621679246688 6
      vertex 2.121320343559643 -9.021320343559644 6
    endloop
  endfacet
  facet normal 0 0 1
    outer loop
      vertex 2.121320343559643 -9.021320343559644 6
      vertex 3.3991869381244215 -10.461621679246688 6
      vertex 2.4944088369076356 -8.566710699058806 6
    endloop
  endfacet
  facet normal 0 0 -1
    outer loop
      vertex 1.4966453021445814 -5.899973580564716 0
      vertex 2.4270509831248424 -1.7633557568774194 0
      vertex 1.662983158520316 -6.211169821742839 0
    endloop
  endfacet
  facet normal 0 0 -1
    outer loop
      vertex 1.8 -6.9 0
      vertex 1.7654135047258148 -6.54883742037097 0
      vertex 2.4270509831248424 -1.7633557568774194 0
    endloop
  endfacet
  facet normal 0 0 -1
    outer loop
      vertex 1.7654135047258148 -6.54883742037097 0
      vertex 1.662983158520316 -6.211169821742839 0
      vertex 2.4270509831248424 -1.7633557568774194 0
    endloop
  endfacet
  facet normal 0 0 -1
    outer loop
      vertex 1.7654135047258148 -7.251162579629031 0
      vertex 1.8 -6.9 0
      vertex 3.3991869381244215 -10.461621679246688 0
    endloop
  endfacet
  facet normal 0 0 -1
    outer loop
      vertex 1.8 -6.9 0
      vertex 3 0 0
      vertex 3.3991869381244215 -10.461621679246688 0
    endloop
  endfacet
  facet normal 0 0 1
    outer loop
      vertex 2.4944088369076356 -8.566710699058806 6
      vertex 3.3991869381244215 -10.461621679246688 6
      vertex 2.77163859753386 -8.04805029709527 6
    endloop
  endfacet
  facet normal 0 0 1
    outer loop
      vertex 3.3991869381244215 -10.461621679246688 6
      vertex 2.9423558412096913 -7.485270966048385 6
      vertex 2.77163859753386 -8.04805029709527 6
    endloop
  endfacet
  facet normal 0 0 1
    outer loop
      vertex 3.3991869381244215 -10.461621679246688 6
      vertex 3 -6.9 6
      vertex 2.9423558412096913 -7.485270966048385 6
    endloop
  endfacet
  facet normal 0 0 1
    outer loop
      vertex 3.3991869381244215 -10.461621679246688 6
      vertex 2.9423558412096913 -6.3147290339516156 6
      vertex 3 -6.9 6
    endloop
  endfacet
  facet normal 0 0 1
    outer loop
      vertex 3.3991869381244215 -10.461621679246688 6
      vertex 3 0 6
      vertex 2.9423558412096913 -6.3147290339516156 6
    endloop
  endfacet
  facet normal 0 0 -1
    outer loop
      vertex 3.3991869381244215 -10.461621679246688 0
      vertex 5.627207793864215 -1.2727922061357857 0
      vertex 5.5 -9.526279441628825 0
    endloop
  endfacet
  facet normal 0 0 1
    outer loop
      vertex 3.3991869381244215 -10.461621679246688 6
      vertex 5.5 -9.526279441628825 6
      vertex 4.405591163092365 -1.6667106990588065 6
    endloop
  endfacet
  facet normal 0 0 1
    outer loop
      vertex 4.7786796564403575 -2.121320343559643 6
      vertex 5.5 -9.526279441628825 6
      vertex 5.233289300941194 -2.4944088369076356 6
    endloop
  endfacet
  facet normal 0 0 -1
    outer loop
      vertex -0.35116257962903086 -5.134586495274186 0
      vertex 0.9270509831248421 -2.8531695488854605 0
      vertex 0 -5.1000000000000005 0
    endloop
  endfacet
  facet normal 0 0 -1
    outer loop
      vertex 0 -5.1000000000000005 0
      vertex 0.9270509831248421 -2.8531695488854605 0
      vertex 0.35116257962903086 -5.134586495274186 0
    endloop
  endfacet
  facet normal 0 0 -1
    outer loop
      vertex 0.35116257962903086 -5.134586495274186 0
      vertex 0.9270509831248421 -2.8531695488854605 0
      vertex 0.6888301782571616 -5.237016841479685 0
    endloop
  endfacet
  facet normal 0 0 -1
    outer loop
      vertex 0.6888301782571616 -5.237016841479685 0
      vertex 2.4270509831248424 -1.7633557568774194 0
      vertex 1.000026419435284 -5.403354697855419 0
    endloop
  endfacet
  facet normal 0 0 -1
    outer loop
      vertex 0.6888301782571616 -5.237016841479685 0
      vertex 0.9270509831248421 -2.8531695488854605 0
      vertex 2.4270509831248424 -1.7633557568774194 0
    endloop
  endfacet
  facet normal 0 0 1
    outer loop
      vertex -0.9270509831248421 -2.8531695488854605 6
      vertex 0.5852709660483848 -3.957644158790309 6
      vertex 0.9270509831248421 -2.8531695488854605 6
    endloop
  endfacet
  facet normal 0 0 1
    outer loop
      vertex 0.5852709660483848 -3.957644158790309 6
      vertex 1.1480502970952693 -4.12836140246614 6
      vertex 0.9270509831248421 -2.8531695488854605 6
    endloop
  endfacet
  facet normal 0 0 1
    outer loop
      vertex 0.9270509831248421 -2.8531695488854605 6
      vertex 1.1480502970952693 -4.12836140246614 6
      vertex 1.6667106990588065 -4.405591163092365 6
    endloop
  endfacet
  facet normal 0 0 -1
    outer loop
      vertex 1.000026419435284 -5.403354697855419 0
      vertex 2.4270509831248424 -1.7633557568774194 0
      vertex 1.2727922061357857 -5.627207793864215 0
    endloop
  endfacet
  facet normal 0 0 -1
    outer loop
      vertex 1.2727922061357857 -5.627207793864215 0
      vertex 2.4270509831248424 -1.7633557568774194 0
      vertex 1.4966453021445814 -5.899973580564716 0
    endloop
  endfacet
  facet normal 0 0 -1
    outer loop
      vertex 1.8 -6.9 0
      vertex 2.4270509831248424 -1.7633557568774194 0
      vertex 3 0 0
    endloop
  endfacet
  facet normal 0 0 1
    outer loop
      vertex 2.121320343559643 -4.7786796564403575 6
      vertex 0.9270509831248421 -2.8531695488854605 6
      vertex 1.6667106990588065 -4.405591163092365 6
    endloop
  endfacet
  facet normal 0 0 1
    outer loop
      vertex 2.121320343559643 -4.7786796564403575 6
      vertex 2.4270509831248424 -1.7633557568774194 6
      vertex 0.9270509831248421 -2.8531695488854605 6
    endloop
  endfacet
  facet normal 0 0 1
    outer loop
      vertex 2.121320343559643 -4.7786796564403575 6
      vertex 2.4944088369076356 -5.233289300941194 6
      vertex 2.4270509831248424 -1.7633557568774194 6
    endloop
  endfacet
  facet normal 0 0 1
    outer loop
      vertex 2.4944088369076356 -5.233289300941194 6
      vertex 2.77163859753386 -5.7519497029047315 6
      vertex 2.4270509831248424 -1.7633557568774194 6
    endloop
  endfacet
  facet normal 0 0 1
    outer loop
      vertex 2.77163859753386 -5.7519497029047315 6
      vertex 3 0 6
      vertex 2.4270509831248424 -1.7633557568774194 6
    endloop
  endfacet
  facet normal 0 0 1
    outer loop
      vertex 0.9270509831248421 2.8531695488854605 6
      vertex 2.4270509831248424 1.7633557568774194 6
      vertex 1.1480502970952693 4.12836140246614 6
    endloop
  endfacet
  facet normal 0 0 1
    outer loop
      vertex 2.4270509831248424 1.7633557568774194 6
      vertex 3 0 6
      vertex 2.77163859753386 5.7519497029047315 6
    endloop
  endfacet
  facet normal 0 0 -1
    outer loop
      vertex -0.9270509831248421 2.8531695488854605 0
      vertex 0.6888301782571616 5.237016841479685 0
      vertex 0.9270509831248421 2.8531695488854605 0
    endloop
  endfacet
  facet normal 0 0 -1
    outer loop
      vertex -0.9270509831248421 2.8531695488854605 0
      vertex 0.35116257962903086 5.134586495274186 0
      vertex 0.6888301782571616 5.237016841479685 0
    endloop
  endfacet
  facet normal 0 0 -1
    outer loop
      vertex 0.9270509831248421 2.8531695488854605 0
      vertex 0.6888301782571616 5.237016841479685 0
      vertex 1.000026419435284 5.403354697855419 0
    endloop
  endfacet
  facet normal 0 0 -1
    outer loop
      vertex 0.9270509831248421 2.8531695488854605 0
      vertex 1.000026419435284 5.403354697855419 0
      vertex 1.2727922061357857 5.627207793864215 0
    endloop
  endfacet
  facet normal 0 0 -1
    outer loop
      vertex 0.9270509831248421 2.8531695488854605 0
      vertex 1.2727922061357857 5.627207793864215 0
      vertex 1.4966453021445814 5.899973580564716 0
    endloop
  endfacet
  facet normal 0 0 1
    outer loop
      vertex -0.5852709660483848 3.957644158790309 6
      vertex 0.9270509831248421 2.8531695488854605 6
      vertex 0 3.9000000000000004 6
    endloop
  endfacet
  facet normal 0 0 1
    outer loop
      vertex 0.9270509831248421 2.8531695488854605 6
      vertex 0.5852709660483848 3.957644158790309 6
      vertex 0 3.9000000000000004 6
    endloop
  endfacet
  facet normal 0 0 1
    outer loop
      vertex 0.9270509831248421 2.8531695488854605 6
      vertex 1.1480502970952693 4.12836140246614 6
      vertex 0.5852709660483848 3.957644158790309 6
    endloop
  endfacet
  facet normal 0 0 -1
    outer loop
      vertex -1.1498130959441881 10.939740849051006 0
      vertex 1.1498130959441881 10.939740849051006 0
      vertex 0 8.700000000000001 0
    endloop
  endfacet
  facet normal 0 0 -1
    outer loop
      vertex 0 8.700000000000001 0
      vertex 1.1498130959441881 10.939740849051006 0
      vertex 0.35116257962903086 8.665413504725816 0
    endloop
  endfacet
  facet normal 0 0 -1
    outer loop
      vertex 0.35116257962903086 8.665413504725816 0
      vertex 1.1498130959441881 10.939740849051006 0
      vertex 0.6888301782571616 8.562983158520316 0
    endloop
  endfacet
  facet normal 0 0 -1
    outer loop
      vertex 0.6888301782571616 8.562983158520316 0
      vertex 1.1498130959441881 10.939740849051006 0
      vertex 1.000026419435284 8.39664530214458 0
    endloop
  endfacet
  facet normal 0 1 0
    outer loop
      vertex -1.1498130959441881 10.939740849051006 6
      vertex 1.1498130959441881 10.939740849051006 6
      vertex 1.1498130959441881 10.939740849051006 0
    endloop
  endfacet
  facet normal 0 0 1
    outer loop
      vertex -1.1498130959441881 10.939740849051006 6
      vertex 0 9.9 6
      vertex 1.1498130959441881 10.939740849051006 6
    endloop
  endfacet
  facet normal 0 0 1
    outer loop
      vertex 0 9.9 6
      vertex 0.5852709660483848 9.842355841209692 6
      vertex 1.1498130959441881 10.939740849051006 6
    endloop
  endfacet
  facet normal 0 0 1
    outer loop
      vertex 0.5852709660483848 9.842355841209692 6
      vertex 1.1480502970952693 9.67163859753386 6
      vertex 1.1498130959441881 10.939740849051006 6
    endloop
  endfacet
  facet normal 0 0 1
    outer loop
      vertex 1.1480502970952693 9.67163859753386 6
      vertex 1.6667106990588065 9.394408836907637 6
      vertex 1.1498130959441881 10.939740849051006 6
    endloop
  endfacet
  facet normal 0 0 -1
    outer loop
      vertex 0.9270509831248421 2.8531695488854605 0
      vertex 1.4966453021445814 5.899973580564716 0
      vertex 2.4270509831248424 1.7633557568774194 0
    endloop
  endfacet
  facet normal 0 0 -1
    outer loop
      vertex 2.4270509831248424 1.7633557568774194 0
      vertex 1.4966453021445814 5.899973580564716 0
      vertex 1.662983158520316 6.211169821742839 0
    endloop
  endfacet
  facet normal 0 0 -1
    outer loop
      vertex 2.4270509831248424 1.7633557568774194 0
      vertex 1.662983158520316 6.211169821742839 0
      vertex 1.7654135047258148 6.54883742037097 0
    endloop
  endfacet
  facet normal 0 0 -1
    outer loop
      vertex 2.4270509831248424 1.7633557568774194 0
      vertex 1.7654135047258148 6.54883742037097 0
      vertex 1.8 6.9 0
    endloop
  endfacet
  facet normal 0 0 -1
    outer loop
      vertex 2.4270509831248424 1.7633557568774194 0
      vertex 1.8 6.9 0
      vertex 1.7654135047258148 7.251162579629031 0
    endloop
  endfacet
  facet normal 0 0 -1
    outer loop
      vertex 2.4270509831248424 1.7633557568774194 0
      vertex 1.7654135047258148 7.251162579629031 0
      vertex 3.3991869381244215 10.461621679246688 0
    endloop
  endfacet
  facet normal 0 0 1
    outer loop
      vertex 2.4270509831248424 1.7633557568774194 6
      vertex 1.6667106990588065 4.405591163092365 6
      vertex 1.1480502970952693 4.12836140246614 6
    endloop
  endfacet
  facet normal 0 0 1
    outer loop
      vertex 2.4270509831248424 1.7633557568774194 6
      vertex 2.121320343559643 4.7786796564403575 6
      vertex 1.6667106990588065 4.405591163092365 6
    endloop
  endfacet
  facet normal 0 0 1
    outer loop
      vertex 2.4270509831248424 1.7633557568774194 6
      vertex 2.4944088369076356 5.233289300941194 6
      vertex 2.121320343559643 4.7786796564403575 6
    endloop
  endfacet
  facet normal 0 0 1
    outer loop
      vertex 2.4270509831248424 1.7633557568774194 6
      vertex 2.77163859753386 5.7519497029047315 6
      vertex 2.4944088369076356 5.233289300941194 6
    endloop
  endfacet
  facet normal 0 0 -1
    outer loop
      vertex 1.2727922061357857 8.172792206135785 0
      vertex 3.3991869381244215 10.461621679246688 0
      vertex 1.4966453021445814 7.900026419435284 0
    endloop
  endfacet
  facet normal 0 0 -1
    outer loop
      vertex 1.000026419435284 8.39664530214458 0
      vertex 1.1498130959441881 10.939740849051006 0
      vertex 3.3991869381244215 10.461621679246688 0
    endloop
  endfacet
  facet normal 0 0 -1
    outer loop
      vertex 1.000026419435284 8.39664530214458 0
      vertex 3.3991869381244215 10.461621679246688 0
      vertex 1.2727922061357857 8.172792206135785 0
    endloop
  endfacet
  facet normal 0.20791169081775943 0.9781476007338056 0
    outer loop
      vertex 1.1498130959441881 10.939740849051006 0
      vertex 1.1498130959441881 10.939740849051006 6
      vertex 3.3991869381244215 10.461621679246688 0
    endloop
  endfacet
  facet normal 0 0 -1
    outer loop
      vertex 1.4966453021445814 7.900026419435284 0
      vertex 3.3991869381244215 10.461621679246688 0
      vertex 1.662983158520316 7.588830178257162 0
    endloop
  endfacet
  facet normal 0 0 -1
    outer loop
      vertex 1.662983158520316 7.588830178257162 0
      vertex 3.3991869381244215 10.461621679246688 0
      vertex 1.7654135047258148 7.251162579629031 0
    endloop
  endfacet
  facet normal 0.20791169081775943 0.9781476007338056 0
    outer loop
      vertex 3.3991869381244215 10.461621679246688 0
      vertex 1.1498130959441881 10.939740849051006 6
      vertex 3.3991869381244215 10.461621679246688 6
    endloop
  endfacet
  facet normal 0 0 1
    outer loop
      vertex 1.6667106990588065 9.394408836907637 6
      vertex 2.121320343559643 9.021320343559644 6
      vertex 3.3991869381244215 10.461621679246688 6
    endloop
  endfacet
  facet normal 0 0 1
    outer loop
      vertex 1.1498130959441881 10.939740849051006 6
      vertex 1.6667106990588065 9.394408836907637 6
      vertex 3.3991869381244215 10.461621679246688 6
    endloop
  endfacet
  facet normal 0 0 1
    outer loop
      vertex 2.4944088369076356 8.566710699058806 6
      vertex 3.3991869381244215 10.461621679246688 6
      vertex 2.121320343559643 9.021320343559644 6
    endloop
  endfacet
  facet normal 0 0 1
    outer loop
      vertex 2.77163859753386 -5.7519497029047315 6
      vertex 2.9423558412096913 -6.3147290339516156 6
      vertex 3 0 6
    endloop
  endfacet
  facet normal 0 0 1
    outer loop
      vertex 3.3991869381244215 -10.461621679246688 6
      vertex 3 6.9 6
      vertex 3 0 6
    endloop
  endfacet
  facet normal 0 0 1
    outer loop
      vertex 3.3991869381244215 -10.461621679246688 6
      vertex 3.957644158790309 -0.5852709660483848 6
      vertex 3.9000000000000004 0 6
    endloop
  endfacet
  facet normal 0 0 1
    outer loop
      vertex 3.3991869381244215 -10.461621679246688 6
      vertex 4.12836140246614 -1.1480502970952693 6
      vertex 3.957644158790309 -0.5852709660483848 6
    endloop
  endfacet
  facet normal 0 0 1
    outer loop
      vertex 3.3991869381244215 -10.461621679246688 6
      vertex 4.405591163092365 -1.6667106990588065 6
      vertex 4.12836140246614 -1.1480502970952693 6
    endloop
  endfacet
  facet normal 0 0 -1
    outer loop
      vertex 3.3991869381244215 -10.461621679246688 0
      vertex 3 0 0
      vertex 3.3991869381244215 10.461621679246688 0
    endloop
  endfacet
  facet normal 0 0 -1
    outer loop
      vertex 3.3991869381244215 -10.461621679246688 0
      vertex 3.3991869381244215 10.461621679246688 0
      vertex 5.5 9.526279441628825 0
    endloop
  endfacet
  facet normal 0 0 1
    outer loop
      vertex 3.3991869381244215 -10.461621679246688 6
      vertex 3.3991869381244215 10.461621679246688 6
      vertex 3 6.9 6
    endloop
  endfacet
  facet normal 0 0 1
    outer loop
      vertex 3.3991869381244215 -10.461621679246688 6
      vertex 3.9000000000000004 0 6
      vertex 3.3991869381244215 10.461621679246688 6
    endloop
  endfacet
  facet normal 0 0 -1
    outer loop
      vertex 3.3991869381244215 -10.461621679246688 0
      vertex 5.1000000000000005 0 0
      vertex 5.134586495274186 -0.35116257962903086 0
    endloop
  endfacet
  facet normal 0 0 -1
    outer loop
      vertex 3.3991869381244215 -10.461621679246688 0
      vertex 5.134586495274186 -0.35116257962903086 0
      vertex 5.237016841479685 -0.6888301782571616 0
    endloop
  endfacet
  facet normal 0 0 -1
    outer loop
      vertex 3.3991869381244215 -10.461621679246688 0
      vertex 5.403354697855419 -1.000026419435284 0
      vertex 5.627207793864215 -1.2727922061357857 0
    endloop
  endfacet
  facet normal 0 0 -1
    outer loop
      vertex 3.3991869381244215 -10.461621679246688 0
      vertex 5.237016841479685 -0.6888301782571616 0
      vertex 5.403354697855419 -1.000026419435284 0
    endloop
  endfacet
  facet normal 0 0 1
    outer loop
      vertex 4.405591163092365 -1.6667106990588065 6
      vertex 5.5 -9.526279441628825 6
      vertex 4.7786796564403575 -2.121320343559643 6
    endloop
  endfacet
  facet normal 0 0 -1
    outer loop
      vertex 3.3991869381244215 -10.461621679246688 0
      vertex 5.5 9.526279441628825 0
      vertex 5.1000000000000005 0 0
    endloop
  endfacet
  facet normal 0 0 -1
    outer loop
      vertex 2.4270509831248424 1.7633557568774194 0
      vertex 3.3991869381244215 10.461621679246688 0
      vertex 3 0 0
    endloop
  endfacet
  facet normal 0 0 1
    outer loop
      vertex 3 0 6
      vertex 2.9423558412096913 6.3147290339516156 6
      vertex 2.77163859753386 5.7519497029047315 6
    endloop
  endfacet
  facet normal 0 0 1
    outer loop
      vertex 3 0 6
      vertex 3 6.9 6
      vertex 2.9423558412096913 6.3147290339516156 6
    endloop
  endfacet
  facet normal 0 0 1
    outer loop
      vertex 3.9000000000000004 0 6
      vertex 3.957644158790309 0.5852709660483848 6
      vertex 3.3991869381244215 10.461621679246688 6
    endloop
  endfacet
  facet normal 0 0 1
    outer loop
      vertex 3.957644158790309 0.5852709660483848 6
      vertex 4.12836140246614 1.1480502970952693 6
      vertex 3.3991869381244215 10.461621679246688 6
    endloop
  endfacet
  facet normal 0 0 1
    outer loop
      vertex 4.12836140246614 1.1480502970952693 6
      vertex 4.405591163092365 1.6667106990588065 6
      vertex 3.3991869381244215 10.461621679246688 6
    endloop
  endfacet
  facet normal 0.4067366430758 0.9135454576426011 0
    outer loop
      vertex 3.3991869381244215 10.461621679246688 0
      vertex 3.3991869381244215 10.461621679246688 6
      vertex 5.5 9.526279441628825 0
    endloop
  endfacet
  facet normal 0 0 1
    outer loop
      vertex 2.9423558412096913 7.485270966048385 6
      vertex 3.3991869381244215 10.461621679246688 6
      vertex 2.77163859753386 8.04805029709527 6
    endloop
  endfacet
  facet normal 0 0 1
    outer loop
      vertex 3 6.9 6
      vertex 3.3991869381244215 10.461621679246688 6
      vertex 2.9423558412096913 7.485270966048385 6
    endloop
  endfacet
  facet normal 0 0 1
    outer loop
      vertex 2.4944088369076356 8.566710699058806 6
      vertex 2.77163859753386 8.04805029709527 6
      vertex 3.3991869381244215 10.461621679246688 6
    endloop
  endfacet
  facet normal 0 0 -1
    outer loop
      vertex 5.1000000000000005 0 0
      vertex 5.5 9.526279441628825 0
      vertex 5.134586495274186 0.35116257962903086 0
    endloop
  endfacet
  facet normal 0 0 -1
    outer loop
      vertex 5.134586495274186 0.35116257962903086 0
      vertex 5.5 9.526279441628825 0
      vertex 5.237016841479685 0.6888301782571616 0
    endloop
  endfacet
  facet normal 0 0 -1
    outer loop
      vertex 5.237016841479685 0.6888301782571616 0
      vertex 5.5 9.526279441628825 0
      vertex 5.403354697855419 1.000026419435284 0
    endloop
  endfacet
  facet normal 0 0 1
    outer loop
      vertex 4.405591163092365 1.6667106990588065 6
      vertex 4.7786796564403575 2.121320343559643 6
      vertex 3.3991869381244215 10.461621679246688 6
    endloop
  endfacet
  facet normal 0 0 1
    outer loop
      vertex 4.7786796564403575 2.121320343559643 6
      vertex 5.233289300941194 2.4944088369076356 6
      vertex 5.5 9.526279441628825 6
    endloop
  endfacet
  facet normal 0 0 1
    outer loop
      vertex 5.233289300941194 2.4944088369076356 6
      vertex 5.7519497029047315 2.77163859753386 6
      vertex 5.5 9.526279441628825 6
    endloop
  endfacet
  facet normal 0 0 1
    outer loop
      vertex 4.7786796564403575 2.121320343559643 6
      vertex 5.5 9.526279441628825 6
      vertex 3.3991869381244215 10.461621679246688 6
    endloop
  endfacet
  facet normal 0.4067366430758 0.9135454576426011 0
    outer loop
      vertex 5.5 9.526279441628825 0
      vertex 3.3991869381244215 10.461621679246688 6
      vertex 5.5 9.526279441628825 6
    endloop
  endfacet
  facet normal 0 0 -1
    outer loop
      vertex 5.5 -9.526279441628825 0
      vertex 6.54883742037097 -1.7654135047258148 0
      vertex 7.360436669947441 -8.174593080251336 0
    endloop
  endfacet
  facet normal 0 0 1
    outer loop
      vertex 5.233289300941194 -2.4944088369076356 6
      vertex 5.5 -9.526279441628825 6
      vertex 7.360436669947441 -8.174593080251336 6
    endloop
  endfacet
  facet normal 0 0 1
    outer loop
      vertex 7.360436669947441 -8.174593080251336 6
      vertex 6.3147290339516156 -2.9423558412096913 6
      vertex 5.7519497029047315 -2.77163859753386 6
    endloop
  endfacet
  facet normal 0 0 1
    outer loop
      vertex 7.360436669947441 -8.174593080251336 6
      vertex 6.9 -3 6
      vertex 6.3147290339516156 -2.9423558412096913 6
    endloop
  endfacet
  facet normal 0 0 -1
    outer loop
      vertex 7.360436669947441 -8.174593080251336 0
      vertex 8.172792206135785 -1.2727922061357857 0
      vertex 8.899186938124423 -6.465637775217204 0
    endloop
  endfacet
  facet normal 0 0 1
    outer loop
      vertex 7.360436669947441 -8.174593080251336 6
      vertex 8.899186938124423 -6.465637775217204 6
      vertex 6.9 -3 6
    endloop
  endfacet
  facet normal 0 0 -1
    outer loop
      vertex 5.5 -9.526279441628825 0
      vertex 5.627207793864215 -1.2727922061357857 0
      vertex 5.899973580564716 -1.4966453021445814 0
    endloop
  endfacet
  facet normal 0 0 -1
    outer loop
      vertex 5.5 -9.526279441628825 0
      vertex 5.899973580564716 -1.4966453021445814 0
      vertex 6.211169821742839 -1.662983158520316 0
    endloop
  endfacet
  facet normal 0 0 -1
    outer loop
      vertex 5.5 -9.526279441628825 0
      vertex 6.211169821742839 -1.662983158520316 0
      vertex 6.54883742037097 -1.7654135047258148 0
    endloop
  endfacet
  facet normal 0 0 1
    outer loop
      vertex 5.233289300941194 -2.4944088369076356 6
      vertex 7.360436669947441 -8.174593080251336 6
      vertex 5.7519497029047315 -2.77163859753386 6
    endloop
  endfacet
  facet normal 0 0 -1
    outer loop
      vertex 7.360436669947441 -8.174593080251336 0
      vertex 6.54883742037097 -1.7654135047258148 0
      vertex 6.9 -1.8 0
    endloop
  endfacet
  facet normal 0 0 -1
    outer loop
      vertex 7.360436669947441 -8.174593080251336 0
      vertex 6.9 -1.8 0
      vertex 7.251162579629031 -1.7654135047258148 0
    endloop
  endfacet
  facet normal 0 0 -1
    outer loop
      vertex 7.360436669947441 -8.174593080251336 0
      vertex 7.251162579629031 -1.7654135047258148 0
      vertex 7.588830178257162 -1.662983158520316 0
    endloop
  endfacet
  facet normal 0 0 -1
    outer loop
      vertex 7.360436669947441 -8.174593080251336 0
      vertex 7.588830178257162 -1.662983158520316 0
      vertex 7.900026419435284 -1.4966453021445814 0
    endloop
  endfacet
  facet normal 0 0 -1
    outer loop
      vertex 7.360436669947441 -8.174593080251336 0
      vertex 7.900026419435284 -1.4966453021445814 0
      vertex 8.172792206135785 -1.2727922061357857 0
    endloop
  endfacet
  facet normal 0 0 1
    outer loop
      vertex 8.899186938124423 -6.465637775217204 6
      vertex 7.485270966048385 -2.9423558412096913 6
      vertex 6.9 -3 6
    endloop
  endfacet
  facet normal 0 0 1
    outer loop
      vertex 8.899186938124423 -6.465637775217204 6
      vertex 8.04805029709527 -2.77163859753386 6
      vertex 7.485270966048385 -2.9423558412096913 6
    endloop
  endfacet
  facet normal 0 0 -1
    outer loop
      vertex 5.403354697855419 1.000026419435284 0
      vertex 5.5 9.526279441628825 0
      vertex 5.627207793864215 1.2727922061357857 0
    endloop
  endfacet
  facet normal 0 0 -1
    outer loop
      vertex 5.627207793864215 1.2727922061357857 0
      vertex 5.5 9.526279441628825 0
      vertex 7.360436669947441 8.174593080251336 0
    endloop
  endfacet
  facet normal 0 0 -1
    outer loop
      vertex 5.627207793864215 1.2727922061357857 0
      vertex 7.360436669947441 8.174593080251336 0
      vertex 5.899973580564716 1.4966453021445814 0
    endloop
  endfacet
  facet normal 0 0 -1
    outer loop
      vertex 5.899973580564716 1.4966453021445814 0
      vertex 7.360436669947441 8.174593080251336 0
      vertex 6.211169821742839 1.662983158520316 0
    endloop
  endfacet
  facet normal 0 0 -1
    outer loop
      vertex 6.211169821742839 1.662983158520316 0
      vertex 7.360436669947441 8.174593080251336 0
      vertex 6.54883742037097 1.7654135047258148 0
    endloop
  endfacet
  facet normal 0 0 1
    outer loop
      vertex 5.7519497029047315 2.77163859753386 6
      vertex 6.3147290339516156 2.9423558412096913 6
      vertex 5.5 9.526279441628825 6
    endloop
  endfacet
  facet normal 0 0 1
    outer loop
      vertex 6.3147290339516156 2.9423558412096913 6
      vertex 6.9 3 6
      vertex 7.360436669947441 8.174593080251336 6
    endloop
  endfacet
  facet normal 0 0 1
    outer loop
      vertex 6.3147290339516156 2.9423558412096913 6
      vertex 7.360436669947441 8.174593080251336 6
      vertex 5.5 9.526279441628825 6
    endloop
  endfacet
  facet normal 0.5877852522924731 0.8090169943749473 0
    outer loop
      vertex 5.5 9.526279441628825 0
      vertex 5.5 9.526279441628825 6
      vertex 7.360436669947441 8.174593080251336 0
    endloop
  endfacet
  facet normal 0.5877852522924731 0.8090169943749473 0
    outer loop
      vertex 7.360436669947441 8.174593080251336 0
      vertex 5.5 9.526279441628825 6
      vertex 7.360436669947441 8.174593080251336 6
    endloop
  endfacet
  facet normal 0 0 -1
    outer loop
      vertex 6.54883742037097 1.7654135047258148 0
      vertex 7.360436669947441 8.174593080251336 0
      vertex 6.9 1.8 0
    endloop
  endfacet
  facet normal 0 0 -1
    outer loop
      vertex 6.9 1.8 0
      vertex 7.360436669947441 8.174593080251336 0
      vertex 7.251162579629031 1.7654135047258148 0
    endloop
  endfacet
  facet normal 0 0 -1
    outer loop
      vertex 7.251162579629031 1.7654135047258148 0
      vertex 8.899186938124423 6.465637775217204 0
      vertex 7.588830178257162 1.662983158520316 0
    endloop
  endfacet
  facet normal 0 0 -1
    outer loop
      vertex 7.588830178257162 1.662983158520316 0
      vertex 8.899186938124423 6.465637775217204 0
      vertex 7.900026419435284 1.4966453021445814 0
    endloop
  endfacet
  facet normal 0 0 -1
    outer loop
      vertex 7.251162579629031 1.7654135047258148 0
      vertex 7.360436669947441 8.174593080251336 0
      vertex 8.899186938124423 6.465637775217204 0
    endloop
  endfacet
  facet normal 0 0 1
    outer loop
      vertex 6.9 3 6
      vertex 7.485270966048385 2.9423558412096913 6
      vertex 7.360436669947441 8.174593080251336 6
    endloop
  endfacet
  facet normal 0 0 1
    outer loop
      vertex 7.485270966048385 2.9423558412096913 6
      vertex 8.04805029709527 2.77163859753386 6
      vertex 7.360436669947441 8.174593080251336 6
    endloop
  endfacet
  facet normal 0 0 1
    outer loop
      vertex 8.04805029709527 2.77163859753386 6
      vertex 8.899186938124423 6.465637775217204 6
      vertex 7.360436669947441 8.174593080251336 6
    endloop
  endfacet
  facet normal 0.743144825477394 0.6691306063588586 0
    outer loop
      vertex 7.360436669947441 8.174593080251336 0
      vertex 7.360436669947441 8.174593080251336 6
      vertex 8.899186938124423 6.465637775217204 6
    endloop
  endfacet
  facet normal 0 0 -1
    outer loop
      vertex 8.899186938124423 -6.465637775217204 0
      vertex 8.172792206135785 -1.2727922061357857 0
      vertex 8.39664530214458 -1.000026419435284 0
    endloop
  endfacet
  facet normal 0 0 -1
    outer loop
      vertex 8.899186938124423 -6.465637775217204 0
      vertex 8.39664530214458 -1.000026419435284 0
      vertex 8.562983158520316 -0.6888301782571616 0
    endloop
  endfacet
  facet normal 0 0 -1
    outer loop
      vertex 8.899186938124423 -6.465637775217204 0
      vertex 8.562983158520316 -0.6888301782571616 0
      vertex 8.665413504725816 -0.35116257962903086 0
    endloop
  endfacet
  facet normal 0 0 -1
    outer loop
      vertex 8.899186938124423 -6.465637775217204 0
      vertex 8.665413504725816 -0.35116257962903086 0
      vertex 8.700000000000001 0 0
    endloop
  endfacet
  facet normal 0 0 1
    outer loop
      vertex 8.899186938124423 -6.465637775217204 6
      vertex 8.566710699058806 -2.4944088369076356 6
      vertex 8.04805029709527 -2.77163859753386 6
    endloop
  endfacet
  facet normal 0 0 1
    outer loop
      vertex 8.899186938124423 -6.465637775217204 6
      vertex 10.049000034068609 -4.474103073833803 6
      vertex 8.566710699058806 -2.4944088369076356 6
    endloop
  endfacet
  facet normal 0 0 1
    outer loop
      vertex 8.566710699058806 -2.4944088369076356 6
      vertex 10.049000034068609 -4.474103073833803 6
      vertex 9.021320343559644 -2.121320343559643 6
    endloop
  endfacet
  facet normal 0 0 1
    outer loop
      vertex 9.021320343559644 -2.121320343559643 6
      vertex 10.049000034068609 -4.474103073833803 6
      vertex 9.394408836907637 -1.6667106990588065 6
    endloop
  endfacet
  facet normal 0 0 -1
    outer loop
      vertex 8.899186938124423 -6.465637775217204 0
      vertex 8.700000000000001 0 0
      vertex 8.899186938124423 6.465637775217204 0
    endloop
  endfacet
  facet normal 0 0 -1
    outer loop
      vertex 7.900026419435284 1.4966453021445814 0
      vertex 8.899186938124423 6.465637775217204 0
      vertex 8.172792206135785 1.2727922061357857 0
    endloop
  endfacet
  facet normal 0 0 -1
    outer loop
      vertex 8.172792206135785 1.2727922061357857 0
      vertex 8.899186938124423 6.465637775217204 0
      vertex 8.39664530214458 1.000026419435284 0
    endloop
  endfacet
  facet normal 0 0 -1
    outer loop
      vertex 8.700000000000001 0 0
      vertex 8.665413504725816 0.35116257962903086 0
      vertex 8.899186938124423 6.465637775217204 0
    endloop
  endfacet
  facet normal 0 0 -1
    outer loop
      vertex 8.562983158520316 0.6888301782571616 0
      vertex 8.899186938124423 6.465637775217204 0
      vertex 8.665413504725816 0.35116257962903086 0
    endloop
  endfacet
  facet normal 0 0 -1
    outer loop
      vertex 8.39664530214458 1.000026419435284 0
      vertex 8.899186938124423 6.465637775217204 0
      vertex 8.562983158520316 0.6888301782571616 0
    endloop
  endfacet
  facet normal 0 0 -1
    outer loop
      vertex 8.899186938124423 -6.465637775217204 0
      vertex 8.899186938124423 6.465637775217204 0
      vertex 10.049000034068609 4.474103073833803 0
    endloop
  endfacet
  facet normal 0 0 1
    outer loop
      vertex 9.394408836907637 1.6667106990588065 6
      vertex 9.67163859753386 1.1480502970952693 6
      vertex 8.899186938124423 6.465637775217204 6
    endloop
  endfacet
  facet normal 0 0 -1
    outer loop
      vertex 8.899186938124423 -6.465637775217204 0
      vertex 10.049000034068609 4.474103073833803 0
      vertex 10.049000034068609 -4.474103073833803 0
    endloop
  endfacet
  facet normal 0 0 -1
    outer loop
      vertex 10.049000034068609 -4.474103073833803 0
      vertex 10.759623608071863 2.2870285989953527 0
      vertex 10.759623608071863 -2.2870285989953527 0
    endloop
  endfacet
  facet normal 0 0 1
    outer loop
      vertex 9.394408836907637 -1.6667106990588065 6
      vertex 10.049000034068609 -4.474103073833803 6
      vertex 9.67163859753386 -1.1480502970952693 6
    endloop
  endfacet
  facet normal 0 0 1
    outer loop
      vertex 10.049000034068609 -4.474103073833803 6
      vertex 9.842355841209692 -0.5852709660483848 6
      vertex 9.67163859753386 -1.1480502970952693 6
    endloop
  endfacet
  facet normal 0 0 1
    outer loop
      vertex 10.049000034068609 -4.474103073833803 6
      vertex 9.9 0 6
      vertex 9.842355841209692 -0.5852709660483848 6
    endloop
  endfacet
  facet normal 0 0 1
    outer loop
      vertex 10.049000034068609 -4.474103073833803 6
      vertex 10.759623608071863 -2.2870285989953527 6
      vertex 10.049000034068609 4.474103073833803 6
    endloop
  endfacet
  facet normal 0 0 -1
    outer loop
      vertex 10.049000034068609 -4.474103073833803 0
      vertex 10.049000034068609 4.474103073833803 0
      vertex 10.759623608071863 2.2870285989953527 0
    endloop
  endfacet
  facet normal 0 0 -1
    outer loop
      vertex 10.759623608071863 -2.2870285989953527 0
      vertex 10.759623608071863 2.2870285989953527 0
      vertex 11 0 0
    endloop
  endfacet
  facet normal 0.9945218953682733 0.10452846326765322 0
    outer loop
      vertex 11 0 0
      vertex 10.759623608071863 2.2870285989953527 0
      vertex 11 0 6
    endloop
  endfacet
  facet normal 0.9510565162951534 0.30901699437494806 0
    outer loop
      vertex 10.759623608071863 2.2870285989953527 0
      vertex 10.049000034068609 4.474103073833803 0
      vertex 10.759623608071863 2.2870285989953527 6
    endloop
  endfacet
  facet normal 0 0 1
    outer loop
      vertex 10.049000034068609 -4.474103073833803 6
      vertex 10.049000034068609 4.474103073833803 6
      vertex 9.9 0 6
    endloop
  endfacet
  facet normal 0 0 1
    outer loop
      vertex 9.9 0 6
      vertex 10.049000034068609 4.474103073833803 6
      vertex 9.842355841209692 0.5852709660483848 6
    endloop
  endfacet
  facet normal 0 0 1
    outer loop
      vertex 9.67163859753386 1.1480502970952693 6
      vertex 9.842355841209692 0.5852709660483848 6
      vertex 10.049000034068609 4.474103073833803 6
    endloop
  endfacet
  facet normal 0 0 1
    outer loop
      vertex 10.759623608071863 -2.2870285989953527 6
      vertex 11 0 6
      vertex 10.759623608071863 2.2870285989953527 6
    endloop
  endfacet
  facet normal 0.9945218953682733 0.10452846326765322 0
    outer loop
      vertex 10.759623608071863 2.2870285989953527 0
      vertex 10.759623608071863 2.2870285989953527 6
      vertex 11 0 6
    endloop
  endfacet
  facet normal 0 0 1
    outer loop
      vertex 10.759623608071863 -2.2870285989953527 6
      vertex 10.759623608071863 2.2870285989953527 6
      vertex 10.049000034068609 4.474103073833803 6
    endloop
  endfacet
  facet normal 0.743144825477394 0.6691306063588586 0
    outer loop
      vertex 7.360436669947441 8.174593080251336 0
      vertex 8.899186938124423 6.465637775217204 6
      vertex 8.899186938124423 6.465637775217204 0
    endloop
  endfacet
  facet normal 0 0 1
    outer loop
      vertex 8.04805029709527 2.77163859753386 6
      vertex 8.566710699058806 2.4944088369076356 6
      vertex 8.899186938124423 6.465637775217204 6
    endloop
  endfacet
  facet normal 0 0 1
    outer loop
      vertex 8.566710699058806 2.4944088369076356 6
      vertex 9.021320343559644 2.121320343559643 6
      vertex 8.899186938124423 6.465637775217204 6
    endloop
  endfacet
  facet normal 0 0 1
    outer loop
      vertex 9.021320343559644 2.121320343559643 6
      vertex 9.394408836907637 1.6667106990588065 6
      vertex 8.899186938124423 6.465637775217204 6
    endloop
  endfacet
  facet normal 0 0 1
    outer loop
      vertex 9.67163859753386 1.1480502970952693 6
      vertex 10.049000034068609 4.474103073833803 6
      vertex 8.899186938124423 6.465637775217204 6
    endloop
  endfacet
  facet normal 0.866025403784439 0.49999999999999933 0
    outer loop
      vertex 8.899186938124423 6.465637775217204 0
      vertex 8.899186938124423 6.465637775217204 6
      vertex 10.049000034068609 4.474103073833803 6
    endloop
  endfacet
  facet normal 0.866025403784439 0.49999999999999933 0
    outer loop
      vertex 8.899186938124423 6.465637775217204 0
      vertex 10.049000034068609 4.474103073833803 6
      vertex 10.049000034068609 4.474103073833803 0
    endloop
  endfacet
  facet normal 0.9510565162951534 0.30901699437494806 0
    outer loop
      vertex 10.049000034068609 4.474103073833803 0
      vertex 10.049000034068609 4.474103073833803 6
      vertex 10.759623608071863 2.2870285989953527 6
    endloop
  endfacet
  facet normal 0 0 -1
    outer loop
      vertex -11 -40 0
      vertex -10.759623608071863 -2.2870285989953527 0
      vertex -10.947031993394166 -38.92181145637483 0
    endloop
  endfacet
  facet normal 0 0 -1
    outer loop
      vertex -10.759623608071863 -2.2870285989953527 0
      vertex -10.788638084435535 -37.85400645782259 0
      vertex -10.947031993394166 -38.92181145637483 0
    endloop
  endfacet
  facet normal 0 0 -1
    outer loop
      vertex -10.759623608071863 -2.2870285989953527 0
      vertex -10.764187558124805 -37.7563944851592 0
      vertex -10.788638084435535 -37.85400645782259 0
    endloop
  endfacet
  facet normal 0 0 -1
    outer loop
      vertex -10.759623608071863 -37.712971401004644 0
      vertex -10.764187558124805 -37.7563944851592 0
      vertex -10.759623608071863 -2.2870285989953527 0
    endloop
  endfacet
  facet normal 0 0 -1
    outer loop
      vertex -10.759623608071863 -37.712971401004644 0
      vertex -10.049000034068609 -4.474103073833803 0
      vertex -10.732065745748033 -37.62815702181085 0
    endloop
  endfacet
  facet normal 0 0 -1
    outer loop
      vertex -10.049000034068609 -4.474103073833803 0
      vertex -10.526343693054297 -36.80686855020092 0
      vertex -10.732065745748033 -37.62815702181085 0
    endloop
  endfacet
  facet normal 0 0 -1
    outer loop
      vertex -10.049000034068609 -4.474103073833803 0
      vertex -10.162674857624154 -35.790482243984016 0
      vertex -10.526343693054297 -36.80686855020092 0
    endloop
  endfacet
  facet normal 0 0 -1
    outer loop
      vertex -10.049000034068609 -4.474103073833803 0
      vertex -10.07416203706039 -35.60333760853636 0
      vertex -10.162674857624154 -35.790482243984016 0
    endloop
  endfacet
  facet normal 0 0 -1
    outer loop
      vertex -10.049000034068609 -35.5258969261662 0
      vertex -10.07416203706039 -35.60333760853636 0
      vertex -10.049000034068609 -4.474103073833803 0
    endloop
  endfacet
  facet normal 0 0 -1
    outer loop
      vertex -10.049000034068609 -35.5258969261662 0
      vertex -8.899186938124423 -6.465637775217204 0
      vertex -9.985589359418057 -35.41606641592922 0
    endloop
  endfacet
  facet normal -1 0 0
    outer loop
      vertex -11 -40 0
      vertex -11 -40 6
      vertex -11 0 6
    endloop
  endfacet
  facet normal 0 0 1
    outer loop
      vertex -11 -40 6
      vertex -10.759623608071863 -37.712971401004644 6
      vertex -11 0 6
    endloop
  endfacet
  facet normal 0 0 1
    outer loop
      vertex -10.759623608071863 -37.712971401004644 6
      vertex -10.049000034068609 -35.5258969261662 6
      vertex -10.049000034068609 -4.474103073833803 6
    endloop
  endfacet
  facet normal 0 0 -1
    outer loop
      vertex -8.899186938124423 -6.465637775217204 0
      vertex -9.701133907831906 -34.814635894914026 0
      vertex -9.985589359418057 -35.41606641592922 0
    endloop
  endfacet
  facet normal 0 0 -1
    outer loop
      vertex -8.899186938124423 -6.465637775217204 0
      vertex -9.146165735327997 -33.88872743678438 0
      vertex -9.701133907831906 -34.814635894914026 0
    endloop
  endfacet
  facet normal 0 0 -1
    outer loop
      vertex -8.899186938124423 -6.465637775217204 0
      vertex -8.954835805427019 -33.63074889033455 0
      vertex -9.146165735327997 -33.88872743678438 0
    endloop
  endfacet
  facet normal 0 0 -1
    outer loop
      vertex -8.899186938124423 -33.5343622247828 0
      vertex -8.954835805427019 -33.63074889033455 0
      vertex -8.899186938124423 -6.465637775217204 0
    endloop
  endfacet
  facet normal 0 0 -1
    outer loop
      vertex -8.899186938124423 -33.5343622247828 0
      vertex -7.360436669947441 -8.174593080251336 0
      vertex -8.809367696104028 -33.434607850522475 0
    endloop
  endfacet
  facet normal 0 0 1
    outer loop
      vertex -10.049000034068609 -35.5258969261662 6
      vertex -8.899186938124423 -33.5343622247828 6
      vertex -8.899186938124423 -6.465637775217204 6
    endloop
  endfacet
  facet normal 0 0 -1
    outer loop
      vertex -7.360436669947441 -8.174593080251336 0
      vertex -8.503114986990107 -33.0216738741999 0
      vertex -8.809367696104028 -33.434607850522475 0
    endloop
  endfacet
  facet normal 0 0 -1
    outer loop
      vertex -7.360436669947441 -8.174593080251336 0
      vertex -7.778174593052023 -32.22182540694798 0
      vertex -8.503114986990107 -33.0216738741999 0
    endloop
  endfacet
  facet normal 0 0 -1
    outer loop
      vertex -7.360436669947441 -8.174593080251336 0
      vertex -7.447592438494157 -31.922203207036205 0
      vertex -7.778174593052023 -32.22182540694798 0
    endloop
  endfacet
  facet normal 0 0 -1
    outer loop
      vertex -7.360436669947441 -31.825406919748666 0
      vertex -7.447592438494157 -31.922203207036205 0
      vertex -7.360436669947441 -8.174593080251336 0
    endloop
  endfacet
  facet normal 0 0 -1
    outer loop
      vertex -7.360436669947441 -31.825406919748666 0
      vertex -7.360436669947441 -8.174593080251336 0
      vertex -7.261424191175157 -31.753470143117372 0
    endloop
  endfacet
  facet normal 0 0 1
    outer loop
      vertex -8.899186938124423 -33.5343622247828 6
      vertex -7.360436669947441 -31.825406919748666 6
      vertex -7.360436669947441 -8.174593080251336 6
    endloop
  endfacet
  facet normal 0 0 -1
    outer loop
      vertex -7.360436669947441 -8.174593080251336 0
      vertex -6.9783261258001 -31.496885013009894 0
      vertex -7.261424191175157 -31.753470143117372 0
    endloop
  endfacet
  facet normal 0 0 1
    outer loop
      vertex -7.360436669947441 -31.825406919748666 6
      vertex -5.5 -30.473720558371177 6
      vertex -5.5 -9.526279441628825 6
    endloop
  endfacet
  facet normal 0 0 -1
    outer loop
      vertex -7.360436669947441 -8.174593080251336 0
      vertex -6.111272563215624 -30.853834264672003 0
      vertex -6.9783261258001 -31.496885013009894 0
    endloop
  endfacet
  facet normal 0 0 -1
    outer loop
      vertex -7.360436669947441 -8.174593080251336 0
      vertex -5.607977568852714 -30.5521708542133 0
      vertex -6.111272563215624 -30.853834264672003 0
    endloop
  endfacet
  facet normal 0 0 -1
    outer loop
      vertex -5.5 -30.473720558371177 0
      vertex -5.607977568852714 -30.5521708542133 0
      vertex -7.360436669947441 -8.174593080251336 0
    endloop
  endfacet
  facet normal 0 0 1
    outer loop
      vertex -5.5 -30.473720558371177 6
      vertex -3.3991869381244215 -29.53837832075331 6
      vertex -5.5 -9.526279441628825 6
    endloop
  endfacet
  facet normal 0 0 1
    outer loop
      vertex -3.3991869381244215 -29.53837832075331 6
      vertex -1.1498130959441881 -29.060259150948994 6
      vertex -5.5 -9.526279441628825 6
    endloop
  endfacet
  facet normal 0 0 -1
    outer loop
      vertex -5.5 -30.473720558371177 0
      vertex 5.5 -9.526279441628825 0
      vertex -5.410923206318279 -30.434061014628764 0
    endloop
  endfacet
  facet normal 0 0 -1
    outer loop
      vertex 5.5 -9.526279441628825 0
      vertex -5.1853641050859745 -30.298866092168094 0
      vertex -5.410923206318279 -30.434061014628764 0
    endloop
  endfacet
  facet normal 0 0 1
    outer loop
      vertex -1.1498130959441881 -29.060259150948994 6
      vertex 1.1498130959441881 -29.060259150948994 6
      vertex -5.5 -9.526279441628825 6
    endloop
  endfacet
  facet normal 0 0 -1
    outer loop
      vertex 5.5 -9.526279441628825 0
      vertex -4.2095177560159875 -29.837325142375846 0
      vertex -5.1853641050859745 -30.298866092168094 0
    endloop
  endfacet
  facet normal 0 0 -1
    outer loop
      vertex 5.5 -9.526279441628825 0
      vertex -3.5022012768292248 -29.584243259342777 0
      vertex -4.2095177560159875 -29.837325142375846 0
    endloop
  endfacet
  facet normal 0 0 -1
    outer loop
      vertex -3.3991869381244215 -29.53837832075331 0
      vertex -3.5022012768292248 -29.584243259342777 0
      vertex 5.5 -9.526279441628825 0
    endloop
  endfacet
  facet normal 0 0 -1
    outer loop
      vertex -3.3991869381244215 -29.53837832075331 0
      vertex 5.5 -9.526279441628825 0
      vertex -3.337184384405707 -29.5251992711201 0
    endloop
  endfacet
  facet normal 0 0 -1
    outer loop
      vertex 5.5 -9.526279441628825 0
      vertex -3.1931314497990857 -29.473656306945703 0
      vertex -3.337184384405707 -29.5251992711201 0
    endloop
  endfacet
  facet normal 0 0 1
    outer loop
      vertex -5.5 -9.526279441628825 6
      vertex 1.1498130959441881 -29.060259150948994 6
      vertex 3.3991869381244215 -29.53837832075331 6
    endloop
  endfacet
  facet normal 0 0 -1
    outer loop
      vertex -10.759623608071863 -37.712971401004644 0
      vertex -10.759623608071863 -2.2870285989953527 0
      vertex -10.049000034068609 -4.474103073833803 0
    endloop
  endfacet
  facet normal 0 0 -1
    outer loop
      vertex -11 -40 0
      vertex -11 0 0
      vertex -10.759623608071863 -2.2870285989953527 0
    endloop
  endfacet
  facet normal -1 0 0
    outer loop
      vertex -11 -40 0
      vertex -11 0 6
      vertex -11 0 0
    endloop
  endfacet
  facet normal 0 0 -1
    outer loop
      vertex -10.049000034068609 -35.5258969261662 0
      vertex -10.049000034068609 -4.474103073833803 0
      vertex -8.899186938124423 -6.465637775217204 0
    endloop
  endfacet
  facet normal 0 0 1
    outer loop
      vertex -10.759623608071863 -37.712971401004644 6
      vertex -10.049000034068609 -4.474103073833803 6
      vertex -10.759623608071863 -2.2870285989953527 6
    endloop
  endfacet
  facet normal 0 0 1
    outer loop
      vertex -10.759623608071863 -37.712971401004644 6
      vertex -10.759623608071863 -2.2870285989953527 6
      vertex -11 0 6
    endloop
  endfacet
  facet normal 0 0 1
    outer loop
      vertex -10.049000034068609 -35.5258969261662 6
      vertex -8.899186938124423 -6.465637775217204 6
      vertex -10.049000034068609 -4.474103073833803 6
    endloop
  endfacet
  facet normal 0 0 -1
    outer loop
      vertex -8.899186938124423 -33.5343622247828 0
      vertex -8.899186938124423 -6.465637775217204 0
      vertex -7.360436669947441 -8.174593080251336 0
    endloop
  endfacet
  facet normal 0 0 1
    outer loop
      vertex -8.899186938124423 -33.5343622247828 6
      vertex -7.360436669947441 -8.174593080251336 6
      vertex -8.899186938124423 -6.465637775217204 6
    endloop
  endfacet
  facet normal 0 0 1
    outer loop
      vertex -7.360436669947441 -31.825406919748666 6
      vertex -5.5 -9.526279441628825 6
      vertex -7.360436669947441 -8.174593080251336 6
    endloop
  endfacet
  facet normal 0 0 -1
    outer loop
      vertex -5.5 -30.473720558371177 0
      vertex -7.360436669947441 -8.174593080251336 0
      vertex -5.5 -9.526279441628825 0
    endloop
  endfacet
  facet normal 0 0 -1
    outer loop
      vertex -5.5 -30.473720558371177 0
      vertex -5.5 -9.526279441628825 0
      vertex -3.3991869381244215 -10.461621679246688 0
    endloop
  endfacet
  facet normal 0 0 -1
    outer loop
      vertex -5.5 -30.473720558371177 0
      vertex -3.3991869381244215 -10.461621679246688 0
      vertex -1.1498130959441881 -10.939740849051006 0
    endloop
  endfacet
  facet normal 0 0 -1
    outer loop
      vertex -5.5 -30.473720558371177 0
      vertex -1.1498130959441881 -10.939740849051006 0
      vertex 1.1498130959441881 -10.939740849051006 0
    endloop
  endfacet
  facet normal 0 0 -1
    outer loop
      vertex -5.5 -30.473720558371177 0
      vertex 1.1498130959441881 -10.939740849051006 0
      vertex 3.3991869381244215 -10.461621679246688 0
    endloop
  endfacet
  facet normal 0 0 1
    outer loop
      vertex -5.5 -9.526279441628825 6
      vertex 5.5 -30.473720558371177 6
      vertex -3.3991869381244215 -10.461621679246688 6
    endloop
  endfacet
  facet normal 0 0 -1
    outer loop
      vertex 5.5 -9.526279441628825 0
      vertex -2.145993542177411 -29.211361915564467 0
      vertex -3.1931314497990857 -29.473656306945703 0
    endloop
  endfacet
  facet normal 0 0 -1
    outer loop
      vertex 5.5 -9.526279441628825 0
      vertex -1.2017178694867032 -29.071291851147453 0
      vertex -2.145993542177411 -29.211361915564467 0
    endloop
  endfacet
  facet normal 0 0 -1
    outer loop
      vertex -1.1498130959441881 -29.060259150948994 0
      vertex -1.2017178694867032 -29.071291851147453 0
      vertex 5.5 -9.526279441628825 0
    endloop
  endfacet
  facet normal 0 0 -1
    outer loop
      vertex -1.1498130959441881 -29.060259150948994 0
      vertex 5.5 -9.526279441628825 0
      vertex -1.127341446195587 -29.060259150948994 0
    endloop
  endfacet
  facet normal 0 0 -1
    outer loop
      vertex 5.5 -9.526279441628825 0
      vertex -1.0781885436251666 -29.052968006605834 0
      vertex -1.127341446195587 -29.060259150948994 0
    endloop
  endfacet
  facet normal 0 0 1
    outer loop
      vertex -5.5 -9.526279441628825 6
      vertex 3.3991869381244215 -29.53837832075331 6
      vertex 5.5 -30.473720558371177 6
    endloop
  endfacet
  facet normal 0 0 -1
    outer loop
      vertex 5.5 -9.526279441628825 0
      vertex 0 -29 0
      vertex -1.0781885436251666 -29.052968006605834 0
    endloop
  endfacet
  facet normal 0 0 -1
    outer loop
      vertex 5.5 -9.526279441628825 0
      vertex 1.0781885436251666 -29.052968006605834 0
      vertex 0 -29 0
    endloop
  endfacet
  facet normal 0 0 -1
    outer loop
      vertex 5.5 -9.526279441628825 0
      vertex 1.127341446195587 -29.060259150948994 0
      vertex 1.0781885436251666 -29.052968006605834 0
    endloop
  endfacet
  facet normal 0 0 -1
    outer loop
      vertex 1.1498130959441881 -29.060259150948994 0
      vertex 1.127341446195587 -29.060259150948994 0
      vertex 5.5 -9.526279441628825 0
    endloop
  endfacet
  facet normal 0 0 -1
    outer loop
      vertex 1.1498130959441881 -29.060259150948994 0
      vertex 5.5 -9.526279441628825 0
      vertex 1.2017178694867032 -29.071291851147453 0
    endloop
  endfacet
  facet normal 0 0 -1
    outer loop
      vertex 5.5 -9.526279441628825 0
      vertex 2.145993542177411 -29.211361915564467 0
      vertex 1.2017178694867032 -29.071291851147453 0
    endloop
  endfacet
  facet normal 0 0 -1
    outer loop
      vertex 5.5 -9.526279441628825 0
      vertex 3.1931314497990857 -29.473656306945703 0
      vertex 2.145993542177411 -29.211361915564467 0
    endloop
  endfacet
  facet normal 0 0 -1
    outer loop
      vertex 5.5 -9.526279441628825 0
      vertex 3.337184384405707 -29.5251992711201 0
      vertex 3.1931314497990857 -29.473656306945703 0
    endloop
  endfacet
  facet normal 0 0 -1
    outer loop
      vertex 3.3991869381244215 -29.53837832075331 0
      vertex 3.337184384405707 -29.5251992711201 0
      vertex 5.5 -9.526279441628825 0
    endloop
  endfacet
  facet normal 0 0 -1
    outer loop
      vertex 5.5 -9.526279441628825 0
      vertex 4.2095177560159875 -29.837325142375846 0
      vertex 3.5022012768292248 -29.584243259342777 0
    endloop
  endfacet
  facet normal 0 0 -1
    outer loop
      vertex 3.3991869381244215 -29.53837832075331 0
      vertex 5.5 -9.526279441628825 0
      vertex 3.5022012768292248 -29.584243259342777 0
    endloop
  endfacet
  facet normal 0 0 -1
    outer loop
      vertex 5.5 -9.526279441628825 0
      vertex 5.1853641050859745 -30.298866092168094 0
      vertex 4.2095177560159875 -29.837325142375846 0
    endloop
  endfacet
  facet normal 0 0 -1
    outer loop
      vertex 5.5 -9.526279441628825 0
      vertex 5.410923206318279 -30.434061014628764 0
      vertex 5.1853641050859745 -30.298866092168094 0
    endloop
  endfacet
  facet normal 0 0 -1
    outer loop
      vertex 5.5 -30.473720558371177 0
      vertex 5.410923206318279 -30.434061014628764 0
      vertex 5.5 -9.526279441628825 0
    endloop
  endfacet
  facet normal 0 0 -1
    outer loop
      vertex 5.5 -9.526279441628825 0
      vertex 6.9783261258001 -31.496885013009894 0
      vertex 6.111272563215624 -30.853834264672003 0
    endloop
  endfacet
  facet normal 0 0 -1
    outer loop
      vertex 5.5 -9.526279441628825 0
      vertex 7.261424191175157 -31.753470143117372 0
      vertex 6.9783261258001 -31.496885013009894 0
    endloop
  endfacet
  facet normal 0 0 -1
    outer loop
      vertex 7.360436669947441 -31.825406919748666 0
      vertex 7.261424191175157 -31.753470143117372 0
      vertex 5.5 -9.526279441628825 0
    endloop
  endfacet
  facet normal 0 0 -1
    outer loop
      vertex 5.5 -30.473720558371177 0
      vertex 5.5 -9.526279441628825 0
      vertex 5.607977568852714 -30.5521708542133 0
    endloop
  endfacet
  facet normal 0 0 -1
    outer loop
      vertex 5.5 -9.526279441628825 0
      vertex 6.111272563215624 -30.853834264672003 0
      vertex 5.607977568852714 -30.5521708542133 0
    endloop
  endfacet
  facet normal 0 0 1
    outer loop
      vertex 5.5 -30.473720558371177 6
      vertex 7.360436669947441 -31.825406919748666 6
      vertex 7.360436669947441 -8.174593080251336 6
    endloop
  endfacet
  facet normal 0 0 -1
    outer loop
      vertex 7.360436669947441 -31.825406919748666 0
      vertex 7.360436669947441 -8.174593080251336 0
      vertex 7.447592438494157 -31.922203207036205 0
    endloop
  endfacet
  facet normal 0 0 -1
    outer loop
      vertex 7.360436669947441 -8.174593080251336 0
      vertex 7.778174593052023 -32.22182540694798 0
      vertex 7.447592438494157 -31.922203207036205 0
    endloop
  endfacet
  facet normal 0 0 -1
    outer loop
      vertex 7.360436669947441 -8.174593080251336 0
      vertex 8.503114986990107 -33.0216738741999 0
      vertex 7.778174593052023 -32.22182540694798 0
    endloop
  endfacet
  facet normal 0 0 -1
    outer loop
      vertex 7.360436669947441 -8.174593080251336 0
      vertex 8.809367696104028 -33.434607850522475 0
      vertex 8.503114986990107 -33.0216738741999 0
    endloop
  endfacet
  facet normal 0 0 1
    outer loop
      vertex 7.360436669947441 -31.825406919748666 6
      vertex 8.899186938124423 -33.5343622247828 6
      vertex 7.360436669947441 -8.174593080251336 6
    endloop
  endfacet
  facet normal 0 0 -1
    outer loop
      vertex 8.899186938124423 -33.5343622247828 0
      vertex 8.809367696104028 -33.434607850522475 0
      vertex 7.360436669947441 -8.174593080251336 0
    endloop
  endfacet
  facet normal 0 0 -1
    outer loop
      vertex 8.899186938124423 -33.5343622247828 0
      vertex 8.899186938124423 -6.465637775217204 0
      vertex 8.954835805427019 -33.63074889033455 0
    endloop
  endfacet
  facet normal 0 0 -1
    outer loop
      vertex 8.899186938124423 -6.465637775217204 0
      vertex 9.701133907831906 -34.814635894914026 0
      vertex 9.146165735327997 -33.88872743678438 0
    endloop
  endfacet
  facet normal 0 0 -1
    outer loop
      vertex 8.899186938124423 -6.465637775217204 0
      vertex 9.146165735327997 -33.88872743678438 0
      vertex 8.954835805427019 -33.63074889033455 0
    endloop
  endfacet
  facet normal 0 0 -1
    outer loop
      vertex 8.899186938124423 -6.465637775217204 0
      vertex 9.985589359418057 -35.41606641592922 0
      vertex 9.701133907831906 -34.814635894914026 0
    endloop
  endfacet
  facet normal 0 0 1
    outer loop
      vertex 10.049000034068609 -35.5258969261662 6
      vertex 8.899186938124423 -6.465637775217204 6
      vertex 8.899186938124423 -33.5343622247828 6
    endloop
  endfacet
  facet normal 0 0 -1
    outer loop
      vertex 10.049000034068609 -35.5258969261662 0
      vertex 9.985589359418057 -35.41606641592922 0
      vertex 8.899186938124423 -6.465637775217204 0
    endloop
  endfacet
  facet normal 0 0 -1
    outer loop
      vertex 10.049000034068609 -4.474103073833803 0
      vertex 10.162674857624154 -35.790482243984016 0
      vertex 10.07416203706039 -35.60333760853636 0
    endloop
  endfacet
  facet normal 0 0 -1
    outer loop
      vertex 10.049000034068609 -35.5258969261662 0
      vertex 10.049000034068609 -4.474103073833803 0
      vertex 10.07416203706039 -35.60333760853636 0
    endloop
  endfacet
  facet normal 0 0 -1
    outer loop
      vertex 10.049000034068609 -4.474103073833803 0
      vertex 10.526343693054297 -36.80686855020092 0
      vertex 10.162674857624154 -35.790482243984016 0
    endloop
  endfacet
  facet normal 0 0 -1
    outer loop
      vertex 10.049000034068609 -4.474103073833803 0
      vertex 10.732065745748033 -37.62815702181085 0
      vertex 10.526343693054297 -36.80686855020092 0
    endloop
  endfacet
  facet normal 0 0 -1
    outer loop
      vertex 10.759623608071863 -37.712971401004644 0
      vertex 10.732065745748033 -37.62815702181085 0
      vertex 10.049000034068609 -4.474103073833803 0
    endloop
  endfacet
  facet normal 0 0 -1
    outer loop
      vertex 11 0 0
      vertex 11 -40 0
      vertex 10.947031993394166 -38.92181145637483 0
    endloop
  endfacet
  facet normal 1 0 0
    outer loop
      vertex 11 -40 0
      vertex 11 0 0
      vertex 11 -40 6
    endloop
  endfacet
  facet normal 0 0 -1
    outer loop
      vertex 11 0 0
      vertex 10.947031993394166 -38.92181145637483 0
      vertex 10.788638084435535 -37.85400645782259 0
    endloop
  endfacet
  facet normal 0 0 -1
    outer loop
      vertex 10.759623608071863 -37.712971401004644 0
      vertex 11 0 0
      vertex 10.764187558124805 -37.7563944851592 0
    endloop
  endfacet
  facet normal 0 0 -1
    outer loop
      vertex 11 0 0
      vertex 10.788638084435535 -37.85400645782259 0
      vertex 10.764187558124805 -37.7563944851592 0
    endloop
  endfacet
  facet normal 0 0 1
    outer loop
      vertex 10.049000034068609 -35.5258969261662 6
      vertex 10.759623608071863 -37.712971401004644 6
      vertex 10.049000034068609 -4.474103073833803 6
    endloop
  endfacet
  facet normal 0 0 1
    outer loop
      vertex 11 -40 6
      vertex 10.759623608071863 -2.2870285989953527 6
      vertex 10.759623608071863 -37.712971401004644 6
    endloop
  endfacet
  facet normal 0 0 -1
    outer loop
      vertex -5.5 -30.473720558371177 0
      vertex 3.3991869381244215 -10.461621679246688 0
      vertex 5.5 -9.526279441628825 0
    endloop
  endfacet
  facet normal 0 0 1
    outer loop
      vertex -3.3991869381244215 -10.461621679246688 6
      vertex 5.5 -30.473720558371177 6
      vertex -1.1498130959441881 -10.939740849051006 6
    endloop
  endfacet
  facet normal 0 0 1
    outer loop
      vertex -1.1498130959441881 -10.939740849051006 6
      vertex 5.5 -30.473720558371177 6
      vertex 1.1498130959441881 -10.939740849051006 6
    endloop
  endfacet
  facet normal 0 0 1
    outer loop
      vertex 5.5 -30.473720558371177 6
      vertex 3.3991869381244215 -10.461621679246688 6
      vertex 1.1498130959441881 -10.939740849051006 6
    endloop
  endfacet
  facet normal 0 0 1
    outer loop
      vertex 5.5 -30.473720558371177 6
      vertex 5.5 -9.526279441628825 6
      vertex 3.3991869381244215 -10.461621679246688 6
    endloop
  endfacet
  facet normal 0 0 -1
    outer loop
      vertex 7.360436669947441 -31.825406919748666 0
      vertex 5.5 -9.526279441628825 0
      vertex 7.360436669947441 -8.174593080251336 0
    endloop
  endfacet
  facet normal 0 0 1
    outer loop
      vertex 5.5 -30.473720558371177 6
      vertex 7.360436669947441 -8.174593080251336 6
      vertex 5.5 -9.526279441628825 6
    endloop
  endfacet
  facet normal 0 0 -1
    outer loop
      vertex 8.899186938124423 -33.5343622247828 0
      vertex 7.360436669947441 -8.174593080251336 0
      vertex 8.899186938124423 -6.465637775217204 0
    endloop
  endfacet
  facet normal 0 0 1
    outer loop
      vertex 8.899186938124423 -33.5343622247828 6
      vertex 8.899186938124423 -6.465637775217204 6
      vertex 7.360436669947441 -8.174593080251336 6
    endloop
  endfacet
  facet normal 0 0 -1
    outer loop
      vertex 10.049000034068609 -35.5258969261662 0
      vertex 8.899186938124423 -6.465637775217204 0
      vertex 10.049000034068609 -4.474103073833803 0
    endloop
  endfacet
  facet normal 0 0 -1
    outer loop
      vertex 10.759623608071863 -37.712971401004644 0
      vertex 10.049000034068609 -4.474103073833803 0
      vertex 10.759623608071863 -2.2870285989953527 0
    endloop
  endfacet
  facet normal 0 0 -1
    outer loop
      vertex 10.759623608071863 -37.712971401004644 0
      vertex 10.759623608071863 -2.2870285989953527 0
      vertex 11 0 0
    endloop
  endfacet
  facet normal 0 0 1
    outer loop
      vertex 10.049000034068609 -35.5258969261662 6
      vertex 10.049000034068609 -4.474103073833803 6
      vertex 8.899186938124423 -6.465637775217204 6
    endloop
  endfacet
  facet normal 0 0 1
    outer loop
      vertex 10.759623608071863 -37.712971401004644 6
      vertex 10.759623608071863 -2.2870285989953527 6
      vertex 10.049000034068609 -4.474103073833803 6
    endloop
  endfacet
  facet normal 1 0 0
    outer loop
      vertex 11 -40 6
      vertex 11 0 0
      vertex 11 0 6
    endloop
  endfacet
  facet normal 0 0 1
    outer loop
      vertex 11 -40 6
      vertex 11 0 6
      vertex 10.759623608071863 -2.2870285989953527 6
    endloop
  endfacet
  facet normal 0 0 -1
    outer loop
      vertex -10.049000034068609 -44.4741030738338 0
      vertex -10.07416203706039 -44.39666239146364 0
      vertex -9.985589359418057 -44.58393358407078 0
    endloop
  endfacet
  facet normal -0.8660254037844382 -0.500000000000001 0
    outer loop
      vertex -10.049000034068609 -44.4741030738338 0
      vertex -9.985589359418057 -44.58393358407078 0
      vertex -10.049000034068609 -44.4741030738338 6
    endloop
  endfacet
  facet normal -0.9510565162951546 -0.30901699437494395 -1.803764653095513e-15
    outer loop
      vertex -10.049000034068609 -44.4741030738338 0
      vertex -10.759623608071863 -42.287028598995356 6
      vertex -10.07416203706039 -44.39666239146364 0
    endloop
  endfacet
  facet normal -0.8660254037844389 -0.49999999999999956 -3.365932563142804e-17
    outer loop
      vertex -10.049000034068609 -44.4741030738338 6
      vertex -9.985589359418057 -44.58393358407078 0
      vertex -8.954835805427019 -46.36925110966545 0
    endloop
  endfacet
  facet normal -0.9510565162951532 -0.30901699437494845 0
    outer loop
      vertex -10.049000034068609 -44.4741030738338 0
      vertex -10.049000034068609 -44.4741030738338 6
      vertex -10.759623608071863 -42.287028598995356 6
    endloop
  endfacet
  facet normal -0.8660254037844405 -0.49999999999999695 -1.1637794785228201e-15
    outer loop
      vertex -8.899186938124423 -46.4656377752172 0
      vertex -10.049000034068609 -44.4741030738338 6
      vertex -8.954835805427019 -46.36925110966545 0
    endloop
  endfacet
  facet normal 0 0 -1
    outer loop
      vertex -8.899186938124423 -46.4656377752172 0
      vertex -8.954835805427019 -46.36925110966545 0
      vertex -8.809367696104028 -46.565392149477525 0
    endloop
  endfacet
  facet normal -0.7431448254773886 -0.6691306063588643 0
    outer loop
      vertex -8.899186938124423 -46.4656377752172 0
      vertex -8.809367696104028 -46.565392149477525 0
      vertex -8.899186938124423 -46.4656377752172 6
    endloop
  endfacet
  facet normal -0.7431448254773941 -0.6691306063588582 -1.841151232624429e-16
    outer loop
      vertex -8.899186938124423 -46.4656377752172 6
      vertex -8.809367696104028 -46.565392149477525 0
      vertex -7.447592438494157 -48.077796792963795 0
    endloop
  endfacet
  facet normal -0.8660254037844389 -0.4999999999999995 0
    outer loop
      vertex -8.899186938124423 -46.4656377752172 0
      vertex -8.899186938124423 -46.4656377752172 6
      vertex -10.049000034068609 -44.4741030738338 6
    endloop
  endfacet
  facet normal 0 0 -1
    outer loop
      vertex -10.759623608071863 -42.287028598995356 0
      vertex -10.764187558124805 -42.2436055148408 0
      vertex -10.732065745748033 -42.37184297818915 0
    endloop
  endfacet
  facet normal -0.9510565162951543 -0.3090169943749451 0
    outer loop
      vertex -10.759623608071863 -42.287028598995356 0
      vertex -10.732065745748033 -42.37184297818915 0
      vertex -10.759623608071863 -42.287028598995356 6
    endloop
  endfacet
  facet normal -0.9945218953682717 -0.10452846326766835 5.880112753458757e-15
    outer loop
      vertex -10.759623608071863 -42.287028598995356 0
      vertex -11 -40 6
      vertex -10.764187558124805 -42.2436055148408 0
    endloop
  endfacet
  facet normal -0.9510565162951531 -0.30901699437494873 5.649270439234096e-17
    outer loop
      vertex -10.759623608071863 -42.287028598995356 6
      vertex -10.732065745748033 -42.37184297818915 0
      vertex -10.07416203706039 -44.39666239146364 0
    endloop
  endfacet
  facet normal -0.9945218953682734 -0.10452846326765279 0
    outer loop
      vertex -11 -40 6
      vertex -11 -40 0
      vertex -10.764187558124805 -42.2436055148408 0
    endloop
  endfacet
  facet normal -0.9945218953682733 -0.10452846326765308 0
    outer loop
      vertex -10.759623608071863 -42.287028598995356 0
      vertex -10.759623608071863 -42.287028598995356 6
      vertex -11 -40 6
    endloop
  endfacet
  facet normal 0 0 1
    outer loop
      vertex -10.049000034068609 -44.4741030738338 6
      vertex -10.759623608071863 -37.712971401004644 6
      vertex -10.759623608071863 -42.287028598995356 6
    endloop
  endfacet
  facet normal 0 0 1
    outer loop
      vertex -10.759623608071863 -42.287028598995356 6
      vertex -10.759623608071863 -37.712971401004644 6
      vertex -11 -40 6
    endloop
  endfacet
  facet normal 0 0 1
    outer loop
      vertex -10.049000034068609 -44.4741030738338 6
      vertex -8.899186938124423 -46.4656377752172 6
      vertex -10.049000034068609 -35.5258969261662 6
    endloop
  endfacet
  facet normal 0 0 -1
    outer loop
      vertex -10.759623608071863 -37.712971401004644 0
      vertex -10.732065745748033 -37.62815702181085 0
      vertex -10.764187558124805 -37.7563944851592 0
    endloop
  endfacet
  facet normal 0 0 -1
    outer loop
      vertex -10.049000034068609 -35.5258969261662 0
      vertex -9.985589359418057 -35.41606641592922 0
      vertex -10.07416203706039 -35.60333760853636 0
    endloop
  endfacet
  facet normal 0 0 1
    outer loop
      vertex -10.049000034068609 -44.4741030738338 6
      vertex -10.049000034068609 -35.5258969261662 6
      vertex -10.759623608071863 -37.712971401004644 6
    endloop
  endfacet
  facet normal 0 0 1
    outer loop
      vertex -8.899186938124423 -46.4656377752172 6
      vertex -7.360436669947441 -48.174593080251334 6
      vertex -8.899186938124423 -33.5343622247828 6
    endloop
  endfacet
  facet normal 0 0 1
    outer loop
      vertex -8.899186938124423 -46.4656377752172 6
      vertex -8.899186938124423 -33.5343622247828 6
      vertex -10.049000034068609 -35.5258969261662 6
    endloop
  endfacet
  facet normal -0.7431448254773925 -0.6691306063588601 7.103031522834194e-16
    outer loop
      vertex -7.360436669947441 -48.174593080251334 0
      vertex -8.899186938124423 -46.4656377752172 6
      vertex -7.447592438494157 -48.077796792963795 0
    endloop
  endfacet
  facet normal 0 0 -1
    outer loop
      vertex -7.360436669947441 -48.174593080251334 0
      vertex -7.447592438494157 -48.077796792963795 0
      vertex -7.261424191175157 -48.246529856882624 0
    endloop
  endfacet
  facet normal -0.7431448254773938 -0.6691306063588588 0
    outer loop
      vertex -7.360436669947441 -48.174593080251334 0
      vertex -7.360436669947441 -48.174593080251334 6
      vertex -8.899186938124423 -46.4656377752172 6
    endloop
  endfacet
  facet normal -0.5877852522924631 -0.8090169943749546 -4.7247269233410755e-15
    outer loop
      vertex -7.360436669947441 -48.174593080251334 0
      vertex -7.261424191175157 -48.246529856882624 0
      vertex -5.5 -49.52627944162882 6
    endloop
  endfacet
  facet normal 0 0 -1
    outer loop
      vertex -5.5 -49.52627944162882 0
      vertex -5.607977568852737 -49.447829145786685 0
      vertex -5.410923206318257 -49.56593898537125 0
    endloop
  endfacet
  facet normal -0.5877852522924744 -0.8090169943749463 3.3725059286504923e-16
    outer loop
      vertex -5.5 -49.52627944162882 6
      vertex -7.261424191175157 -48.246529856882624 0
      vertex -5.607977568852737 -49.447829145786685 0
    endloop
  endfacet
  facet normal -0.5877852522924623 -0.8090169943749554 0
    outer loop
      vertex -5.5 -49.52627944162882 0
      vertex -5.5 -49.52627944162882 6
      vertex -5.607977568852737 -49.447829145786685 0
    endloop
  endfacet
  facet normal -0.5877852522924731 -0.8090169943749473 0
    outer loop
      vertex -7.360436669947441 -48.174593080251334 0
      vertex -5.5 -49.52627944162882 6
      vertex -7.360436669947441 -48.174593080251334 6
    endloop
  endfacet
  facet normal 0 0 1
    outer loop
      vertex -7.360436669947441 -48.174593080251334 6
      vertex -7.360436669947441 -31.825406919748666 6
      vertex -8.899186938124423 -33.5343622247828 6
    endloop
  endfacet
  facet normal 0 0 1
    outer loop
      vertex -7.360436669947441 -48.174593080251334 6
      vertex -5.5 -49.52627944162882 6
      vertex -7.360436669947441 -31.825406919748666 6
    endloop
  endfacet
  facet normal 0 0 1
    outer loop
      vertex -7.360436669947441 -31.825406919748666 6
      vertex -5.5 -49.52627944162882 6
      vertex -5.5 -30.473720558371177 6
    endloop
  endfacet
  facet normal 0 0 -1
    outer loop
      vertex -8.899186938124423 -33.5343622247828 0
      vertex -8.809367696104028 -33.434607850522475 0
      vertex -8.954835805427019 -33.63074889033455 0
    endloop
  endfacet
  facet normal 0 0 -1
    outer loop
      vertex -7.360436669947441 -31.825406919748666 0
      vertex -7.261424191175157 -31.753470143117372 0
      vertex -7.447592438494157 -31.922203207036205 0
    endloop
  endfacet
  facet normal 0 0 -1
    outer loop
      vertex -5.5 -30.473720558371177 0
      vertex -5.410923206318279 -30.434061014628764 0
      vertex -5.607977568852714 -30.5521708542133 0
    endloop
  endfacet
  facet normal -0.4067366430758151 -0.9135454576425942 5.81166621338177e-15
    outer loop
      vertex -5.5 -49.52627944162882 0
      vertex -5.410923206318257 -49.56593898537125 0
      vertex -3.3991869381244215 -50.46162167924669 6
    endloop
  endfacet
  facet normal -0.40673664307580126 -0.9135454576426004 0
    outer loop
      vertex -5.5 -49.52627944162882 0
      vertex -3.3991869381244215 -50.46162167924669 6
      vertex -5.5 -49.52627944162882 6
    endloop
  endfacet
  facet normal 0 0 1
    outer loop
      vertex -5.5 -49.52627944162882 6
      vertex -3.3991869381244215 -50.46162167924669 6
      vertex -5.5 -30.473720558371177 6
    endloop
  endfacet
  facet normal -0.4067366430757993 -0.9135454576426012 -5.302638310714062e-16
    outer loop
      vertex -3.3991869381244215 -50.46162167924669 6
      vertex -5.410923206318257 -49.56593898537125 0
      vertex -3.5022012768291844 -50.41575674065724 0
    endloop
  endfacet
  facet normal 0 0 -1
    outer loop
      vertex -3.3991869381244215 -50.46162167924669 0
      vertex -3.5022012768291844 -50.41575674065724 0
      vertex -3.3371843844057243 -50.4748007288799 0
    endloop
  endfacet
  facet normal -0.4067366430758251 -0.9135454576425899 0
    outer loop
      vertex -3.3991869381244215 -50.46162167924669 0
      vertex -3.3991869381244215 -50.46162167924669 6
      vertex -3.5022012768291844 -50.41575674065724 0
    endloop
  endfacet
  facet normal 0 0 1
    outer loop
      vertex -3.3991869381244215 -50.46162167924669 6
      vertex -3.3991869381244215 -29.53837832075331 6
      vertex -5.5 -30.473720558371177 6
    endloop
  endfacet
  facet normal -0.20791169081778316 -0.9781476007338006 9.578403250640139e-15
    outer loop
      vertex -3.3991869381244215 -50.46162167924669 0
      vertex -3.3371843844057243 -50.4748007288799 0
      vertex -1.1498130959441881 -50.939740849051006 6
    endloop
  endfacet
  facet normal -0.20791169081775931 -0.9781476007338057 4.794012963657702e-16
    outer loop
      vertex -1.1498130959441881 -50.939740849051006 6
      vertex -3.3371843844057243 -50.4748007288799 0
      vertex -1.2017178694867061 -50.92870814885255 0
    endloop
  endfacet
  facet normal -0.20791169081775873 -0.9781476007338058 0
    outer loop
      vertex -3.3991869381244215 -50.46162167924669 0
      vertex -1.1498130959441881 -50.939740849051006 6
      vertex -3.3991869381244215 -50.46162167924669 6
    endloop
  endfacet
  facet normal 0 0 1
    outer loop
      vertex -3.3991869381244215 -50.46162167924669 6
      vertex -1.1498130959441881 -50.939740849051006 6
      vertex -3.3991869381244215 -29.53837832075331 6
    endloop
  endfacet
  facet normal 0 0 -1
    outer loop
      vertex -1.1498130959441881 -50.939740849051006 0
      vertex -1.2017178694867061 -50.92870814885255 0
      vertex -1.1273414461955795 -50.939740849051006 0
    endloop
  endfacet
  facet normal -0.20791169081770625 -0.9781476007338169 0
    outer loop
      vertex -1.1498130959441881 -50.939740849051006 0
      vertex -1.1498130959441881 -50.939740849051006 6
      vertex -1.2017178694867061 -50.92870814885255 0
    endloop
  endfacet
  facet normal 0 -1 0
    outer loop
      vertex -1.1498130959441881 -50.939740849051006 0
      vertex -1.1273414461955795 -50.939740849051006 0
      vertex 1.1498130959441881 -50.939740849051006 6
    endloop
  endfacet
  facet normal 0 -1 0
    outer loop
      vertex -1.1498130959441881 -50.939740849051006 0
      vertex 1.1498130959441881 -50.939740849051006 6
      vertex -1.1498130959441881 -50.939740849051006 6
    endloop
  endfacet
  facet normal 0 0 1
    outer loop
      vertex -1.1498130959441881 -50.939740849051006 6
      vertex 1.1498130959441881 -50.939740849051006 6
      vertex -1.1498130959441881 -29.060259150948994 6
    endloop
  endfacet
  facet normal 0 0 1
    outer loop
      vertex -1.1498130959441881 -50.939740849051006 6
      vertex -1.1498130959441881 -29.060259150948994 6
      vertex -3.3991869381244215 -29.53837832075331 6
    endloop
  endfacet
  facet normal 0 0 -1
    outer loop
      vertex -3.3991869381244215 -29.53837832075331 0
      vertex -3.337184384405707 -29.5251992711201 0
      vertex -3.5022012768292248 -29.584243259342777 0
    endloop
  endfacet
  facet normal 0 0 -1
    outer loop
      vertex -1.1498130959441881 -29.060259150948994 0
      vertex -1.127341446195587 -29.060259150948994 0
      vertex -1.2017178694867032 -29.071291851147453 0
    endloop
  endfacet
  facet normal 0 -1 0
    outer loop
      vertex 1.1498130959441881 -50.939740849051006 6
      vertex -1.1273414461955795 -50.939740849051006 0
      vertex 1.1273414461955795 -50.939740849051006 0
    endloop
  endfacet
  facet normal 0 0 -1
    outer loop
      vertex 1.1498130959441881 -50.939740849051006 0
      vertex 1.1273414461955795 -50.939740849051006 0
      vertex 1.2017178694867061 -50.92870814885255 0
    endloop
  endfacet
  facet normal 0 -1 0
    outer loop
      vertex 1.1498130959441881 -50.939740849051006 0
      vertex 1.1498130959441881 -50.939740849051006 6
      vertex 1.1273414461955795 -50.939740849051006 0
    endloop
  endfacet
  facet normal 0.20791169081770625 -0.9781476007338169 2.055170147453079e-14
    outer loop
      vertex 1.1498130959441881 -50.939740849051006 0
      vertex 1.2017178694867061 -50.92870814885255 0
      vertex 3.3991869381244215 -50.46162167924669 6
    endloop
  endfacet
  facet normal 0.20791169081775931 -0.9781476007338057 2.579761672156134e-16
    outer loop
      vertex 3.3991869381244215 -50.46162167924669 6
      vertex 1.2017178694867061 -50.92870814885255 0
      vertex 3.3371843844057243 -50.4748007288799 0
    endloop
  endfacet
  facet normal 0.20791169081775873 -0.9781476007338058 0
    outer loop
      vertex 1.1498130959441881 -50.939740849051006 0
      vertex 3.3991869381244215 -50.46162167924669 6
      vertex 1.1498130959441881 -50.939740849051006 6
    endloop
  endfacet
  facet normal 0 0 1
    outer loop
      vertex 1.1498130959441881 -50.939740849051006 6
      vertex 3.3991869381244215 -50.46162167924669 6
      vertex 1.1498130959441881 -29.060259150948994 6
    endloop
  endfacet
  facet normal 0 0 1
    outer loop
      vertex -1.1498130959441881 -29.060259150948994 6
      vertex 1.1498130959441881 -50.939740849051006 6
      vertex 1.1498130959441881 -29.060259150948994 6
    endloop
  endfacet
  facet normal 0 0 1
    outer loop
      vertex 3.3991869381244215 -50.46162167924669 6
      vertex 3.3991869381244215 -29.53837832075331 6
      vertex 1.1498130959441881 -29.060259150948994 6
    endloop
  endfacet
  facet normal 0 0 -1
    outer loop
      vertex 3.3991869381244215 -50.46162167924669 0
      vertex 3.3371843844057243 -50.4748007288799 0
      vertex 3.5022012768291844 -50.41575674065724 0
    endloop
  endfacet
  facet normal 0.20791169081778316 -0.9781476007338006 0
    outer loop
      vertex 3.3991869381244215 -50.46162167924669 0
      vertex 3.3991869381244215 -50.46162167924669 6
      vertex 3.3371843844057243 -50.4748007288799 0
    endloop
  endfacet
  facet normal 0.40673664307580126 -0.9135454576426004 0
    outer loop
      vertex 3.3991869381244215 -50.46162167924669 0
      vertex 5.5 -49.52627944162882 6
      vertex 3.3991869381244215 -50.46162167924669 6
    endloop
  endfacet
  facet normal 0.4067366430758251 -0.9135454576425899 -1.0009705452335537e-14
    outer loop
      vertex 3.3991869381244215 -50.46162167924669 0
      vertex 3.5022012768291844 -50.41575674065724 0
      vertex 5.5 -49.52627944162882 6
    endloop
  endfacet
  facet normal 0.4067366430757993 -0.9135454576426014 2.8118374340738453e-16
    outer loop
      vertex 5.5 -49.52627944162882 6
      vertex 3.5022012768291844 -50.41575674065724 0
      vertex 5.410923206318257 -49.56593898537125 0
    endloop
  endfacet
  facet normal 0.4067366430758151 -0.9135454576425942 0
    outer loop
      vertex 5.5 -49.52627944162882 0
      vertex 5.5 -49.52627944162882 6
      vertex 5.410923206318257 -49.56593898537125 0
    endloop
  endfacet
  facet normal 0 0 1
    outer loop
      vertex 3.3991869381244215 -50.46162167924669 6
      vertex 5.5 -49.52627944162882 6
      vertex 3.3991869381244215 -29.53837832075331 6
    endloop
  endfacet
  facet normal 0 0 1
    outer loop
      vertex 3.3991869381244215 -29.53837832075331 6
      vertex 5.5 -49.52627944162882 6
      vertex 5.5 -30.473720558371177 6
    endloop
  endfacet
  facet normal 0 0 -1
    outer loop
      vertex 1.1498130959441881 -29.060259150948994 0
      vertex 1.2017178694867032 -29.071291851147453 0
      vertex 1.127341446195587 -29.060259150948994 0
    endloop
  endfacet
  facet normal 0 0 -1
    outer loop
      vertex 3.3991869381244215 -29.53837832075331 0
      vertex 3.5022012768292248 -29.584243259342777 0
      vertex 3.337184384405707 -29.5251992711201 0
    endloop
  endfacet
  facet normal 0 0 -1
    outer loop
      vertex 5.5 -49.52627944162882 0
      vertex 5.410923206318257 -49.56593898537125 0
      vertex 5.607977568852737 -49.447829145786685 0
    endloop
  endfacet
  facet normal 0.5877852522924623 -0.8090169943749554 5.198934510260937e-15
    outer loop
      vertex 5.5 -49.52627944162882 0
      vertex 5.607977568852737 -49.447829145786685 0
      vertex 7.360436669947441 -48.174593080251334 6
    endloop
  endfacet
  facet normal 0.5877852522924744 -0.8090169943749463 -2.8519177651675305e-16
    outer loop
      vertex 7.360436669947441 -48.174593080251334 6
      vertex 5.607977568852737 -49.447829145786685 0
      vertex 7.261424191175157 -48.246529856882624 0
    endloop
  endfacet
  facet normal 0.5877852522924731 -0.8090169943749473 0
    outer loop
      vertex 5.5 -49.52627944162882 0
      vertex 7.360436669947441 -48.174593080251334 6
      vertex 5.5 -49.52627944162882 6
    endloop
  endfacet
  facet normal 0 0 -1
    outer loop
      vertex 7.360436669947441 -48.174593080251334 0
      vertex 7.261424191175157 -48.246529856882624 0
      vertex 7.447592438494157 -48.077796792963795 0
    endloop
  endfacet
  facet normal 0.5877852522924631 -0.8090169943749546 0
    outer loop
      vertex 7.360436669947441 -48.174593080251334 0
      vertex 7.360436669947441 -48.174593080251334 6
      vertex 7.261424191175157 -48.246529856882624 0
    endloop
  endfacet
  facet normal 0.7431448254773925 -0.6691306063588601 0
    outer loop
      vertex 7.360436669947441 -48.174593080251334 0
      vertex 7.447592438494157 -48.077796792963795 0
      vertex 7.360436669947441 -48.174593080251334 6
    endloop
  endfacet
  facet normal 0.7431448254773941 -0.6691306063588582 5.682565532791447e-17
    outer loop
      vertex 7.360436669947441 -48.174593080251334 6
      vertex 7.447592438494157 -48.077796792963795 0
      vertex 8.809367696104028 -46.565392149477525 0
    endloop
  endfacet
  facet normal 0 0 1
    outer loop
      vertex 5.5 -49.52627944162882 6
      vertex 7.360436669947441 -48.174593080251334 6
      vertex 5.5 -30.473720558371177 6
    endloop
  endfacet
  facet normal 0 0 1
    outer loop
      vertex 7.360436669947441 -48.174593080251334 6
      vertex 7.360436669947441 -31.825406919748666 6
      vertex 5.5 -30.473720558371177 6
    endloop
  endfacet
  facet normal 0 0 1
    outer loop
      vertex 7.360436669947441 -48.174593080251334 6
      vertex 8.899186938124423 -46.4656377752172 6
      vertex 7.360436669947441 -31.825406919748666 6
    endloop
  endfacet
  facet normal 0 0 -1
    outer loop
      vertex 8.899186938124423 -46.4656377752172 0
      vertex 8.809367696104028 -46.565392149477525 0
      vertex 8.954835805427019 -46.36925110966545 0
    endloop
  endfacet
  facet normal 0.7431448254773886 -0.6691306063588643 -2.96373213252843e-15
    outer loop
      vertex 8.899186938124423 -46.4656377752172 0
      vertex 7.360436669947441 -48.174593080251334 6
      vertex 8.809367696104028 -46.565392149477525 0
    endloop
  endfacet
  facet normal 0.8660254037844405 -0.49999999999999695 0
    outer loop
      vertex 8.899186938124423 -46.4656377752172 0
      vertex 8.954835805427019 -46.36925110966545 0
      vertex 8.899186938124423 -46.4656377752172 6
    endloop
  endfacet
  facet normal 0.8660254037844389 -0.49999999999999956 -5.722085357342766e-17
    outer loop
      vertex 8.899186938124423 -46.4656377752172 6
      vertex 8.954835805427019 -46.36925110966545 0
      vertex 9.985589359418057 -44.58393358407078 0
    endloop
  endfacet
  facet normal 0.7431448254773938 -0.6691306063588588 0
    outer loop
      vertex 8.899186938124423 -46.4656377752172 0
      vertex 8.899186938124423 -46.4656377752172 6
      vertex 7.360436669947441 -48.174593080251334 6
    endloop
  endfacet
  facet normal 0 0 -1
    outer loop
      vertex 10.049000034068609 -44.4741030738338 0
      vertex 9.985589359418057 -44.58393358407078 0
      vertex 10.07416203706039 -44.39666239146364 0
    endloop
  endfacet
  facet normal 0.8660254037844382 -0.500000000000001 -6.200911598165066e-16
    outer loop
      vertex 10.049000034068609 -44.4741030738338 0
      vertex 8.899186938124423 -46.4656377752172 6
      vertex 9.985589359418057 -44.58393358407078 0
    endloop
  endfacet
  facet normal 0.9510565162951546 -0.30901699437494395 0
    outer loop
      vertex 10.049000034068609 -44.4741030738338 0
      vertex 10.07416203706039 -44.39666239146364 0
      vertex 10.049000034068609 -44.4741030738338 6
    endloop
  endfacet
  facet normal 0.9510565162951531 -0.30901699437494873 -6.789988508694827e-17
    outer loop
      vertex 10.049000034068609 -44.4741030738338 6
      vertex 10.07416203706039 -44.39666239146364 0
      vertex 10.732065745748033 -42.37184297818915 0
    endloop
  endfacet
  facet normal 0.8660254037844389 -0.4999999999999995 0
    outer loop
      vertex 10.049000034068609 -44.4741030738338 0
      vertex 10.049000034068609 -44.4741030738338 6
      vertex 8.899186938124423 -46.4656377752172 6
    endloop
  endfacet
  facet normal 0 0 1
    outer loop
      vertex 8.899186938124423 -46.4656377752172 6
      vertex 10.049000034068609 -44.4741030738338 6
      vertex 8.899186938124423 -33.5343622247828 6
    endloop
  endfacet
  facet normal 0 0 1
    outer loop
      vertex 8.899186938124423 -46.4656377752172 6
      vertex 8.899186938124423 -33.5343622247828 6
      vertex 7.360436669947441 -31.825406919748666 6
    endloop
  endfacet
  facet normal 0 0 -1
    outer loop
      vertex 10.759623608071863 -42.287028598995356 0
      vertex 10.732065745748033 -42.37184297818915 0
      vertex 10.764187558124805 -42.2436055148408 0
    endloop
  endfacet
  facet normal 0.9510565162951543 -0.3090169943749451 1.3357127128086445e-15
    outer loop
      vertex 10.759623608071863 -42.287028598995356 0
      vertex 10.049000034068609 -44.4741030738338 6
      vertex 10.732065745748033 -42.37184297818915 0
    endloop
  endfacet
  facet normal 0.9945218953682717 -0.10452846326766835 0
    outer loop
      vertex 10.759623608071863 -42.287028598995356 0
      vertex 10.764187558124805 -42.2436055148408 0
      vertex 10.759623608071863 -42.287028598995356 6
    endloop
  endfacet
  facet normal 0.9945218953682734 -0.10452846326765279 1.1380460122902888e-16
    outer loop
      vertex 10.759623608071863 -42.287028598995356 6
      vertex 10.764187558124805 -42.2436055148408 0
      vertex 11 -40 0
    endloop
  endfacet
  facet normal 0 0 1
    outer loop
      vertex 10.049000034068609 -44.4741030738338 6
      vertex 10.759623608071863 -42.287028598995356 6
      vertex 10.049000034068609 -35.5258969261662 6
    endloop
  endfacet
  facet normal 0.9510565162951532 -0.30901699437494845 0
    outer loop
      vertex 10.759623608071863 -42.287028598995356 0
      vertex 10.759623608071863 -42.287028598995356 6
      vertex 10.049000034068609 -44.4741030738338 6
    endloop
  endfacet
  facet normal 0.9945218953682733 -0.10452846326765308 0
    outer loop
      vertex 11 -40 0
      vertex 11 -40 6
      vertex 10.759623608071863 -42.287028598995356 6
    endloop
  endfacet
  facet normal 0 0 1
    outer loop
      vertex 10.759623608071863 -42.287028598995356 6
      vertex 11 -40 6
      vertex 10.759623608071863 -37.712971401004644 6
    endloop
  endfacet
  facet normal 0 0 -1
    outer loop
      vertex 10.049000034068609 -35.5258969261662 0
      vertex 10.07416203706039 -35.60333760853636 0
      vertex 9.985589359418057 -35.41606641592922 0
    endloop
  endfacet
  facet normal 0 0 -1
    outer loop
      vertex 10.759623608071863 -37.712971401004644 0
      vertex 10.764187558124805 -37.7563944851592 0
      vertex 10.732065745748033 -37.62815702181085 0
    endloop
  endfacet
  facet normal 0 0 1
    outer loop
      vertex 10.049000034068609 -44.4741030738338 6
      vertex 10.049000034068609 -35.5258969261662 6
      vertex 8.899186938124423 -33.5343622247828 6
    endloop
  endfacet
  facet normal 0 0 1
    outer loop
      vertex 10.759623608071863 -42.287028598995356 6
      vertex 10.759623608071863 -37.712971401004644 6
      vertex 10.049000034068609 -35.5258969261662 6
    endloop
  endfacet
  facet normal 0 0 -1
    outer loop
      vertex 5.5 -30.473720558371177 0
      vertex 5.607977568852714 -30.5521708542133 0
      vertex 5.410923206318279 -30.434061014628764 0
    endloop
  endfacet
  facet normal 0 0 -1
    outer loop
      vertex 7.360436669947441 -31.825406919748666 0
      vertex 7.447592438494157 -31.922203207036205 0
      vertex 7.261424191175157 -31.753470143117372 0
    endloop
  endfacet
  facet normal 0 0 -1
    outer loop
      vertex 8.899186938124423 -33.5343622247828 0
      vertex 8.954835805427019 -33.63074889033455 0
      vertex 8.809367696104028 -33.434607850522475 0
    endloop
  endfacet
  facet normal 0.8819212643483544 0.47139673682599875 0
    outer loop
      vertex -8.562983158520316 -0.6888301782571616 0
      vertex -8.562983158520316 -0.6888301782571616 2.6
      vertex -8.39664530214458 -1.000026419435284 0
    endloop
  endfacet
  facet normal 0.7730104533627375 0.6343932841636448 0
    outer loop
      vertex -8.39664530214458 -1.000026419435284 0
      vertex -8.39664530214458 -1.000026419435284 2.6
      vertex -8.172792206135785 -1.2727922061357857 0
    endloop
  endfacet
  facet normal 0.8819212643483544 0.47139673682599875 0
    outer loop
      vertex -8.39664530214458 -1.000026419435284 0
      vertex -8.562983158520316 -0.6888301782571616 2.6
      vertex -8.39664530214458 -1.000026419435284 2.6
    endloop
  endfacet
  facet normal 0.9569403357322079 0.29028467725446544 0
    outer loop
      vertex -8.562983158520316 -0.6888301782571616 0
      vertex -8.665413504725816 -0.35116257962903086 0
      vertex -8.665413504725816 -0.35116257962903086 2.6
    endloop
  endfacet
  facet normal 0.9951847266721969 0.0980171403295607 0
    outer loop
      vertex -8.665413504725816 -0.35116257962903086 0
      vertex -8.700000000000001 0 0
      vertex -8.700000000000001 0 2.6
    endloop
  endfacet
  facet normal 0.9951847266721969 -0.0980171403295607 0
    outer loop
      vertex -8.700000000000001 0 0
      vertex -8.665413504725816 0.35116257962903086 0
      vertex -8.665413504725816 0.35116257962903086 2.6
    endloop
  endfacet
  facet normal 0.9569403357322079 0.29028467725446544 0
    outer loop
      vertex -8.562983158520316 -0.6888301782571616 0
      vertex -8.665413504725816 -0.35116257962903086 2.6
      vertex -8.562983158520316 -0.6888301782571616 2.6
    endloop
  endfacet
  facet normal 0.9951847266721969 0.0980171403295607 0
    outer loop
      vertex -8.665413504725816 -0.35116257962903086 0
      vertex -8.700000000000001 0 2.6
      vertex -8.665413504725816 -0.35116257962903086 2.6
    endloop
  endfacet
  facet normal 0.9951847266721969 -0.0980171403295607 0
    outer loop
      vertex -8.700000000000001 0 0
      vertex -8.665413504725816 0.35116257962903086 2.6
      vertex -8.700000000000001 0 2.6
    endloop
  endfacet
  facet normal 0.9569403357322079 -0.29028467725446544 0
    outer loop
      vertex -8.665413504725816 0.35116257962903086 0
      vertex -8.562983158520316 0.6888301782571616 0
      vertex -8.562983158520316 0.6888301782571616 2.6
    endloop
  endfacet
  facet normal 0.9569403357322079 -0.29028467725446544 0
    outer loop
      vertex -8.665413504725816 0.35116257962903086 0
      vertex -8.562983158520316 0.6888301782571616 2.6
      vertex -8.665413504725816 0.35116257962903086 2.6
    endloop
  endfacet
  facet normal 0.8819212643483544 -0.47139673682599875 0
    outer loop
      vertex -8.562983158520316 0.6888301782571616 0
      vertex -8.39664530214458 1.000026419435284 0
      vertex -8.39664530214458 1.000026419435284 2.6
    endloop
  endfacet
  facet normal 0.8819212643483544 -0.47139673682599875 0
    outer loop
      vertex -8.562983158520316 0.6888301782571616 0
      vertex -8.39664530214458 1.000026419435284 2.6
      vertex -8.562983158520316 0.6888301782571616 2.6
    endloop
  endfacet
  facet normal 0.7730104533627375 -0.6343932841636448 0
    outer loop
      vertex -8.39664530214458 1.000026419435284 0
      vertex -8.172792206135785 1.2727922061357857 2.6
      vertex -8.39664530214458 1.000026419435284 2.6
    endloop
  endfacet
  facet normal 0.634393284163646 0.7730104533627365 0
    outer loop
      vertex -8.172792206135785 -1.2727922061357857 0
      vertex -8.172792206135785 -1.2727922061357857 2.6
      vertex -7.900026419435284 -1.4966453021445814 0
    endloop
  endfacet
  facet normal 0.7730104533627375 0.6343932841636448 0
    outer loop
      vertex -8.172792206135785 -1.2727922061357857 0
      vertex -8.39664530214458 -1.000026419435284 2.6
      vertex -8.172792206135785 -1.2727922061357857 2.6
    endloop
  endfacet
  facet normal 0.634393284163646 0.7730104533627365 0
    outer loop
      vertex -7.900026419435284 -1.4966453021445814 0
      vertex -8.172792206135785 -1.2727922061357857 2.6
      vertex -7.900026419435284 -1.4966453021445814 2.6
    endloop
  endfacet
  facet normal 0.4713967368259974 0.8819212643483552 0
    outer loop
      vertex -7.588830178257162 -1.662983158520316 0
      vertex -7.900026419435284 -1.4966453021445814 0
      vertex -7.900026419435284 -1.4966453021445814 2.6
    endloop
  endfacet
  facet normal 0.4713967368259974 0.8819212643483552 0
    outer loop
      vertex -7.588830178257162 -1.662983158520316 0
      vertex -7.900026419435284 -1.4966453021445814 2.6
      vertex -7.588830178257162 -1.662983158520316 2.6
    endloop
  endfacet
  facet normal 0.29028467725446255 0.9569403357322089 0
    outer loop
      vertex -7.588830178257162 -1.662983158520316 0
      vertex -7.588830178257162 -1.662983158520316 2.6
      vertex -7.251162579629031 -1.7654135047258148 0
    endloop
  endfacet
  facet normal 0.29028467725446255 0.9569403357322089 0
    outer loop
      vertex -7.251162579629031 -1.7654135047258148 0
      vertex -7.588830178257162 -1.662983158520316 2.6
      vertex -7.251162579629031 -1.7654135047258148 2.6
    endloop
  endfacet
  facet normal 0.0980171403295608 0.9951847266721969 0
    outer loop
      vertex -7.251162579629031 -1.7654135047258148 0
      vertex -7.251162579629031 -1.7654135047258148 2.6
      vertex -6.9 -1.8 0
    endloop
  endfacet
  facet normal 0.0980171403295608 0.9951847266721969 0
    outer loop
      vertex -6.9 -1.8 0
      vertex -7.251162579629031 -1.7654135047258148 2.6
      vertex -6.9 -1.8 2.6
    endloop
  endfacet
  facet normal 0.7730104533627375 -0.6343932841636448 0
    outer loop
      vertex -8.39664530214458 1.000026419435284 0
      vertex -8.172792206135785 1.2727922061357857 0
      vertex -8.172792206135785 1.2727922061357857 2.6
    endloop
  endfacet
  facet normal 0.634393284163646 -0.7730104533627365 0
    outer loop
      vertex -8.172792206135785 1.2727922061357857 0
      vertex -7.900026419435284 1.4966453021445814 0
      vertex -7.900026419435284 1.4966453021445814 2.6
    endloop
  endfacet
  facet normal 0.634393284163646 -0.7730104533627365 0
    outer loop
      vertex -8.172792206135785 1.2727922061357857 0
      vertex -7.900026419435284 1.4966453021445814 2.6
      vertex -8.172792206135785 1.2727922061357857 2.6
    endloop
  endfacet
  facet normal 0.4713967368259974 -0.8819212643483552 0
    outer loop
      vertex -7.900026419435284 1.4966453021445814 0
      vertex -7.588830178257162 1.662983158520316 0
      vertex -7.588830178257162 1.662983158520316 2.6
    endloop
  endfacet
  facet normal 0.4713967368259974 -0.8819212643483552 0
    outer loop
      vertex -7.900026419435284 1.4966453021445814 0
      vertex -7.588830178257162 1.662983158520316 2.6
      vertex -7.900026419435284 1.4966453021445814 2.6
    endloop
  endfacet
  facet normal 0.29028467725446255 -0.9569403357322089 0
    outer loop
      vertex -7.588830178257162 1.662983158520316 0
      vertex -7.251162579629031 1.7654135047258148 0
      vertex -7.251162579629031 1.7654135047258148 2.6
    endloop
  endfacet
  facet normal 0.29028467725446255 -0.9569403357322089 0
    outer loop
      vertex -7.588830178257162 1.662983158520316 0
      vertex -7.251162579629031 1.7654135047258148 2.6
      vertex -7.588830178257162 1.662983158520316 2.6
    endloop
  endfacet
  facet normal 0.0980171403295608 -0.9951847266721969 0
    outer loop
      vertex -7.251162579629031 1.7654135047258148 0
      vertex -6.9 1.8 0
      vertex -6.9 1.8 2.6
    endloop
  endfacet
  facet normal 0.0980171403295608 -0.9951847266721969 0
    outer loop
      vertex -7.251162579629031 1.7654135047258148 0
      vertex -6.9 1.8 2.6
      vertex -7.251162579629031 1.7654135047258148 2.6
    endloop
  endfacet
  facet normal -0.0980171403295608 0.9951847266721969 0
    outer loop
      vertex -6.9 -1.8 0
      vertex -6.9 -1.8 2.6
      vertex -6.54883742037097 -1.7654135047258148 0
    endloop
  endfacet
  facet normal -0.0980171403295608 0.9951847266721969 0
    outer loop
      vertex -6.54883742037097 -1.7654135047258148 0
      vertex -6.9 -1.8 2.6
      vertex -6.54883742037097 -1.7654135047258148 2.6
    endloop
  endfacet
  facet normal -0.29028467725446255 0.9569403357322089 0
    outer loop
      vertex -6.54883742037097 -1.7654135047258148 0
      vertex -6.54883742037097 -1.7654135047258148 2.6
      vertex -6.211169821742839 -1.662983158520316 0
    endloop
  endfacet
  facet normal -0.29028467725446255 0.9569403357322089 0
    outer loop
      vertex -6.211169821742839 -1.662983158520316 0
      vertex -6.54883742037097 -1.7654135047258148 2.6
      vertex -6.211169821742839 -1.662983158520316 2.6
    endloop
  endfacet
  facet normal -0.4713967368259974 0.8819212643483552 0
    outer loop
      vertex -6.211169821742839 -1.662983158520316 0
      vertex -6.211169821742839 -1.662983158520316 2.6
      vertex -5.899973580564716 -1.4966453021445814 0
    endloop
  endfacet
  facet normal -0.4713967368259974 0.8819212643483552 0
    outer loop
      vertex -5.899973580564716 -1.4966453021445814 0
      vertex -6.211169821742839 -1.662983158520316 2.6
      vertex -5.899973580564716 -1.4966453021445814 2.6
    endloop
  endfacet
  facet normal -0.6343932841636448 0.7730104533627375 0
    outer loop
      vertex -5.899973580564716 -1.4966453021445814 0
      vertex -5.899973580564716 -1.4966453021445814 2.6
      vertex -5.627207793864215 -1.2727922061357857 0
    endloop
  endfacet
  facet normal -0.7730104533627375 0.6343932841636448 0
    outer loop
      vertex -5.627207793864215 -1.2727922061357857 0
      vertex -5.627207793864215 -1.2727922061357857 2.6
      vertex -5.403354697855419 -1.000026419435284 0
    endloop
  endfacet
  facet normal -0.6343932841636448 0.7730104533627375 0
    outer loop
      vertex -5.627207793864215 -1.2727922061357857 0
      vertex -5.899973580564716 -1.4966453021445814 2.6
      vertex -5.627207793864215 -1.2727922061357857 2.6
    endloop
  endfacet
  facet normal -0.0980171403295608 -0.9951847266721969 0
    outer loop
      vertex -6.9 1.8 0
      vertex -6.54883742037097 1.7654135047258148 0
      vertex -6.54883742037097 1.7654135047258148 2.6
    endloop
  endfacet
  facet normal -0.0980171403295608 -0.9951847266721969 0
    outer loop
      vertex -6.9 1.8 0
      vertex -6.54883742037097 1.7654135047258148 2.6
      vertex -6.9 1.8 2.6
    endloop
  endfacet
  facet normal -0.29028467725446255 -0.9569403357322089 0
    outer loop
      vertex -6.54883742037097 1.7654135047258148 0
      vertex -6.211169821742839 1.662983158520316 0
      vertex -6.211169821742839 1.662983158520316 2.6
    endloop
  endfacet
  facet normal -0.29028467725446255 -0.9569403357322089 0
    outer loop
      vertex -6.54883742037097 1.7654135047258148 0
      vertex -6.211169821742839 1.662983158520316 2.6
      vertex -6.54883742037097 1.7654135047258148 2.6
    endloop
  endfacet
  facet normal -0.7730104533627375 -0.6343932841636448 0
    outer loop
      vertex -5.627207793864215 1.2727922061357857 0
      vertex -5.403354697855419 1.000026419435284 2.6
      vertex -5.627207793864215 1.2727922061357857 2.6
    endloop
  endfacet
  facet normal -0.4713967368259974 -0.8819212643483552 0
    outer loop
      vertex -6.211169821742839 1.662983158520316 0
      vertex -5.899973580564716 1.4966453021445814 0
      vertex -5.899973580564716 1.4966453021445814 2.6
    endloop
  endfacet
  facet normal -0.4713967368259974 -0.8819212643483552 0
    outer loop
      vertex -6.211169821742839 1.662983158520316 0
      vertex -5.899973580564716 1.4966453021445814 2.6
      vertex -6.211169821742839 1.662983158520316 2.6
    endloop
  endfacet
  facet normal -0.6343932841636448 -0.7730104533627375 0
    outer loop
      vertex -5.899973580564716 1.4966453021445814 0
      vertex -5.627207793864215 1.2727922061357857 0
      vertex -5.627207793864215 1.2727922061357857 2.6
    endloop
  endfacet
  facet normal -0.6343932841636448 -0.7730104533627375 0
    outer loop
      vertex -5.899973580564716 1.4966453021445814 0
      vertex -5.627207793864215 1.2727922061357857 2.6
      vertex -5.899973580564716 1.4966453021445814 2.6
    endloop
  endfacet
  facet normal -0.8819212643483554 0.47139673682599675 0
    outer loop
      vertex -5.403354697855419 -1.000026419435284 0
      vertex -5.403354697855419 -1.000026419435284 2.6
      vertex -5.237016841479685 -0.6888301782571616 0
    endloop
  endfacet
  facet normal -0.7730104533627375 0.6343932841636448 0
    outer loop
      vertex -5.627207793864215 -1.2727922061357857 2.6
      vertex -5.403354697855419 -1.000026419435284 2.6
      vertex -5.403354697855419 -1.000026419435284 0
    endloop
  endfacet
  facet normal -0.8819212643483554 0.47139673682599675 0
    outer loop
      vertex -5.237016841479685 -0.6888301782571616 0
      vertex -5.403354697855419 -1.000026419435284 2.6
      vertex -5.237016841479685 -0.6888301782571616 2.6
    endloop
  endfacet
  facet normal -0.9569403357322087 0.29028467725446316 0
    outer loop
      vertex -5.237016841479685 -0.6888301782571616 0
      vertex -5.237016841479685 -0.6888301782571616 2.6
      vertex -5.134586495274186 -0.35116257962903086 0
    endloop
  endfacet
  facet normal -0.9569403357322087 0.29028467725446316 0
    outer loop
      vertex -5.134586495274186 -0.35116257962903086 0
      vertex -5.237016841479685 -0.6888301782571616 2.6
      vertex -5.134586495274186 -0.35116257962903086 2.6
    endloop
  endfacet
  facet normal -0.7730104533627375 -0.6343932841636448 0
    outer loop
      vertex -5.627207793864215 1.2727922061357857 0
      vertex -5.403354697855419 1.000026419435284 0
      vertex -5.403354697855419 1.000026419435284 2.6
    endloop
  endfacet
  facet normal -0.9569403357322087 -0.29028467725446316 0
    outer loop
      vertex -5.237016841479685 0.6888301782571616 0
      vertex -5.134586495274186 0.35116257962903086 0
      vertex -5.134586495274186 0.35116257962903086 2.6
    endloop
  endfacet
  facet normal -0.8819212643483554 -0.47139673682599675 0
    outer loop
      vertex -5.403354697855419 1.000026419435284 0
      vertex -5.237016841479685 0.6888301782571616 0
      vertex -5.237016841479685 0.6888301782571616 2.6
    endloop
  endfacet
  facet normal -0.8819212643483554 -0.47139673682599675 0
    outer loop
      vertex -5.403354697855419 1.000026419435284 0
      vertex -5.237016841479685 0.6888301782571616 2.6
      vertex -5.403354697855419 1.000026419435284 2.6
    endloop
  endfacet
  facet normal -0.9569403357322087 -0.29028467725446316 0
    outer loop
      vertex -5.237016841479685 0.6888301782571616 0
      vertex -5.134586495274186 0.35116257962903086 2.6
      vertex -5.237016841479685 0.6888301782571616 2.6
    endloop
  endfacet
  facet normal -0.9951847266721969 0.0980171403295607 0
    outer loop
      vertex -5.134586495274186 -0.35116257962903086 0
      vertex -5.134586495274186 -0.35116257962903086 2.6
      vertex -5.1000000000000005 0 0
    endloop
  endfacet
  facet normal -0.9951847266721969 -0.0980171403295607 0
    outer loop
      vertex -5.1000000000000005 0 0
      vertex -5.1000000000000005 0 2.6
      vertex -5.134586495274186 0.35116257962903086 0
    endloop
  endfacet
  facet normal -0.9951847266721969 0.0980171403295607 0
    outer loop
      vertex -5.1000000000000005 0 0
      vertex -5.134586495274186 -0.35116257962903086 2.6
      vertex -5.1000000000000005 0 2.6
    endloop
  endfacet
  facet normal -0.9951847266721969 -0.0980171403295607 0
    outer loop
      vertex -5.134586495274186 0.35116257962903086 0
      vertex -5.1000000000000005 0 2.6
      vertex -5.134586495274186 0.35116257962903086 2.6
    endloop
  endfacet
  facet normal 0.8819212643483554 0.47139673682599675 0
    outer loop
      vertex 5.237016841479685 -0.6888301782571616 0
      vertex 5.237016841479685 -0.6888301782571616 2.6
      vertex 5.403354697855419 -1.000026419435284 0
    endloop
  endfacet
  facet normal 0.7730104533627375 0.6343932841636448 0
    outer loop
      vertex 5.403354697855419 -1.000026419435284 0
      vertex 5.403354697855419 -1.000026419435284 2.6
      vertex 5.627207793864215 -1.2727922061357857 0
    endloop
  endfacet
  facet normal 0.8819212643483554 0.47139673682599675 0
    outer loop
      vertex 5.403354697855419 -1.000026419435284 0
      vertex 5.237016841479685 -0.6888301782571616 2.6
      vertex 5.403354697855419 -1.000026419435284 2.6
    endloop
  endfacet
  facet normal 0.9951847266721969 0.0980171403295607 0
    outer loop
      vertex 5.134586495274186 -0.35116257962903086 0
      vertex 5.1000000000000005 0 0
      vertex 5.1000000000000005 0 2.6
    endloop
  endfacet
  facet normal 0.9951847266721969 -0.0980171403295607 0
    outer loop
      vertex 5.1000000000000005 0 0
      vertex 5.134586495274186 0.35116257962903086 0
      vertex 5.134586495274186 0.35116257962903086 2.6
    endloop
  endfacet
  facet normal 0.9951847266721969 0.0980171403295607 0
    outer loop
      vertex 5.134586495274186 -0.35116257962903086 0
      vertex 5.1000000000000005 0 2.6
      vertex 5.134586495274186 -0.35116257962903086 2.6
    endloop
  endfacet
  facet normal 0.9951847266721969 -0.0980171403295607 0
    outer loop
      vertex 5.1000000000000005 0 0
      vertex 5.134586495274186 0.35116257962903086 2.6
      vertex 5.1000000000000005 0 2.6
    endloop
  endfacet
  facet normal 0.9569403357322087 0.29028467725446316 0
    outer loop
      vertex 5.237016841479685 -0.6888301782571616 0
      vertex 5.134586495274186 -0.35116257962903086 0
      vertex 5.134586495274186 -0.35116257962903086 2.6
    endloop
  endfacet
  facet normal 0.9569403357322087 0.29028467725446316 0
    outer loop
      vertex 5.237016841479685 -0.6888301782571616 0
      vertex 5.134586495274186 -0.35116257962903086 2.6
      vertex 5.237016841479685 -0.6888301782571616 2.6
    endloop
  endfacet
  facet normal 0.9569403357322087 -0.29028467725446316 0
    outer loop
      vertex 5.134586495274186 0.35116257962903086 0
      vertex 5.237016841479685 0.6888301782571616 0
      vertex 5.237016841479685 0.6888301782571616 2.6
    endloop
  endfacet
  facet normal 0.8819212643483554 -0.47139673682599675 0
    outer loop
      vertex 5.237016841479685 0.6888301782571616 0
      vertex 5.403354697855419 1.000026419435284 0
      vertex 5.403354697855419 1.000026419435284 2.6
    endloop
  endfacet
  facet normal 0.9569403357322087 -0.29028467725446316 0
    outer loop
      vertex 5.134586495274186 0.35116257962903086 0
      vertex 5.237016841479685 0.6888301782571616 2.6
      vertex 5.134586495274186 0.35116257962903086 2.6
    endloop
  endfacet
  facet normal 0.8819212643483554 -0.47139673682599675 0
    outer loop
      vertex 5.237016841479685 0.6888301782571616 0
      vertex 5.403354697855419 1.000026419435284 2.6
      vertex 5.237016841479685 0.6888301782571616 2.6
    endloop
  endfacet
  facet normal 0.7730104533627375 -0.6343932841636448 0
    outer loop
      vertex 5.403354697855419 1.000026419435284 0
      vertex 5.627207793864215 1.2727922061357857 2.6
      vertex 5.403354697855419 1.000026419435284 2.6
    endloop
  endfacet
  facet normal 0.6343932841636448 0.7730104533627375 0
    outer loop
      vertex 5.627207793864215 -1.2727922061357857 0
      vertex 5.627207793864215 -1.2727922061357857 2.6
      vertex 5.899973580564716 -1.4966453021445814 0
    endloop
  endfacet
  facet normal 0.7730104533627375 0.6343932841636448 0
    outer loop
      vertex 5.403354697855419 -1.000026419435284 2.6
      vertex 5.627207793864215 -1.2727922061357857 2.6
      vertex 5.627207793864215 -1.2727922061357857 0
    endloop
  endfacet
  facet normal 0.6343932841636448 0.7730104533627375 0
    outer loop
      vertex 5.899973580564716 -1.4966453021445814 0
      vertex 5.627207793864215 -1.2727922061357857 2.6
      vertex 5.899973580564716 -1.4966453021445814 2.6
    endloop
  endfacet
  facet normal 0.4713967368259974 0.8819212643483552 0
    outer loop
      vertex 5.899973580564716 -1.4966453021445814 0
      vertex 5.899973580564716 -1.4966453021445814 2.6
      vertex 6.211169821742839 -1.662983158520316 0
    endloop
  endfacet
  facet normal 0.4713967368259974 0.8819212643483552 0
    outer loop
      vertex 6.211169821742839 -1.662983158520316 0
      vertex 5.899973580564716 -1.4966453021445814 2.6
      vertex 6.211169821742839 -1.662983158520316 2.6
    endloop
  endfacet
  facet normal 0.29028467725446255 0.9569403357322089 0
    outer loop
      vertex 6.211169821742839 -1.662983158520316 0
      vertex 6.211169821742839 -1.662983158520316 2.6
      vertex 6.54883742037097 -1.7654135047258148 0
    endloop
  endfacet
  facet normal 0.29028467725446255 0.9569403357322089 0
    outer loop
      vertex 6.54883742037097 -1.7654135047258148 0
      vertex 6.211169821742839 -1.662983158520316 2.6
      vertex 6.54883742037097 -1.7654135047258148 2.6
    endloop
  endfacet
  facet normal 0.0980171403295608 0.9951847266721969 0
    outer loop
      vertex 6.54883742037097 -1.7654135047258148 0
      vertex 6.54883742037097 -1.7654135047258148 2.6
      vertex 6.9 -1.8 0
    endloop
  endfacet
  facet normal 0.0980171403295608 0.9951847266721969 0
    outer loop
      vertex 6.9 -1.8 0
      vertex 6.54883742037097 -1.7654135047258148 2.6
      vertex 6.9 -1.8 2.6
    endloop
  endfacet
  facet normal 0.7730104533627375 -0.6343932841636448 0
    outer loop
      vertex 5.403354697855419 1.000026419435284 0
      vertex 5.627207793864215 1.2727922061357857 0
      vertex 5.627207793864215 1.2727922061357857 2.6
    endloop
  endfacet
  facet normal 0.6343932841636448 -0.7730104533627375 0
    outer loop
      vertex 5.627207793864215 1.2727922061357857 0
      vertex 5.899973580564716 1.4966453021445814 0
      vertex 5.899973580564716 1.4966453021445814 2.6
    endloop
  endfacet
  facet normal 0.6343932841636448 -0.7730104533627375 0
    outer loop
      vertex 5.627207793864215 1.2727922061357857 0
      vertex 5.899973580564716 1.4966453021445814 2.6
      vertex 5.627207793864215 1.2727922061357857 2.6
    endloop
  endfacet
  facet normal 0.4713967368259974 -0.8819212643483552 0
    outer loop
      vertex 5.899973580564716 1.4966453021445814 0
      vertex 6.211169821742839 1.662983158520316 0
      vertex 6.211169821742839 1.662983158520316 2.6
    endloop
  endfacet
  facet normal 0.4713967368259974 -0.8819212643483552 0
    outer loop
      vertex 5.899973580564716 1.4966453021445814 0
      vertex 6.211169821742839 1.662983158520316 2.6
      vertex 5.899973580564716 1.4966453021445814 2.6
    endloop
  endfacet
  facet normal 0.29028467725446255 -0.9569403357322089 0
    outer loop
      vertex 6.211169821742839 1.662983158520316 0
      vertex 6.54883742037097 1.7654135047258148 0
      vertex 6.54883742037097 1.7654135047258148 2.6
    endloop
  endfacet
  facet normal 0.29028467725446255 -0.9569403357322089 0
    outer loop
      vertex 6.211169821742839 1.662983158520316 0
      vertex 6.54883742037097 1.7654135047258148 2.6
      vertex 6.211169821742839 1.662983158520316 2.6
    endloop
  endfacet
  facet normal 0.0980171403295608 -0.9951847266721969 0
    outer loop
      vertex 6.54883742037097 1.7654135047258148 0
      vertex 6.9 1.8 0
      vertex 6.9 1.8 2.6
    endloop
  endfacet
  facet normal 0.0980171403295608 -0.9951847266721969 0
    outer loop
      vertex 6.54883742037097 1.7654135047258148 0
      vertex 6.9 1.8 2.6
      vertex 6.54883742037097 1.7654135047258148 2.6
    endloop
  endfacet
  facet normal -0.0980171403295608 0.9951847266721969 0
    outer loop
      vertex 6.9 -1.8 0
      vertex 6.9 -1.8 2.6
      vertex 7.251162579629031 -1.7654135047258148 0
    endloop
  endfacet
  facet normal -0.0980171403295608 0.9951847266721969 0
    outer loop
      vertex 7.251162579629031 -1.7654135047258148 0
      vertex 6.9 -1.8 2.6
      vertex 7.251162579629031 -1.7654135047258148 2.6
    endloop
  endfacet
  facet normal -0.29028467725446255 0.9569403357322089 0
    outer loop
      vertex 7.251162579629031 -1.7654135047258148 0
      vertex 7.251162579629031 -1.7654135047258148 2.6
      vertex 7.588830178257162 -1.662983158520316 0
    endloop
  endfacet
  facet normal -0.29028467725446255 0.9569403357322089 0
    outer loop
      vertex 7.588830178257162 -1.662983158520316 0
      vertex 7.251162579629031 -1.7654135047258148 2.6
      vertex 7.588830178257162 -1.662983158520316 2.6
    endloop
  endfacet
  facet normal -0.4713967368259974 0.8819212643483552 0
    outer loop
      vertex 7.588830178257162 -1.662983158520316 0
      vertex 7.588830178257162 -1.662983158520316 2.6
      vertex 7.900026419435284 -1.4966453021445814 0
    endloop
  endfacet
  facet normal -0.4713967368259974 0.8819212643483552 0
    outer loop
      vertex 7.900026419435284 -1.4966453021445814 0
      vertex 7.588830178257162 -1.662983158520316 2.6
      vertex 7.900026419435284 -1.4966453021445814 2.6
    endloop
  endfacet
  facet normal -0.634393284163646 0.7730104533627365 0
    outer loop
      vertex 7.900026419435284 -1.4966453021445814 0
      vertex 7.900026419435284 -1.4966453021445814 2.6
      vertex 8.172792206135785 -1.2727922061357857 0
    endloop
  endfacet
  facet normal -0.7730104533627375 0.6343932841636448 0
    outer loop
      vertex 8.172792206135785 -1.2727922061357857 0
      vertex 8.172792206135785 -1.2727922061357857 2.6
      vertex 8.39664530214458 -1.000026419435284 0
    endloop
  endfacet
  facet normal -0.634393284163646 0.7730104533627365 0
    outer loop
      vertex 8.172792206135785 -1.2727922061357857 0
      vertex 7.900026419435284 -1.4966453021445814 2.6
      vertex 8.172792206135785 -1.2727922061357857 2.6
    endloop
  endfacet
  facet normal -0.0980171403295608 -0.9951847266721969 0
    outer loop
      vertex 6.9 1.8 0
      vertex 7.251162579629031 1.7654135047258148 0
      vertex 7.251162579629031 1.7654135047258148 2.6
    endloop
  endfacet
  facet normal -0.0980171403295608 -0.9951847266721969 0
    outer loop
      vertex 6.9 1.8 0
      vertex 7.251162579629031 1.7654135047258148 2.6
      vertex 6.9 1.8 2.6
    endloop
  endfacet
  facet normal -0.29028467725446255 -0.9569403357322089 0
    outer loop
      vertex 7.251162579629031 1.7654135047258148 0
      vertex 7.588830178257162 1.662983158520316 0
      vertex 7.588830178257162 1.662983158520316 2.6
    endloop
  endfacet
  facet normal -0.29028467725446255 -0.9569403357322089 0
    outer loop
      vertex 7.251162579629031 1.7654135047258148 0
      vertex 7.588830178257162 1.662983158520316 2.6
      vertex 7.251162579629031 1.7654135047258148 2.6
    endloop
  endfacet
  facet normal -0.7730104533627375 -0.6343932841636448 0
    outer loop
      vertex 8.172792206135785 1.2727922061357857 0
      vertex 8.39664530214458 1.000026419435284 2.6
      vertex 8.172792206135785 1.2727922061357857 2.6
    endloop
  endfacet
  facet normal -0.4713967368259974 -0.8819212643483552 0
    outer loop
      vertex 7.588830178257162 1.662983158520316 0
      vertex 7.900026419435284 1.4966453021445814 0
      vertex 7.900026419435284 1.4966453021445814 2.6
    endloop
  endfacet
  facet normal -0.4713967368259974 -0.8819212643483552 0
    outer loop
      vertex 7.588830178257162 1.662983158520316 0
      vertex 7.900026419435284 1.4966453021445814 2.6
      vertex 7.588830178257162 1.662983158520316 2.6
    endloop
  endfacet
  facet normal -0.634393284163646 -0.7730104533627365 0
    outer loop
      vertex 7.900026419435284 1.4966453021445814 0
      vertex 8.172792206135785 1.2727922061357857 0
      vertex 8.172792206135785 1.2727922061357857 2.6
    endloop
  endfacet
  facet normal -0.634393284163646 -0.7730104533627365 0
    outer loop
      vertex 7.900026419435284 1.4966453021445814 0
      vertex 8.172792206135785 1.2727922061357857 2.6
      vertex 7.900026419435284 1.4966453021445814 2.6
    endloop
  endfacet
  facet normal -0.8819212643483544 0.47139673682599875 0
    outer loop
      vertex 8.39664530214458 -1.000026419435284 0
      vertex 8.39664530214458 -1.000026419435284 2.6
      vertex 8.562983158520316 -0.6888301782571616 0
    endloop
  endfacet
  facet normal -0.7730104533627375 0.6343932841636448 0
    outer loop
      vertex 8.39664530214458 -1.000026419435284 0
      vertex 8.172792206135785 -1.2727922061357857 2.6
      vertex 8.39664530214458 -1.000026419435284 2.6
    endloop
  endfacet
  facet normal -0.8819212643483544 0.47139673682599875 0
    outer loop
      vertex 8.562983158520316 -0.6888301782571616 0
      vertex 8.39664530214458 -1.000026419435284 2.6
      vertex 8.562983158520316 -0.6888301782571616 2.6
    endloop
  endfacet
  facet normal -0.7730104533627375 -0.6343932841636448 0
    outer loop
      vertex 8.172792206135785 1.2727922061357857 0
      vertex 8.39664530214458 1.000026419435284 0
      vertex 8.39664530214458 1.000026419435284 2.6
    endloop
  endfacet
  facet normal -0.8819212643483544 -0.47139673682599875 0
    outer loop
      vertex 8.39664530214458 1.000026419435284 0
      vertex 8.562983158520316 0.6888301782571616 0
      vertex 8.562983158520316 0.6888301782571616 2.6
    endloop
  endfacet
  facet normal -0.8819212643483544 -0.47139673682599875 0
    outer loop
      vertex 8.39664530214458 1.000026419435284 0
      vertex 8.562983158520316 0.6888301782571616 2.6
      vertex 8.39664530214458 1.000026419435284 2.6
    endloop
  endfacet
  facet normal -0.9569403357322079 0.29028467725446544 0
    outer loop
      vertex 8.562983158520316 -0.6888301782571616 0
      vertex 8.562983158520316 -0.6888301782571616 2.6
      vertex 8.665413504725816 -0.35116257962903086 0
    endloop
  endfacet
  facet normal -0.9951847266721969 0.0980171403295607 0
    outer loop
      vertex 8.665413504725816 -0.35116257962903086 0
      vertex 8.665413504725816 -0.35116257962903086 2.6
      vertex 8.700000000000001 0 0
    endloop
  endfacet
  facet normal -0.9951847266721969 -0.0980171403295607 0
    outer loop
      vertex 8.700000000000001 0 0
      vertex 8.700000000000001 0 2.6
      vertex 8.665413504725816 0.35116257962903086 0
    endloop
  endfacet
  facet normal -0.9569403357322079 0.29028467725446544 0
    outer loop
      vertex 8.665413504725816 -0.35116257962903086 0
      vertex 8.562983158520316 -0.6888301782571616 2.6
      vertex 8.665413504725816 -0.35116257962903086 2.6
    endloop
  endfacet
  facet normal -0.9951847266721969 -0.0980171403295607 0
    outer loop
      vertex 8.665413504725816 0.35116257962903086 0
      vertex 8.700000000000001 0 2.6
      vertex 8.665413504725816 0.35116257962903086 2.6
    endloop
  endfacet
  facet normal -0.9951847266721969 0.0980171403295607 0
    outer loop
      vertex 8.700000000000001 0 0
      vertex 8.665413504725816 -0.35116257962903086 2.6
      vertex 8.700000000000001 0 2.6
    endloop
  endfacet
  facet normal -0.9569403357322079 -0.29028467725446544 0
    outer loop
      vertex 8.562983158520316 0.6888301782571616 0
      vertex 8.665413504725816 0.35116257962903086 0
      vertex 8.665413504725816 0.35116257962903086 2.6
    endloop
  endfacet
  facet normal -0.9569403357322079 -0.29028467725446544 0
    outer loop
      vertex 8.562983158520316 0.6888301782571616 0
      vertex 8.665413504725816 0.35116257962903086 2.6
      vertex 8.562983158520316 0.6888301782571616 2.6
    endloop
  endfacet
  facet normal 0.9569403357322089 0.29028467725446255 0
    outer loop
      vertex -1.7654135047258148 -7.251162579629031 0
      vertex -1.7654135047258148 -7.251162579629031 2.6
      vertex -1.662983158520316 -7.588830178257162 0
    endloop
  endfacet
  facet normal 0.9951847266721969 0.0980171403295608 0
    outer loop
      vertex -1.7654135047258148 -7.251162579629031 0
      vertex -1.8 -6.9 0
      vertex -1.8 -6.9 2.6
    endloop
  endfacet
  facet normal 0.9951847266721969 -0.0980171403295608 0
    outer loop
      vertex -1.8 -6.9 0
      vertex -1.7654135047258148 -6.54883742037097 0
      vertex -1.7654135047258148 -6.54883742037097 2.6
    endloop
  endfacet
  facet normal 0.9951847266721969 0.0980171403295608 0
    outer loop
      vertex -1.7654135047258148 -7.251162579629031 0
      vertex -1.8 -6.9 2.6
      vertex -1.7654135047258148 -7.251162579629031 2.6
    endloop
  endfacet
  facet normal 0.9951847266721969 -0.0980171403295608 0
    outer loop
      vertex -1.8 -6.9 0
      vertex -1.7654135047258148 -6.54883742037097 2.6
      vertex -1.8 -6.9 2.6
    endloop
  endfacet
  facet normal 0.8819212643483552 0.4713967368259974 0
    outer loop
      vertex -1.662983158520316 -7.588830178257162 0
      vertex -1.662983158520316 -7.588830178257162 2.6
      vertex -1.4966453021445814 -7.900026419435284 0
    endloop
  endfacet
  facet normal 0.7730104533627365 0.634393284163646 0
    outer loop
      vertex -1.4966453021445814 -7.900026419435284 0
      vertex -1.4966453021445814 -7.900026419435284 2.6
      vertex -1.2727922061357857 -8.172792206135785 0
    endloop
  endfacet
  facet normal 0.9569403357322089 0.29028467725446255 0
    outer loop
      vertex -1.662983158520316 -7.588830178257162 0
      vertex -1.7654135047258148 -7.251162579629031 2.6
      vertex -1.662983158520316 -7.588830178257162 2.6
    endloop
  endfacet
  facet normal 0.8819212643483552 0.4713967368259974 0
    outer loop
      vertex -1.4966453021445814 -7.900026419435284 0
      vertex -1.662983158520316 -7.588830178257162 2.6
      vertex -1.4966453021445814 -7.900026419435284 2.6
    endloop
  endfacet
  facet normal 0.9569403357322089 -0.29028467725446255 0
    outer loop
      vertex -1.7654135047258148 -6.54883742037097 0
      vertex -1.662983158520316 -6.211169821742839 2.6
      vertex -1.7654135047258148 -6.54883742037097 2.6
    endloop
  endfacet
  facet normal 0.9569403357322089 -0.29028467725446255 0
    outer loop
      vertex -1.7654135047258148 -6.54883742037097 0
      vertex -1.662983158520316 -6.211169821742839 0
      vertex -1.662983158520316 -6.211169821742839 2.6
    endloop
  endfacet
  facet normal 0.8819212643483552 -0.4713967368259974 0
    outer loop
      vertex -1.662983158520316 -6.211169821742839 0
      vertex -1.4966453021445814 -5.899973580564716 0
      vertex -1.4966453021445814 -5.899973580564716 2.6
    endloop
  endfacet
  facet normal 0.8819212643483552 -0.4713967368259974 0
    outer loop
      vertex -1.662983158520316 -6.211169821742839 0
      vertex -1.4966453021445814 -5.899973580564716 2.6
      vertex -1.662983158520316 -6.211169821742839 2.6
    endloop
  endfacet
  facet normal 0.7730104533627375 -0.6343932841636448 0
    outer loop
      vertex -1.4966453021445814 -5.899973580564716 0
      vertex -1.2727922061357857 -5.627207793864215 2.6
      vertex -1.4966453021445814 -5.899973580564716 2.6
    endloop
  endfacet
  facet normal 0.47139673682599875 0.8819212643483544 0
    outer loop
      vertex -0.6888301782571616 -8.562983158520316 0
      vertex -1.000026419435284 -8.39664530214458 0
      vertex -1.000026419435284 -8.39664530214458 2.6
    endloop
  endfacet
  facet normal 0.47139673682599875 0.8819212643483544 0
    outer loop
      vertex -0.6888301782571616 -8.562983158520316 0
      vertex -1.000026419435284 -8.39664530214458 2.6
      vertex -0.6888301782571616 -8.562983158520316 2.6
    endloop
  endfacet
  facet normal 0.29028467725446544 0.9569403357322079 0
    outer loop
      vertex -0.6888301782571616 -8.562983158520316 0
      vertex -0.6888301782571616 -8.562983158520316 2.6
      vertex -0.35116257962903086 -8.665413504725816 0
    endloop
  endfacet
  facet normal 0.29028467725446544 0.9569403357322079 0
    outer loop
      vertex -0.35116257962903086 -8.665413504725816 0
      vertex -0.6888301782571616 -8.562983158520316 2.6
      vertex -0.35116257962903086 -8.665413504725816 2.6
    endloop
  endfacet
  facet normal 0.0980171403295607 0.9951847266721969 0
    outer loop
      vertex -0.35116257962903086 -8.665413504725816 0
      vertex -0.35116257962903086 -8.665413504725816 2.6
      vertex 0 -8.700000000000001 0
    endloop
  endfacet
  facet normal 0.0980171403295607 0.9951847266721969 0
    outer loop
      vertex -0.35116257962903086 -8.665413504725816 2.6
      vertex 0 -8.700000000000001 2.6
      vertex 0 -8.700000000000001 0
    endloop
  endfacet
  facet normal 0.6343932841636448 0.7730104533627375 0
    outer loop
      vertex -1.2727922061357857 -8.172792206135785 0
      vertex -1.2727922061357857 -8.172792206135785 2.6
      vertex -1.000026419435284 -8.39664530214458 0
    endloop
  endfacet
  facet normal 0.7730104533627365 0.634393284163646 0
    outer loop
      vertex -1.2727922061357857 -8.172792206135785 0
      vertex -1.4966453021445814 -7.900026419435284 2.6
      vertex -1.2727922061357857 -8.172792206135785 2.6
    endloop
  endfacet
  facet normal 0.6343932841636448 0.7730104533627375 0
    outer loop
      vertex -1.000026419435284 -8.39664530214458 0
      vertex -1.2727922061357857 -8.172792206135785 2.6
      vertex -1.000026419435284 -8.39664530214458 2.6
    endloop
  endfacet
  facet normal 0.7730104533627375 -0.6343932841636448 0
    outer loop
      vertex -1.4966453021445814 -5.899973580564716 0
      vertex -1.2727922061357857 -5.627207793864215 0
      vertex -1.2727922061357857 -5.627207793864215 2.6
    endloop
  endfacet
  facet normal 0.6343932841636448 -0.7730104533627375 0
    outer loop
      vertex -1.2727922061357857 -5.627207793864215 0
      vertex -1.000026419435284 -5.403354697855419 2.6
      vertex -1.2727922061357857 -5.627207793864215 2.6
    endloop
  endfacet
  facet normal 0.6343932841636448 -0.7730104533627375 0
    outer loop
      vertex -1.2727922061357857 -5.627207793864215 0
      vertex -1.000026419435284 -5.403354697855419 0
      vertex -1.000026419435284 -5.403354697855419 2.6
    endloop
  endfacet
  facet normal 0.47139673682599675 -0.8819212643483554 0
    outer loop
      vertex -1.000026419435284 -5.403354697855419 0
      vertex -0.6888301782571616 -5.237016841479685 0
      vertex -0.6888301782571616 -5.237016841479685 2.6
    endloop
  endfacet
  facet normal 0.47139673682599675 -0.8819212643483554 0
    outer loop
      vertex -1.000026419435284 -5.403354697855419 0
      vertex -0.6888301782571616 -5.237016841479685 2.6
      vertex -1.000026419435284 -5.403354697855419 2.6
    endloop
  endfacet
  facet normal 0.29028467725446316 -0.9569403357322087 0
    outer loop
      vertex -0.6888301782571616 -5.237016841479685 0
      vertex -0.35116257962903086 -5.134586495274186 0
      vertex -0.35116257962903086 -5.134586495274186 2.6
    endloop
  endfacet
  facet normal 0.29028467725446316 -0.9569403357322087 0
    outer loop
      vertex -0.6888301782571616 -5.237016841479685 0
      vertex -0.35116257962903086 -5.134586495274186 2.6
      vertex -0.6888301782571616 -5.237016841479685 2.6
    endloop
  endfacet
  facet normal 0.0980171403295607 -0.9951847266721969 0
    outer loop
      vertex -0.35116257962903086 -5.134586495274186 0
      vertex 0 -5.1000000000000005 0
      vertex 0 -5.1000000000000005 2.6
    endloop
  endfacet
  facet normal 0.0980171403295607 -0.9951847266721969 0
    outer loop
      vertex -0.35116257962903086 -5.134586495274186 0
      vertex 0 -5.1000000000000005 2.6
      vertex -0.35116257962903086 -5.134586495274186 2.6
    endloop
  endfacet
  facet normal -0.0980171403295607 0.9951847266721969 0
    outer loop
      vertex 0 -8.700000000000001 0
      vertex 0 -8.700000000000001 2.6
      vertex 0.35116257962903086 -8.665413504725816 0
    endloop
  endfacet
  facet normal -0.0980171403295607 0.9951847266721969 0
    outer loop
      vertex 0.35116257962903086 -8.665413504725816 0
      vertex 0 -8.700000000000001 2.6
      vertex 0.35116257962903086 -8.665413504725816 2.6
    endloop
  endfacet
  facet normal -0.29028467725446544 0.9569403357322079 0
    outer loop
      vertex 0.35116257962903086 -8.665413504725816 0
      vertex 0.35116257962903086 -8.665413504725816 2.6
      vertex 0.6888301782571616 -8.562983158520316 0
    endloop
  endfacet
  facet normal -0.29028467725446544 0.9569403357322079 0
    outer loop
      vertex 0.6888301782571616 -8.562983158520316 0
      vertex 0.35116257962903086 -8.665413504725816 2.6
      vertex 0.6888301782571616 -8.562983158520316 2.6
    endloop
  endfacet
  facet normal -0.47139673682599875 0.8819212643483544 0
    outer loop
      vertex 0.6888301782571616 -8.562983158520316 0
      vertex 0.6888301782571616 -8.562983158520316 2.6
      vertex 1.000026419435284 -8.39664530214458 0
    endloop
  endfacet
  facet normal -0.47139673682599875 0.8819212643483544 0
    outer loop
      vertex 1.000026419435284 -8.39664530214458 0
      vertex 0.6888301782571616 -8.562983158520316 2.6
      vertex 1.000026419435284 -8.39664530214458 2.6
    endloop
  endfacet
  facet normal -0.0980171403295607 -0.9951847266721969 0
    outer loop
      vertex 0 -5.1000000000000005 0
      vertex 0.35116257962903086 -5.134586495274186 0
      vertex 0.35116257962903086 -5.134586495274186 2.6
    endloop
  endfacet
  facet normal -0.0980171403295607 -0.9951847266721969 0
    outer loop
      vertex 0 -5.1000000000000005 0
      vertex 0.35116257962903086 -5.134586495274186 2.6
      vertex 0 -5.1000000000000005 2.6
    endloop
  endfacet
  facet normal -0.29028467725446316 -0.9569403357322087 0
    outer loop
      vertex 0.35116257962903086 -5.134586495274186 0
      vertex 0.6888301782571616 -5.237016841479685 0
      vertex 0.6888301782571616 -5.237016841479685 2.6
    endloop
  endfacet
  facet normal -0.29028467725446316 -0.9569403357322087 0
    outer loop
      vertex 0.35116257962903086 -5.134586495274186 0
      vertex 0.6888301782571616 -5.237016841479685 2.6
      vertex 0.35116257962903086 -5.134586495274186 2.6
    endloop
  endfacet
  facet normal -0.6343932841636448 0.7730104533627375 0
    outer loop
      vertex 1.000026419435284 -8.39664530214458 0
      vertex 1.000026419435284 -8.39664530214458 2.6
      vertex 1.2727922061357857 -8.172792206135785 0
    endloop
  endfacet
  facet normal -0.7730104533627365 0.634393284163646 0
    outer loop
      vertex 1.2727922061357857 -8.172792206135785 0
      vertex 1.2727922061357857 -8.172792206135785 2.6
      vertex 1.4966453021445814 -7.900026419435284 0
    endloop
  endfacet
  facet normal -0.6343932841636448 0.7730104533627375 0
    outer loop
      vertex 1.2727922061357857 -8.172792206135785 0
      vertex 1.000026419435284 -8.39664530214458 2.6
      vertex 1.2727922061357857 -8.172792206135785 2.6
    endloop
  endfacet
  facet normal -0.47139673682599675 -0.8819212643483554 0
    outer loop
      vertex 0.6888301782571616 -5.237016841479685 0
      vertex 1.000026419435284 -5.403354697855419 0
      vertex 1.000026419435284 -5.403354697855419 2.6
    endloop
  endfacet
  facet normal -0.47139673682599675 -0.8819212643483554 0
    outer loop
      vertex 0.6888301782571616 -5.237016841479685 0
      vertex 1.000026419435284 -5.403354697855419 2.6
      vertex 0.6888301782571616 -5.237016841479685 2.6
    endloop
  endfacet
  facet normal -0.6343932841636448 -0.7730104533627375 0
    outer loop
      vertex 1.000026419435284 -5.403354697855419 0
      vertex 1.2727922061357857 -5.627207793864215 0
      vertex 1.2727922061357857 -5.627207793864215 2.6
    endloop
  endfacet
  facet normal -0.7730104533627375 -0.6343932841636448 0
    outer loop
      vertex 1.2727922061357857 -5.627207793864215 0
      vertex 1.4966453021445814 -5.899973580564716 2.6
      vertex 1.2727922061357857 -5.627207793864215 2.6
    endloop
  endfacet
  facet normal -0.6343932841636448 -0.7730104533627375 0
    outer loop
      vertex 1.000026419435284 -5.403354697855419 0
      vertex 1.2727922061357857 -5.627207793864215 2.6
      vertex 1.000026419435284 -5.403354697855419 2.6
    endloop
  endfacet
  facet normal -0.8819212643483552 0.4713967368259974 0
    outer loop
      vertex 1.4966453021445814 -7.900026419435284 0
      vertex 1.4966453021445814 -7.900026419435284 2.6
      vertex 1.662983158520316 -7.588830178257162 0
    endloop
  endfacet
  facet normal -0.9569403357322089 0.29028467725446255 0
    outer loop
      vertex 1.662983158520316 -7.588830178257162 0
      vertex 1.662983158520316 -7.588830178257162 2.6
      vertex 1.7654135047258148 -7.251162579629031 0
    endloop
  endfacet
  facet normal -0.7730104533627365 0.634393284163646 0
    outer loop
      vertex 1.4966453021445814 -7.900026419435284 0
      vertex 1.2727922061357857 -8.172792206135785 2.6
      vertex 1.4966453021445814 -7.900026419435284 2.6
    endloop
  endfacet
  facet normal -0.8819212643483552 0.4713967368259974 0
    outer loop
      vertex 1.662983158520316 -7.588830178257162 0
      vertex 1.4966453021445814 -7.900026419435284 2.6
      vertex 1.662983158520316 -7.588830178257162 2.6
    endloop
  endfacet
  facet normal -0.9951847266721969 0.0980171403295608 0
    outer loop
      vertex 1.7654135047258148 -7.251162579629031 0
      vertex 1.7654135047258148 -7.251162579629031 2.6
      vertex 1.8 -6.9 0
    endloop
  endfacet
  facet normal -0.9951847266721969 -0.0980171403295608 0
    outer loop
      vertex 1.8 -6.9 0
      vertex 1.8 -6.9 2.6
      vertex 1.7654135047258148 -6.54883742037097 0
    endloop
  endfacet
  facet normal -0.9569403357322089 0.29028467725446255 0
    outer loop
      vertex 1.7654135047258148 -7.251162579629031 0
      vertex 1.662983158520316 -7.588830178257162 2.6
      vertex 1.7654135047258148 -7.251162579629031 2.6
    endloop
  endfacet
  facet normal -0.9951847266721969 0.0980171403295608 0
    outer loop
      vertex 1.8 -6.9 0
      vertex 1.7654135047258148 -7.251162579629031 2.6
      vertex 1.8 -6.9 2.6
    endloop
  endfacet
  facet normal -0.9951847266721969 -0.0980171403295608 0
    outer loop
      vertex 1.7654135047258148 -6.54883742037097 0
      vertex 1.8 -6.9 2.6
      vertex 1.7654135047258148 -6.54883742037097 2.6
    endloop
  endfacet
  facet normal -0.7730104533627375 -0.6343932841636448 0
    outer loop
      vertex 1.2727922061357857 -5.627207793864215 0
      vertex 1.4966453021445814 -5.899973580564716 0
      vertex 1.4966453021445814 -5.899973580564716 2.6
    endloop
  endfacet
  facet normal -0.8819212643483552 -0.4713967368259974 0
    outer loop
      vertex 1.4966453021445814 -5.899973580564716 0
      vertex 1.662983158520316 -6.211169821742839 0
      vertex 1.662983158520316 -6.211169821742839 2.6
    endloop
  endfacet
  facet normal -0.8819212643483552 -0.4713967368259974 0
    outer loop
      vertex 1.4966453021445814 -5.899973580564716 0
      vertex 1.662983158520316 -6.211169821742839 2.6
      vertex 1.4966453021445814 -5.899973580564716 2.6
    endloop
  endfacet
  facet normal -0.9569403357322089 -0.29028467725446255 0
    outer loop
      vertex 1.662983158520316 -6.211169821742839 0
      vertex 1.7654135047258148 -6.54883742037097 2.6
      vertex 1.662983158520316 -6.211169821742839 2.6
    endloop
  endfacet
  facet normal -0.9569403357322089 -0.29028467725446255 0
    outer loop
      vertex 1.7654135047258148 -6.54883742037097 0
      vertex 1.7654135047258148 -6.54883742037097 2.6
      vertex 1.662983158520316 -6.211169821742839 0
    endloop
  endfacet
  facet normal 0.9569403357322089 0.29028467725446255 0
    outer loop
      vertex -1.7654135047258148 6.54883742037097 0
      vertex -1.7654135047258148 6.54883742037097 2.6
      vertex -1.662983158520316 6.211169821742839 0
    endloop
  endfacet
  facet normal 0.9951847266721969 0.0980171403295608 0
    outer loop
      vertex -1.7654135047258148 6.54883742037097 0
      vertex -1.8 6.9 0
      vertex -1.8 6.9 2.6
    endloop
  endfacet
  facet normal 0.9951847266721969 0.0980171403295608 0
    outer loop
      vertex -1.7654135047258148 6.54883742037097 0
      vertex -1.8 6.9 2.6
      vertex -1.7654135047258148 6.54883742037097 2.6
    endloop
  endfacet
  facet normal 0.9951847266721969 -0.0980171403295608 0
    outer loop
      vertex -1.8 6.9 0
      vertex -1.7654135047258148 7.251162579629031 2.6
      vertex -1.8 6.9 2.6
    endloop
  endfacet
  facet normal 0.7730104533627375 0.6343932841636448 0
    outer loop
      vertex -1.4966453021445814 5.899973580564716 0
      vertex -1.4966453021445814 5.899973580564716 2.6
      vertex -1.2727922061357857 5.627207793864215 0
    endloop
  endfacet
  facet normal 0.8819212643483552 0.4713967368259974 0
    outer loop
      vertex -1.4966453021445814 5.899973580564716 0
      vertex -1.662983158520316 6.211169821742839 2.6
      vertex -1.4966453021445814 5.899973580564716 2.6
    endloop
  endfacet
  facet normal 0.8819212643483552 0.4713967368259974 0
    outer loop
      vertex -1.4966453021445814 5.899973580564716 0
      vertex -1.662983158520316 6.211169821742839 0
      vertex -1.662983158520316 6.211169821742839 2.6
    endloop
  endfacet
  facet normal 0.9569403357322089 0.29028467725446255 0
    outer loop
      vertex -1.662983158520316 6.211169821742839 0
      vertex -1.7654135047258148 6.54883742037097 2.6
      vertex -1.662983158520316 6.211169821742839 2.6
    endloop
  endfacet
  facet normal 0.9951847266721969 -0.0980171403295608 0
    outer loop
      vertex -1.8 6.9 0
      vertex -1.7654135047258148 7.251162579629031 0
      vertex -1.7654135047258148 7.251162579629031 2.6
    endloop
  endfacet
  facet normal 0.9569403357322089 -0.29028467725446255 0
    outer loop
      vertex -1.7654135047258148 7.251162579629031 0
      vertex -1.662983158520316 7.588830178257162 2.6
      vertex -1.7654135047258148 7.251162579629031 2.6
    endloop
  endfacet
  facet normal 0.9569403357322089 -0.29028467725446255 0
    outer loop
      vertex -1.7654135047258148 7.251162579629031 0
      vertex -1.662983158520316 7.588830178257162 0
      vertex -1.662983158520316 7.588830178257162 2.6
    endloop
  endfacet
  facet normal 0.8819212643483552 -0.4713967368259974 0
    outer loop
      vertex -1.662983158520316 7.588830178257162 0
      vertex -1.4966453021445814 7.900026419435284 0
      vertex -1.4966453021445814 7.900026419435284 2.6
    endloop
  endfacet
  facet normal 0.8819212643483552 -0.4713967368259974 0
    outer loop
      vertex -1.662983158520316 7.588830178257162 0
      vertex -1.4966453021445814 7.900026419435284 2.6
      vertex -1.662983158520316 7.588830178257162 2.6
    endloop
  endfacet
  facet normal 0.7730104533627365 -0.634393284163646 0
    outer loop
      vertex -1.4966453021445814 7.900026419435284 0
      vertex -1.2727922061357857 8.172792206135785 2.6
      vertex -1.4966453021445814 7.900026419435284 2.6
    endloop
  endfacet
  facet normal 0.6343932841636448 0.7730104533627375 0
    outer loop
      vertex -1.2727922061357857 5.627207793864215 0
      vertex -1.2727922061357857 5.627207793864215 2.6
      vertex -1.000026419435284 5.403354697855419 0
    endloop
  endfacet
  facet normal 0.7730104533627375 0.6343932841636448 0
    outer loop
      vertex -1.2727922061357857 5.627207793864215 0
      vertex -1.4966453021445814 5.899973580564716 2.6
      vertex -1.2727922061357857 5.627207793864215 2.6
    endloop
  endfacet
  facet normal 0.6343932841636448 0.7730104533627375 0
    outer loop
      vertex -1.000026419435284 5.403354697855419 0
      vertex -1.2727922061357857 5.627207793864215 2.6
      vertex -1.000026419435284 5.403354697855419 2.6
    endloop
  endfacet
  facet normal 0.47139673682599675 0.8819212643483554 0
    outer loop
      vertex -1.000026419435284 5.403354697855419 0
      vertex -1.000026419435284 5.403354697855419 2.6
      vertex -0.6888301782571616 5.237016841479685 0
    endloop
  endfacet
  facet normal 0.47139673682599675 0.8819212643483554 0
    outer loop
      vertex -0.6888301782571616 5.237016841479685 0
      vertex -1.000026419435284 5.403354697855419 2.6
      vertex -0.6888301782571616 5.237016841479685 2.6
    endloop
  endfacet
  facet normal 0.0980171403295607 0.9951847266721969 0
    outer loop
      vertex -0.35116257962903086 5.134586495274186 0
      vertex -0.35116257962903086 5.134586495274186 2.6
      vertex 0 5.1000000000000005 0
    endloop
  endfacet
  facet normal 0.0980171403295607 0.9951847266721969 0
    outer loop
      vertex -0.35116257962903086 5.134586495274186 2.6
      vertex 0 5.1000000000000005 2.6
      vertex 0 5.1000000000000005 0
    endloop
  endfacet
  facet normal 0.29028467725446316 0.9569403357322087 0
    outer loop
      vertex -0.6888301782571616 5.237016841479685 0
      vertex -0.6888301782571616 5.237016841479685 2.6
      vertex -0.35116257962903086 5.134586495274186 0
    endloop
  endfacet
  facet normal 0.29028467725446316 0.9569403357322087 0
    outer loop
      vertex -0.35116257962903086 5.134586495274186 0
      vertex -0.6888301782571616 5.237016841479685 2.6
      vertex -0.35116257962903086 5.134586495274186 2.6
    endloop
  endfacet
  facet normal 0.7730104533627365 -0.634393284163646 0
    outer loop
      vertex -1.4966453021445814 7.900026419435284 0
      vertex -1.2727922061357857 8.172792206135785 0
      vertex -1.2727922061357857 8.172792206135785 2.6
    endloop
  endfacet
  facet normal 0.6343932841636448 -0.7730104533627375 0
    outer loop
      vertex -1.2727922061357857 8.172792206135785 0
      vertex -1.000026419435284 8.39664530214458 0
      vertex -1.000026419435284 8.39664530214458 2.6
    endloop
  endfacet
  facet normal 0.6343932841636448 -0.7730104533627375 0
    outer loop
      vertex -1.2727922061357857 8.172792206135785 0
      vertex -1.000026419435284 8.39664530214458 2.6
      vertex -1.2727922061357857 8.172792206135785 2.6
    endloop
  endfacet
  facet normal 0.47139673682599875 -0.8819212643483544 0
    outer loop
      vertex -1.000026419435284 8.39664530214458 0
      vertex -0.6888301782571616 8.562983158520316 0
      vertex -0.6888301782571616 8.562983158520316 2.6
    endloop
  endfacet
  facet normal 0.47139673682599875 -0.8819212643483544 0
    outer loop
      vertex -1.000026419435284 8.39664530214458 0
      vertex -0.6888301782571616 8.562983158520316 2.6
      vertex -1.000026419435284 8.39664530214458 2.6
    endloop
  endfacet
  facet normal 0.29028467725446544 -0.9569403357322079 0
    outer loop
      vertex -0.6888301782571616 8.562983158520316 0
      vertex -0.35116257962903086 8.665413504725816 0
      vertex -0.35116257962903086 8.665413504725816 2.6
    endloop
  endfacet
  facet normal 0.29028467725446544 -0.9569403357322079 0
    outer loop
      vertex -0.6888301782571616 8.562983158520316 0
      vertex -0.35116257962903086 8.665413504725816 2.6
      vertex -0.6888301782571616 8.562983158520316 2.6
    endloop
  endfacet
  facet normal 0.0980171403295607 -0.9951847266721969 0
    outer loop
      vertex -0.35116257962903086 8.665413504725816 0
      vertex 0 8.700000000000001 0
      vertex 0 8.700000000000001 2.6
    endloop
  endfacet
  facet normal 0.0980171403295607 -0.9951847266721969 0
    outer loop
      vertex -0.35116257962903086 8.665413504725816 0
      vertex 0 8.700000000000001 2.6
      vertex -0.35116257962903086 8.665413504725816 2.6
    endloop
  endfacet
  facet normal -0.0980171403295607 0.9951847266721969 0
    outer loop
      vertex 0 5.1000000000000005 0
      vertex 0 5.1000000000000005 2.6
      vertex 0.35116257962903086 5.134586495274186 0
    endloop
  endfacet
  facet normal -0.0980171403295607 0.9951847266721969 0
    outer loop
      vertex 0.35116257962903086 5.134586495274186 0
      vertex 0 5.1000000000000005 2.6
      vertex 0.35116257962903086 5.134586495274186 2.6
    endloop
  endfacet
  facet normal -0.29028467725446316 0.9569403357322087 0
    outer loop
      vertex 0.35116257962903086 5.134586495274186 0
      vertex 0.35116257962903086 5.134586495274186 2.6
      vertex 0.6888301782571616 5.237016841479685 0
    endloop
  endfacet
  facet normal -0.29028467725446316 0.9569403357322087 0
    outer loop
      vertex 0.6888301782571616 5.237016841479685 0
      vertex 0.35116257962903086 5.134586495274186 2.6
      vertex 0.6888301782571616 5.237016841479685 2.6
    endloop
  endfacet
  facet normal -0.47139673682599675 0.8819212643483554 0
    outer loop
      vertex 0.6888301782571616 5.237016841479685 0
      vertex 0.6888301782571616 5.237016841479685 2.6
      vertex 1.000026419435284 5.403354697855419 0
    endloop
  endfacet
  facet normal -0.47139673682599675 0.8819212643483554 0
    outer loop
      vertex 1.000026419435284 5.403354697855419 0
      vertex 0.6888301782571616 5.237016841479685 2.6
      vertex 1.000026419435284 5.403354697855419 2.6
    endloop
  endfacet
  facet normal -0.6343932841636448 0.7730104533627375 0
    outer loop
      vertex 1.000026419435284 5.403354697855419 0
      vertex 1.000026419435284 5.403354697855419 2.6
      vertex 1.2727922061357857 5.627207793864215 0
    endloop
  endfacet
  facet normal -0.7730104533627375 0.6343932841636448 0
    outer loop
      vertex 1.2727922061357857 5.627207793864215 0
      vertex 1.2727922061357857 5.627207793864215 2.6
      vertex 1.4966453021445814 5.899973580564716 0
    endloop
  endfacet
  facet normal -0.6343932841636448 0.7730104533627375 0
    outer loop
      vertex 1.2727922061357857 5.627207793864215 0
      vertex 1.000026419435284 5.403354697855419 2.6
      vertex 1.2727922061357857 5.627207793864215 2.6
    endloop
  endfacet
  facet normal -0.0980171403295607 -0.9951847266721969 0
    outer loop
      vertex 0 8.700000000000001 0
      vertex 0.35116257962903086 8.665413504725816 0
      vertex 0.35116257962903086 8.665413504725816 2.6
    endloop
  endfacet
  facet normal -0.0980171403295607 -0.9951847266721969 0
    outer loop
      vertex 0 8.700000000000001 0
      vertex 0.35116257962903086 8.665413504725816 2.6
      vertex 0 8.700000000000001 2.6
    endloop
  endfacet
  facet normal -0.29028467725446544 -0.9569403357322079 0
    outer loop
      vertex 0.35116257962903086 8.665413504725816 0
      vertex 0.6888301782571616 8.562983158520316 0
      vertex 0.6888301782571616 8.562983158520316 2.6
    endloop
  endfacet
  facet normal -0.29028467725446544 -0.9569403357322079 0
    outer loop
      vertex 0.35116257962903086 8.665413504725816 0
      vertex 0.6888301782571616 8.562983158520316 2.6
      vertex 0.35116257962903086 8.665413504725816 2.6
    endloop
  endfacet
  facet normal -0.47139673682599875 -0.8819212643483544 0
    outer loop
      vertex 0.6888301782571616 8.562983158520316 0
      vertex 1.000026419435284 8.39664530214458 0
      vertex 1.000026419435284 8.39664530214458 2.6
    endloop
  endfacet
  facet normal -0.47139673682599875 -0.8819212643483544 0
    outer loop
      vertex 0.6888301782571616 8.562983158520316 0
      vertex 1.000026419435284 8.39664530214458 2.6
      vertex 0.6888301782571616 8.562983158520316 2.6
    endloop
  endfacet
  facet normal -0.6343932841636448 -0.7730104533627375 0
    outer loop
      vertex 1.000026419435284 8.39664530214458 0
      vertex 1.2727922061357857 8.172792206135785 0
      vertex 1.2727922061357857 8.172792206135785 2.6
    endloop
  endfacet
  facet normal -0.6343932841636448 -0.7730104533627375 0
    outer loop
      vertex 1.000026419435284 8.39664530214458 0
      vertex 1.2727922061357857 8.172792206135785 2.6
      vertex 1.000026419435284 8.39664530214458 2.6
    endloop
  endfacet
  facet normal -0.7730104533627365 -0.634393284163646 0
    outer loop
      vertex 1.2727922061357857 8.172792206135785 0
      vertex 1.4966453021445814 7.900026419435284 2.6
      vertex 1.2727922061357857 8.172792206135785 2.6
    endloop
  endfacet
  facet normal -0.8819212643483552 0.4713967368259974 0
    outer loop
      vertex 1.4966453021445814 5.899973580564716 0
      vertex 1.4966453021445814 5.899973580564716 2.6
      vertex 1.662983158520316 6.211169821742839 0
    endloop
  endfacet
  facet normal -0.7730104533627375 0.6343932841636448 0
    outer loop
      vertex 1.4966453021445814 5.899973580564716 0
      vertex 1.2727922061357857 5.627207793864215 2.6
      vertex 1.4966453021445814 5.899973580564716 2.6
    endloop
  endfacet
  facet normal -0.9569403357322089 0.29028467725446255 0
    outer loop
      vertex 1.662983158520316 6.211169821742839 0
      vertex 1.662983158520316 6.211169821742839 2.6
      vertex 1.7654135047258148 6.54883742037097 0
    endloop
  endfacet
  facet normal -0.8819212643483552 0.4713967368259974 0
    outer loop
      vertex 1.662983158520316 6.211169821742839 0
      vertex 1.4966453021445814 5.899973580564716 2.6
      vertex 1.662983158520316 6.211169821742839 2.6
    endloop
  endfacet
  facet normal -0.9951847266721969 0.0980171403295608 0
    outer loop
      vertex 1.7654135047258148 6.54883742037097 0
      vertex 1.7654135047258148 6.54883742037097 2.6
      vertex 1.8 6.9 0
    endloop
  endfacet
  facet normal -0.9951847266721969 -0.0980171403295608 0
    outer loop
      vertex 1.8 6.9 0
      vertex 1.8 6.9 2.6
      vertex 1.7654135047258148 7.251162579629031 0
    endloop
  endfacet
  facet normal -0.9569403357322089 0.29028467725446255 0
    outer loop
      vertex 1.7654135047258148 6.54883742037097 0
      vertex 1.662983158520316 6.211169821742839 2.6
      vertex 1.7654135047258148 6.54883742037097 2.6
    endloop
  endfacet
  facet normal -0.9951847266721969 0.0980171403295608 0
    outer loop
      vertex 1.8 6.9 0
      vertex 1.7654135047258148 6.54883742037097 2.6
      vertex 1.8 6.9 2.6
    endloop
  endfacet
  facet normal -0.7730104533627365 -0.634393284163646 0
    outer loop
      vertex 1.2727922061357857 8.172792206135785 0
      vertex 1.4966453021445814 7.900026419435284 0
      vertex 1.4966453021445814 7.900026419435284 2.6
    endloop
  endfacet
  facet normal -0.8819212643483552 -0.4713967368259974 0
    outer loop
      vertex 1.4966453021445814 7.900026419435284 0
      vertex 1.662983158520316 7.588830178257162 0
      vertex 1.662983158520316 7.588830178257162 2.6
    endloop
  endfacet
  facet normal -0.9569403357322089 -0.29028467725446255 0
    outer loop
      vertex 1.662983158520316 7.588830178257162 0
      vertex 1.7654135047258148 7.251162579629031 2.6
      vertex 1.662983158520316 7.588830178257162 2.6
    endloop
  endfacet
  facet normal -0.8819212643483552 -0.4713967368259974 0
    outer loop
      vertex 1.4966453021445814 7.900026419435284 0
      vertex 1.662983158520316 7.588830178257162 2.6
      vertex 1.4966453021445814 7.900026419435284 2.6
    endloop
  endfacet
  facet normal -0.9569403357322089 -0.29028467725446255 0
    outer loop
      vertex 1.662983158520316 7.588830178257162 0
      vertex 1.7654135047258148 7.251162579629031 0
      vertex 1.7654135047258148 7.251162579629031 2.6
    endloop
  endfacet
  facet normal -0.9951847266721969 -0.0980171403295608 0
    outer loop
      vertex 1.7654135047258148 7.251162579629031 0
      vertex 1.8 6.9 2.6
      vertex 1.7654135047258148 7.251162579629031 2.6
    endloop
  endfacet
  facet normal 0.9569403357322088 0.2902846772544627 0
    outer loop
      vertex -9.67163859753386 -1.1480502970952693 2.6
      vertex -9.842355841209692 -0.5852709660483848 2.6
      vertex -9.842355841209692 -0.5852709660483848 6
    endloop
  endfacet
  facet normal 0.9569403357322088 0.2902846772544627 0
    outer loop
      vertex -9.67163859753386 -1.1480502970952693 2.6
      vertex -9.842355841209692 -0.5852709660483848 6
      vertex -9.67163859753386 -1.1480502970952693 6
    endloop
  endfacet
  facet normal 0 0 1
    outer loop
      vertex -9.842355841209692 -0.5852709660483848 2.6
      vertex -9.842355841209692 0.5852709660483848 2.6
      vertex -9.9 0 2.6
    endloop
  endfacet
  facet normal 0 0 1
    outer loop
      vertex -9.67163859753386 -1.1480502970952693 2.6
      vertex -9.67163859753386 1.1480502970952693 2.6
      vertex -9.842355841209692 -0.5852709660483848 2.6
    endloop
  endfacet
  facet normal 0.9951847266721968 0.0980171403295607 0
    outer loop
      vertex -9.842355841209692 -0.5852709660483848 2.6
      vertex -9.9 0 2.6
      vertex -9.9 0 6
    endloop
  endfacet
  facet normal 0 0 1
    outer loop
      vertex -9.842355841209692 -0.5852709660483848 2.6
      vertex -9.67163859753386 1.1480502970952693 2.6
      vertex -9.842355841209692 0.5852709660483848 2.6
    endloop
  endfacet
  facet normal 0.9951847266721968 -0.0980171403295607 0
    outer loop
      vertex -9.9 0 2.6
      vertex -9.842355841209692 0.5852709660483848 2.6
      vertex -9.842355841209692 0.5852709660483848 6
    endloop
  endfacet
  facet normal 0.9569403357322088 -0.2902846772544627 0
    outer loop
      vertex -9.842355841209692 0.5852709660483848 2.6
      vertex -9.67163859753386 1.1480502970952693 2.6
      vertex -9.67163859753386 1.1480502970952693 6
    endloop
  endfacet
  facet normal 0.9951847266721968 0.0980171403295607 0
    outer loop
      vertex -9.842355841209692 -0.5852709660483848 2.6
      vertex -9.9 0 6
      vertex -9.842355841209692 -0.5852709660483848 6
    endloop
  endfacet
  facet normal 0.9951847266721968 -0.0980171403295607 0
    outer loop
      vertex -9.9 0 2.6
      vertex -9.842355841209692 0.5852709660483848 6
      vertex -9.9 0 6
    endloop
  endfacet
  facet normal 0.9569403357322088 -0.2902846772544627 0
    outer loop
      vertex -9.842355841209692 0.5852709660483848 2.6
      vertex -9.67163859753386 1.1480502970952693 6
      vertex -9.842355841209692 0.5852709660483848 6
    endloop
  endfacet
  facet normal 0.8819212643483557 0.4713967368259963 0
    outer loop
      vertex -9.67163859753386 -1.1480502970952693 2.6
      vertex -9.67163859753386 -1.1480502970952693 6
      vertex -9.394408836907637 -1.6667106990588065 2.6
    endloop
  endfacet
  facet normal 0.7730104533627375 0.6343932841636448 0
    outer loop
      vertex -9.394408836907637 -1.6667106990588065 2.6
      vertex -9.394408836907637 -1.6667106990588065 6
      vertex -9.021320343559644 -2.121320343559643 2.6
    endloop
  endfacet
  facet normal 0.8819212643483557 0.4713967368259963 0
    outer loop
      vertex -9.394408836907637 -1.6667106990588065 2.6
      vertex -9.67163859753386 -1.1480502970952693 6
      vertex -9.394408836907637 -1.6667106990588065 6
    endloop
  endfacet
  facet normal 0.7730104533627375 0.6343932841636448 0
    outer loop
      vertex -9.021320343559644 -2.121320343559643 2.6
      vertex -9.394408836907637 -1.6667106990588065 6
      vertex -9.021320343559644 -2.121320343559643 6
    endloop
  endfacet
  facet normal 0 0 1
    outer loop
      vertex -9.021320343559644 -2.121320343559643 2.6
      vertex -8.566710699058806 -2.4944088369076356 2.6
      vertex -8.665413504725816 -0.35116257962903086 2.6
    endloop
  endfacet
  facet normal 0.6343932841636434 0.7730104533627388 0
    outer loop
      vertex -9.021320343559644 -2.121320343559643 2.6
      vertex -9.021320343559644 -2.121320343559643 6
      vertex -8.566710699058806 -2.4944088369076356 2.6
    endloop
  endfacet
  facet normal 0 0 1
    outer loop
      vertex -9.021320343559644 -2.121320343559643 2.6
      vertex -8.665413504725816 -0.35116257962903086 2.6
      vertex -8.700000000000001 0 2.6
    endloop
  endfacet
  facet normal 0 0 1
    outer loop
      vertex -8.566710699058806 -2.4944088369076356 2.6
      vertex -8.562983158520316 -0.6888301782571616 2.6
      vertex -8.665413504725816 -0.35116257962903086 2.6
    endloop
  endfacet
  facet normal 0 0 1
    outer loop
      vertex -8.566710699058806 -2.4944088369076356 2.6
      vertex -8.04805029709527 -2.77163859753386 2.6
      vertex -8.172792206135785 -1.2727922061357857 2.6
    endloop
  endfacet
  facet normal 0.47139673682599786 0.8819212643483549 0
    outer loop
      vertex -8.566710699058806 -2.4944088369076356 2.6
      vertex -8.566710699058806 -2.4944088369076356 6
      vertex -8.04805029709527 -2.77163859753386 2.6
    endloop
  endfacet
  facet normal 0 0 1
    outer loop
      vertex -8.566710699058806 -2.4944088369076356 2.6
      vertex -8.39664530214458 -1.000026419435284 2.6
      vertex -8.562983158520316 -0.6888301782571616 2.6
    endloop
  endfacet
  facet normal 0 0 1
    outer loop
      vertex -8.566710699058806 -2.4944088369076356 2.6
      vertex -8.172792206135785 -1.2727922061357857 2.6
      vertex -8.39664530214458 -1.000026419435284 2.6
    endloop
  endfacet
  facet normal 0.6343932841636434 0.7730104533627388 0
    outer loop
      vertex -8.566710699058806 -2.4944088369076356 2.6
      vertex -9.021320343559644 -2.121320343559643 6
      vertex -8.566710699058806 -2.4944088369076356 6
    endloop
  endfacet
  facet normal 0 0 1
    outer loop
      vertex -9.67163859753386 -1.1480502970952693 2.6
      vertex -9.394408836907637 -1.6667106990588065 2.6
      vertex -9.394408836907637 1.6667106990588065 2.6
    endloop
  endfacet
  facet normal 0 0 1
    outer loop
      vertex -9.67163859753386 -1.1480502970952693 2.6
      vertex -9.394408836907637 1.6667106990588065 2.6
      vertex -9.67163859753386 1.1480502970952693 2.6
    endloop
  endfacet
  facet normal 0 0 1
    outer loop
      vertex -9.394408836907637 -1.6667106990588065 2.6
      vertex -9.021320343559644 -2.121320343559643 2.6
      vertex -9.021320343559644 2.121320343559643 2.6
    endloop
  endfacet
  facet normal 0 0 1
    outer loop
      vertex -9.394408836907637 -1.6667106990588065 2.6
      vertex -9.021320343559644 2.121320343559643 2.6
      vertex -9.394408836907637 1.6667106990588065 2.6
    endloop
  endfacet
  facet normal 0.8819212643483557 -0.4713967368259963 0
    outer loop
      vertex -9.67163859753386 1.1480502970952693 2.6
      vertex -9.394408836907637 1.6667106990588065 2.6
      vertex -9.394408836907637 1.6667106990588065 6
    endloop
  endfacet
  facet normal 0.7730104533627375 -0.6343932841636448 0
    outer loop
      vertex -9.394408836907637 1.6667106990588065 2.6
      vertex -9.021320343559644 2.121320343559643 2.6
      vertex -9.021320343559644 2.121320343559643 6
    endloop
  endfacet
  facet normal 0.8819212643483557 -0.4713967368259963 0
    outer loop
      vertex -9.67163859753386 1.1480502970952693 2.6
      vertex -9.394408836907637 1.6667106990588065 6
      vertex -9.67163859753386 1.1480502970952693 6
    endloop
  endfacet
  facet normal 0.7730104533627375 -0.6343932841636448 0
    outer loop
      vertex -9.394408836907637 1.6667106990588065 2.6
      vertex -9.021320343559644 2.121320343559643 6
      vertex -9.394408836907637 1.6667106990588065 6
    endloop
  endfacet
  facet normal 0 0 1
    outer loop
      vertex -9.021320343559644 -2.121320343559643 2.6
      vertex -8.700000000000001 0 2.6
      vertex -8.665413504725816 0.35116257962903086 2.6
    endloop
  endfacet
  facet normal 0 0 1
    outer loop
      vertex -9.021320343559644 -2.121320343559643 2.6
      vertex -8.665413504725816 0.35116257962903086 2.6
      vertex -8.566710699058806 2.4944088369076356 2.6
    endloop
  endfacet
  facet normal 0 0 1
    outer loop
      vertex -9.021320343559644 -2.121320343559643 2.6
      vertex -8.566710699058806 2.4944088369076356 2.6
      vertex -9.021320343559644 2.121320343559643 2.6
    endloop
  endfacet
  facet normal 0 0 1
    outer loop
      vertex -8.665413504725816 0.35116257962903086 2.6
      vertex -8.562983158520316 0.6888301782571616 2.6
      vertex -8.566710699058806 2.4944088369076356 2.6
    endloop
  endfacet
  facet normal 0.6343932841636434 -0.7730104533627388 0
    outer loop
      vertex -9.021320343559644 2.121320343559643 2.6
      vertex -8.566710699058806 2.4944088369076356 2.6
      vertex -8.566710699058806 2.4944088369076356 6
    endloop
  endfacet
  facet normal 0 0 1
    outer loop
      vertex -8.562983158520316 0.6888301782571616 2.6
      vertex -8.39664530214458 1.000026419435284 2.6
      vertex -8.566710699058806 2.4944088369076356 2.6
    endloop
  endfacet
  facet normal 0 0 1
    outer loop
      vertex -8.39664530214458 1.000026419435284 2.6
      vertex -8.172792206135785 1.2727922061357857 2.6
      vertex -8.566710699058806 2.4944088369076356 2.6
    endloop
  endfacet
  facet normal 0 0 1
    outer loop
      vertex -8.566710699058806 2.4944088369076356 2.6
      vertex -8.172792206135785 1.2727922061357857 2.6
      vertex -8.04805029709527 2.77163859753386 2.6
    endloop
  endfacet
  facet normal 0.6343932841636434 -0.7730104533627388 0
    outer loop
      vertex -9.021320343559644 2.121320343559643 2.6
      vertex -8.566710699058806 2.4944088369076356 6
      vertex -9.021320343559644 2.121320343559643 6
    endloop
  endfacet
  facet normal 0.47139673682599786 -0.8819212643483549 0
    outer loop
      vertex -8.566710699058806 2.4944088369076356 2.6
      vertex -8.04805029709527 2.77163859753386 6
      vertex -8.566710699058806 2.4944088369076356 6
    endloop
  endfacet
  facet normal 0.2902846772544629 0.9569403357322087 0
    outer loop
      vertex -8.04805029709527 -2.77163859753386 2.6
      vertex -8.04805029709527 -2.77163859753386 6
      vertex -7.485270966048385 -2.9423558412096913 2.6
    endloop
  endfacet
  facet normal 0.47139673682599786 0.8819212643483549 0
    outer loop
      vertex -8.04805029709527 -2.77163859753386 2.6
      vertex -8.566710699058806 -2.4944088369076356 6
      vertex -8.04805029709527 -2.77163859753386 6
    endloop
  endfacet
  facet normal 0.2902846772544629 0.9569403357322087 0
    outer loop
      vertex -7.485270966048385 -2.9423558412096913 2.6
      vertex -8.04805029709527 -2.77163859753386 6
      vertex -7.485270966048385 -2.9423558412096913 6
    endloop
  endfacet
  facet normal 0 0 1
    outer loop
      vertex -8.04805029709527 -2.77163859753386 2.6
      vertex -7.900026419435284 -1.4966453021445814 2.6
      vertex -8.172792206135785 -1.2727922061357857 2.6
    endloop
  endfacet
  facet normal 0 0 1
    outer loop
      vertex -8.04805029709527 -2.77163859753386 2.6
      vertex -7.588830178257162 -1.662983158520316 2.6
      vertex -7.900026419435284 -1.4966453021445814 2.6
    endloop
  endfacet
  facet normal 0 0 1
    outer loop
      vertex -8.04805029709527 -2.77163859753386 2.6
      vertex -7.485270966048385 -2.9423558412096913 2.6
      vertex -7.588830178257162 -1.662983158520316 2.6
    endloop
  endfacet
  facet normal 0.0980171403295607 0.9951847266721968 0
    outer loop
      vertex -7.485270966048385 -2.9423558412096913 2.6
      vertex -7.485270966048385 -2.9423558412096913 6
      vertex -6.9 -3 2.6
    endloop
  endfacet
  facet normal 0.0980171403295607 0.9951847266721968 0
    outer loop
      vertex -6.9 -3 2.6
      vertex -7.485270966048385 -2.9423558412096913 6
      vertex -6.9 -3 6
    endloop
  endfacet
  facet normal 0 0 1
    outer loop
      vertex -7.588830178257162 -1.662983158520316 2.6
      vertex -7.485270966048385 -2.9423558412096913 2.6
      vertex -7.251162579629031 -1.7654135047258148 2.6
    endloop
  endfacet
  facet normal 0 0 1
    outer loop
      vertex -7.485270966048385 -2.9423558412096913 2.6
      vertex -6.9 -3 2.6
      vertex -7.251162579629031 -1.7654135047258148 2.6
    endloop
  endfacet
  facet normal 0 0 1
    outer loop
      vertex -6.9 -3 2.6
      vertex -6.9 -1.8 2.6
      vertex -7.251162579629031 -1.7654135047258148 2.6
    endloop
  endfacet
  facet normal 0 0 1
    outer loop
      vertex -8.172792206135785 1.2727922061357857 2.6
      vertex -7.900026419435284 1.4966453021445814 2.6
      vertex -8.04805029709527 2.77163859753386 2.6
    endloop
  endfacet
  facet normal 0.47139673682599786 -0.8819212643483549 0
    outer loop
      vertex -8.566710699058806 2.4944088369076356 2.6
      vertex -8.04805029709527 2.77163859753386 2.6
      vertex -8.04805029709527 2.77163859753386 6
    endloop
  endfacet
  facet normal 0 0 1
    outer loop
      vertex -8.04805029709527 2.77163859753386 2.6
      vertex -7.900026419435284 1.4966453021445814 2.6
      vertex -7.588830178257162 1.662983158520316 2.6
    endloop
  endfacet
  facet normal 0 0 1
    outer loop
      vertex -8.04805029709527 2.77163859753386 2.6
      vertex -7.588830178257162 1.662983158520316 2.6
      vertex -7.485270966048385 2.9423558412096913 2.6
    endloop
  endfacet
  facet normal 0.2902846772544629 -0.9569403357322087 0
    outer loop
      vertex -8.04805029709527 2.77163859753386 2.6
      vertex -7.485270966048385 2.9423558412096913 2.6
      vertex -7.485270966048385 2.9423558412096913 6
    endloop
  endfacet
  facet normal 0.2902846772544629 -0.9569403357322087 0
    outer loop
      vertex -8.04805029709527 2.77163859753386 2.6
      vertex -7.485270966048385 2.9423558412096913 6
      vertex -8.04805029709527 2.77163859753386 6
    endloop
  endfacet
  facet normal 0 0 1
    outer loop
      vertex -7.588830178257162 1.662983158520316 2.6
      vertex -7.251162579629031 1.7654135047258148 2.6
      vertex -7.485270966048385 2.9423558412096913 2.6
    endloop
  endfacet
  facet normal 0 0 1
    outer loop
      vertex -7.251162579629031 1.7654135047258148 2.6
      vertex -6.9 1.8 2.6
      vertex -7.485270966048385 2.9423558412096913 2.6
    endloop
  endfacet
  facet normal 0 0 1
    outer loop
      vertex -7.485270966048385 2.9423558412096913 2.6
      vertex -6.9 1.8 2.6
      vertex -6.9 3 2.6
    endloop
  endfacet
  facet normal 0.0980171403295607 -0.9951847266721968 0
    outer loop
      vertex -7.485270966048385 2.9423558412096913 2.6
      vertex -6.9 3 2.6
      vertex -6.9 3 6
    endloop
  endfacet
  facet normal 0.0980171403295607 -0.9951847266721968 0
    outer loop
      vertex -7.485270966048385 2.9423558412096913 2.6
      vertex -6.9 3 6
      vertex -7.485270966048385 2.9423558412096913 6
    endloop
  endfacet
  facet normal -0.0980171403295607 0.9951847266721968 0
    outer loop
      vertex -6.9 -3 2.6
      vertex -6.9 -3 6
      vertex -6.3147290339516156 -2.9423558412096913 2.6
    endloop
  endfacet
  facet normal -0.0980171403295607 0.9951847266721968 0
    outer loop
      vertex -6.3147290339516156 -2.9423558412096913 2.6
      vertex -6.9 -3 6
      vertex -6.3147290339516156 -2.9423558412096913 6
    endloop
  endfacet
  facet normal 0 0 1
    outer loop
      vertex -6.9 -3 2.6
      vertex -6.3147290339516156 -2.9423558412096913 2.6
      vertex -6.9 -1.8 2.6
    endloop
  endfacet
  facet normal 0 0 1
    outer loop
      vertex -6.9 -1.8 2.6
      vertex -6.3147290339516156 -2.9423558412096913 2.6
      vertex -6.54883742037097 -1.7654135047258148 2.6
    endloop
  endfacet
  facet normal 0 0 1
    outer loop
      vertex -6.3147290339516156 -2.9423558412096913 2.6
      vertex -6.211169821742839 -1.662983158520316 2.6
      vertex -6.54883742037097 -1.7654135047258148 2.6
    endloop
  endfacet
  facet normal -0.2902846772544629 0.9569403357322087 0
    outer loop
      vertex -6.3147290339516156 -2.9423558412096913 2.6
      vertex -6.3147290339516156 -2.9423558412096913 6
      vertex -5.7519497029047315 -2.77163859753386 2.6
    endloop
  endfacet
  facet normal -0.47139673682599725 0.8819212643483553 0
    outer loop
      vertex -5.7519497029047315 -2.77163859753386 2.6
      vertex -5.7519497029047315 -2.77163859753386 6
      vertex -5.233289300941194 -2.4944088369076356 2.6
    endloop
  endfacet
  facet normal -0.2902846772544629 0.9569403357322087 0
    outer loop
      vertex -5.7519497029047315 -2.77163859753386 2.6
      vertex -6.3147290339516156 -2.9423558412096913 6
      vertex -5.7519497029047315 -2.77163859753386 6
    endloop
  endfacet
  facet normal 0 0 1
    outer loop
      vertex -6.3147290339516156 -2.9423558412096913 2.6
      vertex -5.7519497029047315 -2.77163859753386 2.6
      vertex -6.211169821742839 -1.662983158520316 2.6
    endloop
  endfacet
  facet normal 0 0 1
    outer loop
      vertex -6.211169821742839 -1.662983158520316 2.6
      vertex -5.7519497029047315 -2.77163859753386 2.6
      vertex -5.899973580564716 -1.4966453021445814 2.6
    endloop
  endfacet
  facet normal 0 0 1
    outer loop
      vertex -5.7519497029047315 -2.77163859753386 2.6
      vertex -5.627207793864215 -1.2727922061357857 2.6
      vertex -5.899973580564716 -1.4966453021445814 2.6
    endloop
  endfacet
  facet normal 0 0 1
    outer loop
      vertex -5.7519497029047315 -2.77163859753386 2.6
      vertex -5.233289300941194 -2.4944088369076356 2.6
      vertex -5.627207793864215 -1.2727922061357857 2.6
    endloop
  endfacet
  facet normal 0 0 1
    outer loop
      vertex -6.9 1.8 2.6
      vertex -6.54883742037097 1.7654135047258148 2.6
      vertex -6.9 3 2.6
    endloop
  endfacet
  facet normal 0 0 1
    outer loop
      vertex -6.9 3 2.6
      vertex -6.54883742037097 1.7654135047258148 2.6
      vertex -6.3147290339516156 2.9423558412096913 2.6
    endloop
  endfacet
  facet normal 0 0 1
    outer loop
      vertex -6.54883742037097 1.7654135047258148 2.6
      vertex -6.211169821742839 1.662983158520316 2.6
      vertex -6.3147290339516156 2.9423558412096913 2.6
    endloop
  endfacet
  facet normal -0.0980171403295607 -0.9951847266721968 0
    outer loop
      vertex -6.9 3 2.6
      vertex -6.3147290339516156 2.9423558412096913 2.6
      vertex -6.3147290339516156 2.9423558412096913 6
    endloop
  endfacet
  facet normal -0.0980171403295607 -0.9951847266721968 0
    outer loop
      vertex -6.9 3 2.6
      vertex -6.3147290339516156 2.9423558412096913 6
      vertex -6.9 3 6
    endloop
  endfacet
  facet normal 0 0 1
    outer loop
      vertex -6.211169821742839 1.662983158520316 2.6
      vertex -5.899973580564716 1.4966453021445814 2.6
      vertex -5.7519497029047315 2.77163859753386 2.6
    endloop
  endfacet
  facet normal 0 0 1
    outer loop
      vertex -6.211169821742839 1.662983158520316 2.6
      vertex -5.7519497029047315 2.77163859753386 2.6
      vertex -6.3147290339516156 2.9423558412096913 2.6
    endloop
  endfacet
  facet normal -0.2902846772544629 -0.9569403357322087 0
    outer loop
      vertex -6.3147290339516156 2.9423558412096913 2.6
      vertex -5.7519497029047315 2.77163859753386 2.6
      vertex -5.7519497029047315 2.77163859753386 6
    endloop
  endfacet
  facet normal 0 0 1
    outer loop
      vertex -5.899973580564716 1.4966453021445814 2.6
      vertex -5.627207793864215 1.2727922061357857 2.6
      vertex -5.7519497029047315 2.77163859753386 2.6
    endloop
  endfacet
  facet normal 0 0 1
    outer loop
      vertex -5.627207793864215 1.2727922061357857 2.6
      vertex -5.233289300941194 2.4944088369076356 2.6
      vertex -5.7519497029047315 2.77163859753386 2.6
    endloop
  endfacet
  facet normal -0.2902846772544629 -0.9569403357322087 0
    outer loop
      vertex -6.3147290339516156 2.9423558412096913 2.6
      vertex -5.7519497029047315 2.77163859753386 6
      vertex -6.3147290339516156 2.9423558412096913 6
    endloop
  endfacet
  facet normal -0.47139673682599725 -0.8819212643483553 0
    outer loop
      vertex -5.7519497029047315 2.77163859753386 2.6
      vertex -5.233289300941194 2.4944088369076356 6
      vertex -5.7519497029047315 2.77163859753386 6
    endloop
  endfacet
  facet normal 0 0 1
    outer loop
      vertex -5.627207793864215 -1.2727922061357857 2.6
      vertex -5.233289300941194 -2.4944088369076356 2.6
      vertex -5.403354697855419 -1.000026419435284 2.6
    endloop
  endfacet
  facet normal 0 0 1
    outer loop
      vertex -5.233289300941194 -2.4944088369076356 2.6
      vertex -5.237016841479685 -0.6888301782571616 2.6
      vertex -5.403354697855419 -1.000026419435284 2.6
    endloop
  endfacet
  facet normal 0 0 1
    outer loop
      vertex -5.233289300941194 -2.4944088369076356 2.6
      vertex -5.134586495274186 -0.35116257962903086 2.6
      vertex -5.237016841479685 -0.6888301782571616 2.6
    endloop
  endfacet
  facet normal -0.6343932841636448 0.7730104533627375 0
    outer loop
      vertex -5.233289300941194 -2.4944088369076356 2.6
      vertex -5.233289300941194 -2.4944088369076356 6
      vertex -4.7786796564403575 -2.121320343559643 2.6
    endloop
  endfacet
  facet normal 0 0 1
    outer loop
      vertex -5.233289300941194 -2.4944088369076356 2.6
      vertex -4.7786796564403575 -2.121320343559643 2.6
      vertex -4.7786796564403575 2.121320343559643 2.6
    endloop
  endfacet
  facet normal -0.47139673682599725 0.8819212643483553 0
    outer loop
      vertex -5.233289300941194 -2.4944088369076356 2.6
      vertex -5.7519497029047315 -2.77163859753386 6
      vertex -5.233289300941194 -2.4944088369076356 6
    endloop
  endfacet
  facet normal -0.6343932841636448 0.7730104533627375 0
    outer loop
      vertex -4.7786796564403575 -2.121320343559643 2.6
      vertex -5.233289300941194 -2.4944088369076356 6
      vertex -4.7786796564403575 -2.121320343559643 6
    endloop
  endfacet
  facet normal -0.7730104533627375 0.6343932841636448 0
    outer loop
      vertex -4.7786796564403575 -2.121320343559643 2.6
      vertex -4.7786796564403575 -2.121320343559643 6
      vertex -4.405591163092365 -1.6667106990588065 2.6
    endloop
  endfacet
  facet normal 0 0 1
    outer loop
      vertex -4.7786796564403575 -2.121320343559643 2.6
      vertex -4.405591163092365 -1.6667106990588065 2.6
      vertex -4.405591163092365 1.6667106990588065 2.6
    endloop
  endfacet
  facet normal -0.8819212643483552 0.47139673682599753 0
    outer loop
      vertex -4.405591163092365 -1.6667106990588065 2.6
      vertex -4.405591163092365 -1.6667106990588065 6
      vertex -4.12836140246614 -1.1480502970952693 2.6
    endloop
  endfacet
  facet normal -0.7730104533627375 0.6343932841636448 0
    outer loop
      vertex -4.405591163092365 -1.6667106990588065 2.6
      vertex -4.7786796564403575 -2.121320343559643 6
      vertex -4.405591163092365 -1.6667106990588065 6
    endloop
  endfacet
  facet normal -0.8819212643483552 0.47139673682599753 0
    outer loop
      vertex -4.12836140246614 -1.1480502970952693 2.6
      vertex -4.405591163092365 -1.6667106990588065 6
      vertex -4.12836140246614 -1.1480502970952693 6
    endloop
  endfacet
  facet normal 0 0 1
    outer loop
      vertex -5.237016841479685 0.6888301782571616 2.6
      vertex -5.134586495274186 0.35116257962903086 2.6
      vertex -5.233289300941194 2.4944088369076356 2.6
    endloop
  endfacet
  facet normal 0 0 1
    outer loop
      vertex -5.233289300941194 -2.4944088369076356 2.6
      vertex -4.7786796564403575 2.121320343559643 2.6
      vertex -5.134586495274186 -0.35116257962903086 2.6
    endloop
  endfacet
  facet normal 0 0 1
    outer loop
      vertex -5.134586495274186 -0.35116257962903086 2.6
      vertex -4.7786796564403575 2.121320343559643 2.6
      vertex -5.1000000000000005 0 2.6
    endloop
  endfacet
  facet normal 0 0 1
    outer loop
      vertex -5.1000000000000005 0 2.6
      vertex -4.7786796564403575 2.121320343559643 2.6
      vertex -5.134586495274186 0.35116257962903086 2.6
    endloop
  endfacet
  facet normal 0 0 1
    outer loop
      vertex -5.627207793864215 1.2727922061357857 2.6
      vertex -5.403354697855419 1.000026419435284 2.6
      vertex -5.233289300941194 2.4944088369076356 2.6
    endloop
  endfacet
  facet normal 0 0 1
    outer loop
      vertex -5.403354697855419 1.000026419435284 2.6
      vertex -5.237016841479685 0.6888301782571616 2.6
      vertex -5.233289300941194 2.4944088369076356 2.6
    endloop
  endfacet
  facet normal -0.47139673682599725 -0.8819212643483553 0
    outer loop
      vertex -5.7519497029047315 2.77163859753386 2.6
      vertex -5.233289300941194 2.4944088369076356 2.6
      vertex -5.233289300941194 2.4944088369076356 6
    endloop
  endfacet
  facet normal 0 0 1
    outer loop
      vertex -5.134586495274186 0.35116257962903086 2.6
      vertex -4.7786796564403575 2.121320343559643 2.6
      vertex -5.233289300941194 2.4944088369076356 2.6
    endloop
  endfacet
  facet normal -0.6343932841636448 -0.7730104533627375 0
    outer loop
      vertex -5.233289300941194 2.4944088369076356 2.6
      vertex -4.7786796564403575 2.121320343559643 2.6
      vertex -4.7786796564403575 2.121320343559643 6
    endloop
  endfacet
  facet normal -0.6343932841636448 -0.7730104533627375 0
    outer loop
      vertex -5.233289300941194 2.4944088369076356 2.6
      vertex -4.7786796564403575 2.121320343559643 6
      vertex -5.233289300941194 2.4944088369076356 6
    endloop
  endfacet
  facet normal 0 0 1
    outer loop
      vertex -4.7786796564403575 -2.121320343559643 2.6
      vertex -4.405591163092365 1.6667106990588065 2.6
      vertex -4.7786796564403575 2.121320343559643 2.6
    endloop
  endfacet
  facet normal 0 0 1
    outer loop
      vertex -4.405591163092365 -1.6667106990588065 2.6
      vertex -4.12836140246614 -1.1480502970952693 2.6
      vertex -4.12836140246614 1.1480502970952693 2.6
    endloop
  endfacet
  facet normal 0 0 1
    outer loop
      vertex -4.405591163092365 -1.6667106990588065 2.6
      vertex -4.12836140246614 1.1480502970952693 2.6
      vertex -4.405591163092365 1.6667106990588065 2.6
    endloop
  endfacet
  facet normal -0.7730104533627375 -0.6343932841636448 0
    outer loop
      vertex -4.7786796564403575 2.121320343559643 2.6
      vertex -4.405591163092365 1.6667106990588065 2.6
      vertex -4.405591163092365 1.6667106990588065 6
    endloop
  endfacet
  facet normal -0.8819212643483552 -0.47139673682599753 0
    outer loop
      vertex -4.12836140246614 1.1480502970952693 2.6
      vertex -4.12836140246614 1.1480502970952693 6
      vertex -4.405591163092365 1.6667106990588065 2.6
    endloop
  endfacet
  facet normal -0.7730104533627375 -0.6343932841636448 0
    outer loop
      vertex -4.7786796564403575 2.121320343559643 2.6
      vertex -4.405591163092365 1.6667106990588065 6
      vertex -4.7786796564403575 2.121320343559643 6
    endloop
  endfacet
  facet normal -0.8819212643483552 -0.47139673682599753 0
    outer loop
      vertex -4.405591163092365 1.6667106990588065 2.6
      vertex -4.12836140246614 1.1480502970952693 6
      vertex -4.405591163092365 1.6667106990588065 6
    endloop
  endfacet
  facet normal -0.9569403357322088 0.2902846772544627 0
    outer loop
      vertex -4.12836140246614 -1.1480502970952693 2.6
      vertex -4.12836140246614 -1.1480502970952693 6
      vertex -3.957644158790309 -0.5852709660483848 2.6
    endloop
  endfacet
  facet normal -0.9569403357322088 0.2902846772544627 0
    outer loop
      vertex -3.957644158790309 -0.5852709660483848 2.6
      vertex -4.12836140246614 -1.1480502970952693 6
      vertex -3.957644158790309 -0.5852709660483848 6
    endloop
  endfacet
  facet normal 0 0 1
    outer loop
      vertex -4.12836140246614 -1.1480502970952693 2.6
      vertex -3.957644158790309 -0.5852709660483848 2.6
      vertex -3.957644158790309 0.5852709660483848 2.6
    endloop
  endfacet
  facet normal 0 0 1
    outer loop
      vertex -4.12836140246614 -1.1480502970952693 2.6
      vertex -3.957644158790309 0.5852709660483848 2.6
      vertex -4.12836140246614 1.1480502970952693 2.6
    endloop
  endfacet
  facet normal 0 0 1
    outer loop
      vertex -3.957644158790309 -0.5852709660483848 2.6
      vertex -3.9000000000000004 0 2.6
      vertex -3.957644158790309 0.5852709660483848 2.6
    endloop
  endfacet
  facet normal -0.9951847266721968 0.0980171403295607 0
    outer loop
      vertex -3.957644158790309 -0.5852709660483848 2.6
      vertex -3.957644158790309 -0.5852709660483848 6
      vertex -3.9000000000000004 0 2.6
    endloop
  endfacet
  facet normal -0.9951847266721968 -0.0980171403295607 0
    outer loop
      vertex -3.9000000000000004 0 2.6
      vertex -3.9000000000000004 0 6
      vertex -3.957644158790309 0.5852709660483848 2.6
    endloop
  endfacet
  facet normal -0.9569403357322088 -0.2902846772544627 0
    outer loop
      vertex -4.12836140246614 1.1480502970952693 2.6
      vertex -3.957644158790309 0.5852709660483848 2.6
      vertex -3.957644158790309 0.5852709660483848 6
    endloop
  endfacet
  facet normal -0.9951847266721968 0.0980171403295607 0
    outer loop
      vertex -3.9000000000000004 0 2.6
      vertex -3.957644158790309 -0.5852709660483848 6
      vertex -3.9000000000000004 0 6
    endloop
  endfacet
  facet normal -0.9569403357322088 -0.2902846772544627 0
    outer loop
      vertex -4.12836140246614 1.1480502970952693 2.6
      vertex -3.957644158790309 0.5852709660483848 6
      vertex -4.12836140246614 1.1480502970952693 6
    endloop
  endfacet
  facet normal -0.9951847266721968 -0.0980171403295607 0
    outer loop
      vertex -3.957644158790309 0.5852709660483848 2.6
      vertex -3.9000000000000004 0 6
      vertex -3.957644158790309 0.5852709660483848 6
    endloop
  endfacet
  facet normal 0.9569403357322088 0.2902846772544627 0
    outer loop
      vertex 3.957644158790309 -0.5852709660483848 2.6
      vertex 3.957644158790309 -0.5852709660483848 6
      vertex 4.12836140246614 -1.1480502970952693 2.6
    endloop
  endfacet
  facet normal 0.9569403357322088 0.2902846772544627 0
    outer loop
      vertex 4.12836140246614 -1.1480502970952693 2.6
      vertex 3.957644158790309 -0.5852709660483848 6
      vertex 4.12836140246614 -1.1480502970952693 6
    endloop
  endfacet
  facet normal 0 0 1
    outer loop
      vertex 3.9000000000000004 0 2.6
      vertex 3.957644158790309 -0.5852709660483848 2.6
      vertex 3.957644158790309 0.5852709660483848 2.6
    endloop
  endfacet
  facet normal 0 0 1
    outer loop
      vertex 3.957644158790309 -0.5852709660483848 2.6
      vertex 4.12836140246614 -1.1480502970952693 2.6
      vertex 4.12836140246614 1.1480502970952693 2.6
    endloop
  endfacet
  facet normal 0.9951847266721968 0.0980171403295607 0
    outer loop
      vertex 3.9000000000000004 0 2.6
      vertex 3.9000000000000004 0 6
      vertex 3.957644158790309 -0.5852709660483848 2.6
    endloop
  endfacet
  facet normal 0 0 1
    outer loop
      vertex 3.957644158790309 -0.5852709660483848 2.6
      vertex 4.12836140246614 1.1480502970952693 2.6
      vertex 3.957644158790309 0.5852709660483848 2.6
    endloop
  endfacet
  facet normal 0.9951847266721968 -0.0980171403295607 0
    outer loop
      vertex 3.9000000000000004 0 2.6
      vertex 3.957644158790309 0.5852709660483848 2.6
      vertex 3.957644158790309 0.5852709660483848 6
    endloop
  endfacet
  facet normal 0.9569403357322088 -0.2902846772544627 0
    outer loop
      vertex 3.957644158790309 0.5852709660483848 2.6
      vertex 4.12836140246614 1.1480502970952693 2.6
      vertex 4.12836140246614 1.1480502970952693 6
    endloop
  endfacet
  facet normal 0.9951847266721968 0.0980171403295607 0
    outer loop
      vertex 3.957644158790309 -0.5852709660483848 2.6
      vertex 3.9000000000000004 0 6
      vertex 3.957644158790309 -0.5852709660483848 6
    endloop
  endfacet
  facet normal 0.9951847266721968 -0.0980171403295607 0
    outer loop
      vertex 3.9000000000000004 0 2.6
      vertex 3.957644158790309 0.5852709660483848 6
      vertex 3.9000000000000004 0 6
    endloop
  endfacet
  facet normal 0.9569403357322088 -0.2902846772544627 0
    outer loop
      vertex 3.957644158790309 0.5852709660483848 2.6
      vertex 4.12836140246614 1.1480502970952693 6
      vertex 3.957644158790309 0.5852709660483848 6
    endloop
  endfacet
  facet normal 0.8819212643483552 0.47139673682599753 0
    outer loop
      vertex 4.405591163092365 -1.6667106990588065 2.6
      vertex 4.12836140246614 -1.1480502970952693 2.6
      vertex 4.12836140246614 -1.1480502970952693 6
    endloop
  endfacet
  facet normal 0.7730104533627375 0.6343932841636448 0
    outer loop
      vertex 4.405591163092365 -1.6667106990588065 2.6
      vertex 4.405591163092365 -1.6667106990588065 6
      vertex 4.7786796564403575 -2.121320343559643 2.6
    endloop
  endfacet
  facet normal 0.8819212643483552 0.47139673682599753 0
    outer loop
      vertex 4.405591163092365 -1.6667106990588065 2.6
      vertex 4.12836140246614 -1.1480502970952693 6
      vertex 4.405591163092365 -1.6667106990588065 6
    endloop
  endfacet
  facet normal 0.7730104533627375 0.6343932841636448 0
    outer loop
      vertex 4.7786796564403575 -2.121320343559643 2.6
      vertex 4.405591163092365 -1.6667106990588065 6
      vertex 4.7786796564403575 -2.121320343559643 6
    endloop
  endfacet
  facet normal 0 0 1
    outer loop
      vertex 4.7786796564403575 -2.121320343559643 2.6
      vertex 5.233289300941194 -2.4944088369076356 2.6
      vertex 5.134586495274186 -0.35116257962903086 2.6
    endloop
  endfacet
  facet normal 0.6343932841636448 0.7730104533627375 0
    outer loop
      vertex 4.7786796564403575 -2.121320343559643 2.6
      vertex 4.7786796564403575 -2.121320343559643 6
      vertex 5.233289300941194 -2.4944088369076356 2.6
    endloop
  endfacet
  facet normal 0 0 1
    outer loop
      vertex 4.7786796564403575 -2.121320343559643 2.6
      vertex 5.134586495274186 -0.35116257962903086 2.6
      vertex 5.1000000000000005 0 2.6
    endloop
  endfacet
  facet normal 0.47139673682599725 0.8819212643483553 0
    outer loop
      vertex 5.233289300941194 -2.4944088369076356 2.6
      vertex 5.233289300941194 -2.4944088369076356 6
      vertex 5.7519497029047315 -2.77163859753386 2.6
    endloop
  endfacet
  facet normal 0 0 1
    outer loop
      vertex 5.233289300941194 -2.4944088369076356 2.6
      vertex 5.237016841479685 -0.6888301782571616 2.6
      vertex 5.134586495274186 -0.35116257962903086 2.6
    endloop
  endfacet
  facet normal 0 0 1
    outer loop
      vertex 5.233289300941194 -2.4944088369076356 2.6
      vertex 5.403354697855419 -1.000026419435284 2.6
      vertex 5.237016841479685 -0.6888301782571616 2.6
    endloop
  endfacet
  facet normal 0 0 1
    outer loop
      vertex 5.233289300941194 -2.4944088369076356 2.6
      vertex 5.627207793864215 -1.2727922061357857 2.6
      vertex 5.403354697855419 -1.000026419435284 2.6
    endloop
  endfacet
  facet normal 0.6343932841636448 0.7730104533627375 0
    outer loop
      vertex 5.233289300941194 -2.4944088369076356 2.6
      vertex 4.7786796564403575 -2.121320343559643 6
      vertex 5.233289300941194 -2.4944088369076356 6
    endloop
  endfacet
  facet normal 0 0 1
    outer loop
      vertex 4.405591163092365 -1.6667106990588065 2.6
      vertex 4.405591163092365 1.6667106990588065 2.6
      vertex 4.12836140246614 -1.1480502970952693 2.6
    endloop
  endfacet
  facet normal 0 0 1
    outer loop
      vertex 4.12836140246614 -1.1480502970952693 2.6
      vertex 4.405591163092365 1.6667106990588065 2.6
      vertex 4.12836140246614 1.1480502970952693 2.6
    endloop
  endfacet
  facet normal 0 0 1
    outer loop
      vertex 4.405591163092365 -1.6667106990588065 2.6
      vertex 4.7786796564403575 -2.121320343559643 2.6
      vertex 4.7786796564403575 2.121320343559643 2.6
    endloop
  endfacet
  facet normal 0 0 1
    outer loop
      vertex 4.405591163092365 -1.6667106990588065 2.6
      vertex 4.7786796564403575 2.121320343559643 2.6
      vertex 4.405591163092365 1.6667106990588065 2.6
    endloop
  endfacet
  facet normal 0.8819212643483552 -0.47139673682599753 0
    outer loop
      vertex 4.12836140246614 1.1480502970952693 2.6
      vertex 4.405591163092365 1.6667106990588065 2.6
      vertex 4.405591163092365 1.6667106990588065 6
    endloop
  endfacet
  facet normal 0.7730104533627375 -0.6343932841636448 0
    outer loop
      vertex 4.405591163092365 1.6667106990588065 2.6
      vertex 4.7786796564403575 2.121320343559643 2.6
      vertex 4.7786796564403575 2.121320343559643 6
    endloop
  endfacet
  facet normal 0.8819212643483552 -0.47139673682599753 0
    outer loop
      vertex 4.12836140246614 1.1480502970952693 2.6
      vertex 4.405591163092365 1.6667106990588065 6
      vertex 4.12836140246614 1.1480502970952693 6
    endloop
  endfacet
  facet normal 0.7730104533627375 -0.6343932841636448 0
    outer loop
      vertex 4.405591163092365 1.6667106990588065 2.6
      vertex 4.7786796564403575 2.121320343559643 6
      vertex 4.405591163092365 1.6667106990588065 6
    endloop
  endfacet
  facet normal 0 0 1
    outer loop
      vertex 4.7786796564403575 -2.121320343559643 2.6
      vertex 5.1000000000000005 0 2.6
      vertex 5.134586495274186 0.35116257962903086 2.6
    endloop
  endfacet
  facet normal 0 0 1
    outer loop
      vertex 4.7786796564403575 -2.121320343559643 2.6
      vertex 5.134586495274186 0.35116257962903086 2.6
      vertex 5.233289300941194 2.4944088369076356 2.6
    endloop
  endfacet
  facet normal 0 0 1
    outer loop
      vertex 4.7786796564403575 -2.121320343559643 2.6
      vertex 5.233289300941194 2.4944088369076356 2.6
      vertex 4.7786796564403575 2.121320343559643 2.6
    endloop
  endfacet
  facet normal 0 0 1
    outer loop
      vertex 5.134586495274186 0.35116257962903086 2.6
      vertex 5.237016841479685 0.6888301782571616 2.6
      vertex 5.233289300941194 2.4944088369076356 2.6
    endloop
  endfacet
  facet normal 0.6343932841636448 -0.7730104533627375 0
    outer loop
      vertex 4.7786796564403575 2.121320343559643 2.6
      vertex 5.233289300941194 2.4944088369076356 2.6
      vertex 5.233289300941194 2.4944088369076356 6
    endloop
  endfacet
  facet normal 0 0 1
    outer loop
      vertex 5.237016841479685 0.6888301782571616 2.6
      vertex 5.403354697855419 1.000026419435284 2.6
      vertex 5.233289300941194 2.4944088369076356 2.6
    endloop
  endfacet
  facet normal 0 0 1
    outer loop
      vertex 5.403354697855419 1.000026419435284 2.6
      vertex 5.627207793864215 1.2727922061357857 2.6
      vertex 5.233289300941194 2.4944088369076356 2.6
    endloop
  endfacet
  facet normal 0.6343932841636448 -0.7730104533627375 0
    outer loop
      vertex 4.7786796564403575 2.121320343559643 2.6
      vertex 5.233289300941194 2.4944088369076356 6
      vertex 4.7786796564403575 2.121320343559643 6
    endloop
  endfacet
  facet normal 0.47139673682599725 -0.8819212643483553 0
    outer loop
      vertex 5.233289300941194 2.4944088369076356 2.6
      vertex 5.7519497029047315 2.77163859753386 6
      vertex 5.233289300941194 2.4944088369076356 6
    endloop
  endfacet
  facet normal 0.2902846772544629 0.9569403357322087 0
    outer loop
      vertex 5.7519497029047315 -2.77163859753386 2.6
      vertex 5.7519497029047315 -2.77163859753386 6
      vertex 6.3147290339516156 -2.9423558412096913 2.6
    endloop
  endfacet
  facet normal 0.47139673682599725 0.8819212643483553 0
    outer loop
      vertex 5.7519497029047315 -2.77163859753386 2.6
      vertex 5.233289300941194 -2.4944088369076356 6
      vertex 5.7519497029047315 -2.77163859753386 6
    endloop
  endfacet
  facet normal 0.2902846772544629 0.9569403357322087 0
    outer loop
      vertex 6.3147290339516156 -2.9423558412096913 2.6
      vertex 5.7519497029047315 -2.77163859753386 6
      vertex 6.3147290339516156 -2.9423558412096913 6
    endloop
  endfacet
  facet normal 0 0 1
    outer loop
      vertex 5.233289300941194 -2.4944088369076356 2.6
      vertex 5.7519497029047315 -2.77163859753386 2.6
      vertex 5.627207793864215 -1.2727922061357857 2.6
    endloop
  endfacet
  facet normal 0 0 1
    outer loop
      vertex 5.7519497029047315 -2.77163859753386 2.6
      vertex 5.899973580564716 -1.4966453021445814 2.6
      vertex 5.627207793864215 -1.2727922061357857 2.6
    endloop
  endfacet
  facet normal 0 0 1
    outer loop
      vertex 5.7519497029047315 -2.77163859753386 2.6
      vertex 6.211169821742839 -1.662983158520316 2.6
      vertex 5.899973580564716 -1.4966453021445814 2.6
    endloop
  endfacet
  facet normal 0 0 1
    outer loop
      vertex 5.7519497029047315 -2.77163859753386 2.6
      vertex 6.3147290339516156 -2.9423558412096913 2.6
      vertex 6.211169821742839 -1.662983158520316 2.6
    endloop
  endfacet
  facet normal 0.0980171403295607 0.9951847266721968 0
    outer loop
      vertex 6.3147290339516156 -2.9423558412096913 2.6
      vertex 6.3147290339516156 -2.9423558412096913 6
      vertex 6.9 -3 2.6
    endloop
  endfacet
  facet normal 0.0980171403295607 0.9951847266721968 0
    outer loop
      vertex 6.9 -3 2.6
      vertex 6.3147290339516156 -2.9423558412096913 6
      vertex 6.9 -3 6
    endloop
  endfacet
  facet normal 0 0 1
    outer loop
      vertex 6.3147290339516156 -2.9423558412096913 2.6
      vertex 6.54883742037097 -1.7654135047258148 2.6
      vertex 6.211169821742839 -1.662983158520316 2.6
    endloop
  endfacet
  facet normal 0 0 1
    outer loop
      vertex 6.3147290339516156 -2.9423558412096913 2.6
      vertex 6.9 -3 2.6
      vertex 6.54883742037097 -1.7654135047258148 2.6
    endloop
  endfacet
  facet normal 0 0 1
    outer loop
      vertex 6.54883742037097 -1.7654135047258148 2.6
      vertex 6.9 -3 2.6
      vertex 6.9 -1.8 2.6
    endloop
  endfacet
  facet normal 0 0 1
    outer loop
      vertex 5.233289300941194 2.4944088369076356 2.6
      vertex 5.627207793864215 1.2727922061357857 2.6
      vertex 5.7519497029047315 2.77163859753386 2.6
    endloop
  endfacet
  facet normal 0 0 1
    outer loop
      vertex 5.627207793864215 1.2727922061357857 2.6
      vertex 5.899973580564716 1.4966453021445814 2.6
      vertex 5.7519497029047315 2.77163859753386 2.6
    endloop
  endfacet
  facet normal 0.47139673682599725 -0.8819212643483553 0
    outer loop
      vertex 5.233289300941194 2.4944088369076356 2.6
      vertex 5.7519497029047315 2.77163859753386 2.6
      vertex 5.7519497029047315 2.77163859753386 6
    endloop
  endfacet
  facet normal 0 0 1
    outer loop
      vertex 5.7519497029047315 2.77163859753386 2.6
      vertex 5.899973580564716 1.4966453021445814 2.6
      vertex 6.211169821742839 1.662983158520316 2.6
    endloop
  endfacet
  facet normal 0 0 1
    outer loop
      vertex 5.7519497029047315 2.77163859753386 2.6
      vertex 6.211169821742839 1.662983158520316 2.6
      vertex 6.3147290339516156 2.9423558412096913 2.6
    endloop
  endfacet
  facet normal 0.2902846772544629 -0.9569403357322087 0
    outer loop
      vertex 5.7519497029047315 2.77163859753386 2.6
      vertex 6.3147290339516156 2.9423558412096913 2.6
      vertex 6.3147290339516156 2.9423558412096913 6
    endloop
  endfacet
  facet normal 0.2902846772544629 -0.9569403357322087 0
    outer loop
      vertex 5.7519497029047315 2.77163859753386 2.6
      vertex 6.3147290339516156 2.9423558412096913 6
      vertex 5.7519497029047315 2.77163859753386 6
    endloop
  endfacet
  facet normal 0 0 1
    outer loop
      vertex 6.211169821742839 1.662983158520316 2.6
      vertex 6.54883742037097 1.7654135047258148 2.6
      vertex 6.3147290339516156 2.9423558412096913 2.6
    endloop
  endfacet
  facet normal 0 0 1
    outer loop
      vertex 6.3147290339516156 2.9423558412096913 2.6
      vertex 6.54883742037097 1.7654135047258148 2.6
      vertex 6.9 1.8 2.6
    endloop
  endfacet
  facet normal 0 0 1
    outer loop
      vertex 6.3147290339516156 2.9423558412096913 2.6
      vertex 6.9 1.8 2.6
      vertex 6.9 3 2.6
    endloop
  endfacet
  facet normal 0.0980171403295607 -0.9951847266721968 0
    outer loop
      vertex 6.3147290339516156 2.9423558412096913 2.6
      vertex 6.9 3 2.6
      vertex 6.9 3 6
    endloop
  endfacet
  facet normal 0.0980171403295607 -0.9951847266721968 0
    outer loop
      vertex 6.3147290339516156 2.9423558412096913 2.6
      vertex 6.9 3 6
      vertex 6.3147290339516156 2.9423558412096913 6
    endloop
  endfacet
  facet normal -0.0980171403295607 0.9951847266721968 0
    outer loop
      vertex 6.9 -3 2.6
      vertex 6.9 -3 6
      vertex 7.485270966048385 -2.9423558412096913 2.6
    endloop
  endfacet
  facet normal -0.0980171403295607 0.9951847266721968 0
    outer loop
      vertex 7.485270966048385 -2.9423558412096913 2.6
      vertex 6.9 -3 6
      vertex 7.485270966048385 -2.9423558412096913 6
    endloop
  endfacet
  facet normal 0 0 1
    outer loop
      vertex 6.9 -3 2.6
      vertex 7.485270966048385 -2.9423558412096913 2.6
      vertex 6.9 -1.8 2.6
    endloop
  endfacet
  facet normal 0 0 1
    outer loop
      vertex 7.485270966048385 -2.9423558412096913 2.6
      vertex 7.251162579629031 -1.7654135047258148 2.6
      vertex 6.9 -1.8 2.6
    endloop
  endfacet
  facet normal 0 0 1
    outer loop
      vertex 7.485270966048385 -2.9423558412096913 2.6
      vertex 7.588830178257162 -1.662983158520316 2.6
      vertex 7.251162579629031 -1.7654135047258148 2.6
    endloop
  endfacet
  facet normal -0.2902846772544629 0.9569403357322087 0
    outer loop
      vertex 7.485270966048385 -2.9423558412096913 2.6
      vertex 7.485270966048385 -2.9423558412096913 6
      vertex 8.04805029709527 -2.77163859753386 2.6
    endloop
  endfacet
  facet normal -0.47139673682599786 0.8819212643483549 0
    outer loop
      vertex 8.04805029709527 -2.77163859753386 2.6
      vertex 8.04805029709527 -2.77163859753386 6
      vertex 8.566710699058806 -2.4944088369076356 2.6
    endloop
  endfacet
  facet normal -0.2902846772544629 0.9569403357322087 0
    outer loop
      vertex 8.04805029709527 -2.77163859753386 2.6
      vertex 7.485270966048385 -2.9423558412096913 6
      vertex 8.04805029709527 -2.77163859753386 6
    endloop
  endfacet
  facet normal 0 0 1
    outer loop
      vertex 7.485270966048385 -2.9423558412096913 2.6
      vertex 8.04805029709527 -2.77163859753386 2.6
      vertex 7.588830178257162 -1.662983158520316 2.6
    endloop
  endfacet
  facet normal 0 0 1
    outer loop
      vertex 8.04805029709527 -2.77163859753386 2.6
      vertex 7.900026419435284 -1.4966453021445814 2.6
      vertex 7.588830178257162 -1.662983158520316 2.6
    endloop
  endfacet
  facet normal 0 0 1
    outer loop
      vertex 8.04805029709527 -2.77163859753386 2.6
      vertex 8.172792206135785 -1.2727922061357857 2.6
      vertex 7.900026419435284 -1.4966453021445814 2.6
    endloop
  endfacet
  facet normal 0 0 1
    outer loop
      vertex 6.9 1.8 2.6
      vertex 7.251162579629031 1.7654135047258148 2.6
      vertex 6.9 3 2.6
    endloop
  endfacet
  facet normal 0 0 1
    outer loop
      vertex 6.9 3 2.6
      vertex 7.251162579629031 1.7654135047258148 2.6
      vertex 7.485270966048385 2.9423558412096913 2.6
    endloop
  endfacet
  facet normal 0 0 1
    outer loop
      vertex 7.251162579629031 1.7654135047258148 2.6
      vertex 7.588830178257162 1.662983158520316 2.6
      vertex 7.485270966048385 2.9423558412096913 2.6
    endloop
  endfacet
  facet normal -0.0980171403295607 -0.9951847266721968 0
    outer loop
      vertex 6.9 3 2.6
      vertex 7.485270966048385 2.9423558412096913 2.6
      vertex 7.485270966048385 2.9423558412096913 6
    endloop
  endfacet
  facet normal -0.0980171403295607 -0.9951847266721968 0
    outer loop
      vertex 6.9 3 2.6
      vertex 7.485270966048385 2.9423558412096913 6
      vertex 6.9 3 6
    endloop
  endfacet
  facet normal 0 0 1
    outer loop
      vertex 7.588830178257162 1.662983158520316 2.6
      vertex 7.900026419435284 1.4966453021445814 2.6
      vertex 8.04805029709527 2.77163859753386 2.6
    endloop
  endfacet
  facet normal 0 0 1
    outer loop
      vertex 7.485270966048385 2.9423558412096913 2.6
      vertex 7.588830178257162 1.662983158520316 2.6
      vertex 8.04805029709527 2.77163859753386 2.6
    endloop
  endfacet
  facet normal -0.2902846772544629 -0.9569403357322087 0
    outer loop
      vertex 7.485270966048385 2.9423558412096913 2.6
      vertex 8.04805029709527 2.77163859753386 2.6
      vertex 8.04805029709527 2.77163859753386 6
    endloop
  endfacet
  facet normal 0 0 1
    outer loop
      vertex 7.900026419435284 1.4966453021445814 2.6
      vertex 8.172792206135785 1.2727922061357857 2.6
      vertex 8.04805029709527 2.77163859753386 2.6
    endloop
  endfacet
  facet normal -0.2902846772544629 -0.9569403357322087 0
    outer loop
      vertex 7.485270966048385 2.9423558412096913 2.6
      vertex 8.04805029709527 2.77163859753386 6
      vertex 7.485270966048385 2.9423558412096913 6
    endloop
  endfacet
  facet normal -0.47139673682599786 -0.8819212643483549 0
    outer loop
      vertex 8.04805029709527 2.77163859753386 2.6
      vertex 8.566710699058806 2.4944088369076356 6
      vertex 8.04805029709527 2.77163859753386 6
    endloop
  endfacet
  facet normal 0 0 1
    outer loop
      vertex 8.04805029709527 -2.77163859753386 2.6
      vertex 8.566710699058806 -2.4944088369076356 2.6
      vertex 8.172792206135785 -1.2727922061357857 2.6
    endloop
  endfacet
  facet normal 0 0 1
    outer loop
      vertex 8.172792206135785 -1.2727922061357857 2.6
      vertex 8.566710699058806 -2.4944088369076356 2.6
      vertex 8.39664530214458 -1.000026419435284 2.6
    endloop
  endfacet
  facet normal 0 0 1
    outer loop
      vertex 8.566710699058806 -2.4944088369076356 2.6
      vertex 8.562983158520316 -0.6888301782571616 2.6
      vertex 8.39664530214458 -1.000026419435284 2.6
    endloop
  endfacet
  facet normal -0.6343932841636434 0.7730104533627388 0
    outer loop
      vertex 8.566710699058806 -2.4944088369076356 2.6
      vertex 8.566710699058806 -2.4944088369076356 6
      vertex 9.021320343559644 -2.121320343559643 2.6
    endloop
  endfacet
  facet normal 0 0 1
    outer loop
      vertex 8.566710699058806 -2.4944088369076356 2.6
      vertex 8.665413504725816 -0.35116257962903086 2.6
      vertex 8.562983158520316 -0.6888301782571616 2.6
    endloop
  endfacet
  facet normal 0 0 1
    outer loop
      vertex 8.566710699058806 -2.4944088369076356 2.6
      vertex 9.021320343559644 -2.121320343559643 2.6
      vertex 9.021320343559644 2.121320343559643 2.6
    endloop
  endfacet
  facet normal -0.47139673682599786 0.8819212643483549 0
    outer loop
      vertex 8.566710699058806 -2.4944088369076356 2.6
      vertex 8.04805029709527 -2.77163859753386 6
      vertex 8.566710699058806 -2.4944088369076356 6
    endloop
  endfacet
  facet normal -0.6343932841636434 0.7730104533627388 0
    outer loop
      vertex 9.021320343559644 -2.121320343559643 2.6
      vertex 8.566710699058806 -2.4944088369076356 6
      vertex 9.021320343559644 -2.121320343559643 6
    endloop
  endfacet
  facet normal -0.7730104533627375 0.6343932841636448 0
    outer loop
      vertex 9.021320343559644 -2.121320343559643 2.6
      vertex 9.021320343559644 -2.121320343559643 6
      vertex 9.394408836907637 -1.6667106990588065 2.6
    endloop
  endfacet
  facet normal 0 0 1
    outer loop
      vertex 9.021320343559644 -2.121320343559643 2.6
      vertex 9.394408836907637 -1.6667106990588065 2.6
      vertex 9.394408836907637 1.6667106990588065 2.6
    endloop
  endfacet
  facet normal -0.8819212643483557 0.4713967368259963 0
    outer loop
      vertex 9.394408836907637 -1.6667106990588065 2.6
      vertex 9.394408836907637 -1.6667106990588065 6
      vertex 9.67163859753386 -1.1480502970952693 2.6
    endloop
  endfacet
  facet normal -0.7730104533627375 0.6343932841636448 0
    outer loop
      vertex 9.394408836907637 -1.6667106990588065 2.6
      vertex 9.021320343559644 -2.121320343559643 6
      vertex 9.394408836907637 -1.6667106990588065 6
    endloop
  endfacet
  facet normal -0.8819212643483557 0.4713967368259963 0
    outer loop
      vertex 9.67163859753386 -1.1480502970952693 2.6
      vertex 9.394408836907637 -1.6667106990588065 6
      vertex 9.67163859753386 -1.1480502970952693 6
    endloop
  endfacet
  facet normal 0 0 1
    outer loop
      vertex 8.566710699058806 -2.4944088369076356 2.6
      vertex 9.021320343559644 2.121320343559643 2.6
      vertex 8.665413504725816 -0.35116257962903086 2.6
    endloop
  endfacet
  facet normal 0 0 1
    outer loop
      vertex 8.562983158520316 0.6888301782571616 2.6
      vertex 8.665413504725816 0.35116257962903086 2.6
      vertex 8.566710699058806 2.4944088369076356 2.6
    endloop
  endfacet
  facet normal 0 0 1
    outer loop
      vertex 8.665413504725816 -0.35116257962903086 2.6
      vertex 9.021320343559644 2.121320343559643 2.6
      vertex 8.700000000000001 0 2.6
    endloop
  endfacet
  facet normal 0 0 1
    outer loop
      vertex 8.700000000000001 0 2.6
      vertex 9.021320343559644 2.121320343559643 2.6
      vertex 8.665413504725816 0.35116257962903086 2.6
    endloop
  endfacet
  facet normal 0 0 1
    outer loop
      vertex 8.172792206135785 1.2727922061357857 2.6
      vertex 8.39664530214458 1.000026419435284 2.6
      vertex 8.566710699058806 2.4944088369076356 2.6
    endloop
  endfacet
  facet normal 0 0 1
    outer loop
      vertex 8.172792206135785 1.2727922061357857 2.6
      vertex 8.566710699058806 2.4944088369076356 2.6
      vertex 8.04805029709527 2.77163859753386 2.6
    endloop
  endfacet
  facet normal 0 0 1
    outer loop
      vertex 8.39664530214458 1.000026419435284 2.6
      vertex 8.562983158520316 0.6888301782571616 2.6
      vertex 8.566710699058806 2.4944088369076356 2.6
    endloop
  endfacet
  facet normal -0.47139673682599786 -0.8819212643483549 0
    outer loop
      vertex 8.04805029709527 2.77163859753386 2.6
      vertex 8.566710699058806 2.4944088369076356 2.6
      vertex 8.566710699058806 2.4944088369076356 6
    endloop
  endfacet
  facet normal 0 0 1
    outer loop
      vertex 8.665413504725816 0.35116257962903086 2.6
      vertex 9.021320343559644 2.121320343559643 2.6
      vertex 8.566710699058806 2.4944088369076356 2.6
    endloop
  endfacet
  facet normal -0.6343932841636434 -0.7730104533627388 0
    outer loop
      vertex 8.566710699058806 2.4944088369076356 2.6
      vertex 9.021320343559644 2.121320343559643 2.6
      vertex 9.021320343559644 2.121320343559643 6
    endloop
  endfacet
  facet normal -0.6343932841636434 -0.7730104533627388 0
    outer loop
      vertex 8.566710699058806 2.4944088369076356 2.6
      vertex 9.021320343559644 2.121320343559643 6
      vertex 8.566710699058806 2.4944088369076356 6
    endloop
  endfacet
  facet normal 0 0 1
    outer loop
      vertex 9.021320343559644 -2.121320343559643 2.6
      vertex 9.394408836907637 1.6667106990588065 2.6
      vertex 9.021320343559644 2.121320343559643 2.6
    endloop
  endfacet
  facet normal 0 0 1
    outer loop
      vertex 9.394408836907637 -1.6667106990588065 2.6
      vertex 9.67163859753386 -1.1480502970952693 2.6
      vertex 9.67163859753386 1.1480502970952693 2.6
    endloop
  endfacet
  facet normal 0 0 1
    outer loop
      vertex 9.394408836907637 -1.6667106990588065 2.6
      vertex 9.67163859753386 1.1480502970952693 2.6
      vertex 9.394408836907637 1.6667106990588065 2.6
    endloop
  endfacet
  facet normal -0.7730104533627375 -0.6343932841636448 0
    outer loop
      vertex 9.021320343559644 2.121320343559643 2.6
      vertex 9.394408836907637 1.6667106990588065 2.6
      vertex 9.394408836907637 1.6667106990588065 6
    endloop
  endfacet
  facet normal -0.8819212643483557 -0.4713967368259963 0
    outer loop
      vertex 9.394408836907637 1.6667106990588065 2.6
      vertex 9.67163859753386 1.1480502970952693 2.6
      vertex 9.67163859753386 1.1480502970952693 6
    endloop
  endfacet
  facet normal -0.7730104533627375 -0.6343932841636448 0
    outer loop
      vertex 9.021320343559644 2.121320343559643 2.6
      vertex 9.394408836907637 1.6667106990588065 6
      vertex 9.021320343559644 2.121320343559643 6
    endloop
  endfacet
  facet normal -0.8819212643483557 -0.4713967368259963 0
    outer loop
      vertex 9.394408836907637 1.6667106990588065 2.6
      vertex 9.67163859753386 1.1480502970952693 6
      vertex 9.394408836907637 1.6667106990588065 6
    endloop
  endfacet
  facet normal -0.9569403357322088 0.2902846772544627 0
    outer loop
      vertex 9.67163859753386 -1.1480502970952693 2.6
      vertex 9.67163859753386 -1.1480502970952693 6
      vertex 9.842355841209692 -0.5852709660483848 2.6
    endloop
  endfacet
  facet normal -0.9569403357322088 0.2902846772544627 0
    outer loop
      vertex 9.842355841209692 -0.5852709660483848 2.6
      vertex 9.67163859753386 -1.1480502970952693 6
      vertex 9.842355841209692 -0.5852709660483848 6
    endloop
  endfacet
  facet normal 0 0 1
    outer loop
      vertex 9.67163859753386 -1.1480502970952693 2.6
      vertex 9.842355841209692 -0.5852709660483848 2.6
      vertex 9.842355841209692 0.5852709660483848 2.6
    endloop
  endfacet
  facet normal 0 0 1
    outer loop
      vertex 9.67163859753386 -1.1480502970952693 2.6
      vertex 9.842355841209692 0.5852709660483848 2.6
      vertex 9.67163859753386 1.1480502970952693 2.6
    endloop
  endfacet
  facet normal 0 0 1
    outer loop
      vertex 9.842355841209692 -0.5852709660483848 2.6
      vertex 9.9 0 2.6
      vertex 9.842355841209692 0.5852709660483848 2.6
    endloop
  endfacet
  facet normal -0.9951847266721968 0.0980171403295607 0
    outer loop
      vertex 9.842355841209692 -0.5852709660483848 2.6
      vertex 9.842355841209692 -0.5852709660483848 6
      vertex 9.9 0 2.6
    endloop
  endfacet
  facet normal -0.9951847266721968 -0.0980171403295607 0
    outer loop
      vertex 9.9 0 2.6
      vertex 9.9 0 6
      vertex 9.842355841209692 0.5852709660483848 2.6
    endloop
  endfacet
  facet normal -0.9569403357322088 -0.2902846772544627 0
    outer loop
      vertex 9.67163859753386 1.1480502970952693 2.6
      vertex 9.842355841209692 0.5852709660483848 2.6
      vertex 9.842355841209692 0.5852709660483848 6
    endloop
  endfacet
  facet normal -0.9951847266721968 0.0980171403295607 0
    outer loop
      vertex 9.9 0 2.6
      vertex 9.842355841209692 -0.5852709660483848 6
      vertex 9.9 0 6
    endloop
  endfacet
  facet normal -0.9569403357322088 -0.2902846772544627 0
    outer loop
      vertex 9.67163859753386 1.1480502970952693 2.6
      vertex 9.842355841209692 0.5852709660483848 6
      vertex 9.67163859753386 1.1480502970952693 6
    endloop
  endfacet
  facet normal -0.9951847266721968 -0.0980171403295607 0
    outer loop
      vertex 9.842355841209692 0.5852709660483848 2.6
      vertex 9.9 0 6
      vertex 9.842355841209692 0.5852709660483848 6
    endloop
  endfacet
  facet normal 0.9569403357322087 0.2902846772544629 0
    outer loop
      vertex -2.9423558412096913 -7.485270966048385 2.6
      vertex -2.9423558412096913 -7.485270966048385 6
      vertex -2.77163859753386 -8.04805029709527 2.6
    endloop
  endfacet
  facet normal 0 0 1
    outer loop
      vertex -2.9423558412096913 -7.485270966048385 2.6
      vertex -2.9423558412096913 -6.3147290339516156 2.6
      vertex -3 -6.9 2.6
    endloop
  endfacet
  facet normal 0 0 1
    outer loop
      vertex -2.9423558412096913 -7.485270966048385 2.6
      vertex -2.77163859753386 -8.04805029709527 2.6
      vertex -2.77163859753386 -5.7519497029047315 2.6
    endloop
  endfacet
  facet normal 0 0 1
    outer loop
      vertex -2.9423558412096913 -7.485270966048385 2.6
      vertex -2.77163859753386 -5.7519497029047315 2.6
      vertex -2.9423558412096913 -6.3147290339516156 2.6
    endloop
  endfacet
  facet normal 0.9951847266721968 0.0980171403295607 0
    outer loop
      vertex -2.9423558412096913 -7.485270966048385 2.6
      vertex -3 -6.9 2.6
      vertex -3 -6.9 6
    endloop
  endfacet
  facet normal 0.9951847266721968 -0.0980171403295607 0
    outer loop
      vertex -3 -6.9 2.6
      vertex -2.9423558412096913 -6.3147290339516156 2.6
      vertex -2.9423558412096913 -6.3147290339516156 6
    endloop
  endfacet
  facet normal 0.9569403357322087 0.2902846772544629 0
    outer loop
      vertex -2.77163859753386 -8.04805029709527 2.6
      vertex -2.9423558412096913 -7.485270966048385 6
      vertex -2.77163859753386 -8.04805029709527 6
    endloop
  endfacet
  facet normal 0.9951847266721968 0.0980171403295607 0
    outer loop
      vertex -2.9423558412096913 -7.485270966048385 2.6
      vertex -3 -6.9 6
      vertex -2.9423558412096913 -7.485270966048385 6
    endloop
  endfacet
  facet normal 0.9951847266721968 -0.0980171403295607 0
    outer loop
      vertex -3 -6.9 2.6
      vertex -2.9423558412096913 -6.3147290339516156 6
      vertex -3 -6.9 6
    endloop
  endfacet
  facet normal 0.9569403357322087 -0.2902846772544629 0
    outer loop
      vertex -2.9423558412096913 -6.3147290339516156 2.6
      vertex -2.77163859753386 -5.7519497029047315 2.6
      vertex -2.77163859753386 -5.7519497029047315 6
    endloop
  endfacet
  facet normal 0.9569403357322087 -0.2902846772544629 0
    outer loop
      vertex -2.9423558412096913 -6.3147290339516156 2.6
      vertex -2.77163859753386 -5.7519497029047315 6
      vertex -2.9423558412096913 -6.3147290339516156 6
    endloop
  endfacet
  facet normal 0.7730104533627388 0.6343932841636434 0
    outer loop
      vertex -2.4944088369076356 -8.566710699058806 2.6
      vertex -2.4944088369076356 -8.566710699058806 6
      vertex -2.121320343559643 -9.021320343559644 2.6
    endloop
  endfacet
  facet normal 0.7730104533627388 0.6343932841636434 0
    outer loop
      vertex -2.121320343559643 -9.021320343559644 2.6
      vertex -2.4944088369076356 -8.566710699058806 6
      vertex -2.121320343559643 -9.021320343559644 6
    endloop
  endfacet
  facet normal 0 0 1
    outer loop
      vertex -2.121320343559643 -9.021320343559644 2.6
      vertex -1.6667106990588065 -9.394408836907637 2.6
      vertex -1.7654135047258148 -7.251162579629031 2.6
    endloop
  endfacet
  facet normal 0.6343932841636448 0.7730104533627375 0
    outer loop
      vertex -2.121320343559643 -9.021320343559644 2.6
      vertex -2.121320343559643 -9.021320343559644 6
      vertex -1.6667106990588065 -9.394408836907637 2.6
    endloop
  endfacet
  facet normal 0.4713967368259963 0.8819212643483557 0
    outer loop
      vertex -1.6667106990588065 -9.394408836907637 2.6
      vertex -1.6667106990588065 -9.394408836907637 6
      vertex -1.1480502970952693 -9.67163859753386 2.6
    endloop
  endfacet
  facet normal 0 0 1
    outer loop
      vertex -1.6667106990588065 -9.394408836907637 2.6
      vertex -1.2727922061357857 -8.172792206135785 2.6
      vertex -1.4966453021445814 -7.900026419435284 2.6
    endloop
  endfacet
  facet normal 0.6343932841636448 0.7730104533627375 0
    outer loop
      vertex -1.6667106990588065 -9.394408836907637 2.6
      vertex -2.121320343559643 -9.021320343559644 6
      vertex -1.6667106990588065 -9.394408836907637 6
    endloop
  endfacet
  facet normal 0.8819212643483549 0.47139673682599786 0
    outer loop
      vertex -2.77163859753386 -8.04805029709527 2.6
      vertex -2.77163859753386 -8.04805029709527 6
      vertex -2.4944088369076356 -8.566710699058806 2.6
    endloop
  endfacet
  facet normal 0 0 1
    outer loop
      vertex -2.77163859753386 -8.04805029709527 2.6
      vertex -2.4944088369076356 -8.566710699058806 2.6
      vertex -2.4944088369076356 -5.233289300941194 2.6
    endloop
  endfacet
  facet normal 0 0 1
    outer loop
      vertex -2.4944088369076356 -8.566710699058806 2.6
      vertex -2.121320343559643 -9.021320343559644 2.6
      vertex -2.121320343559643 -4.7786796564403575 2.6
    endloop
  endfacet
  facet normal 0.8819212643483549 0.47139673682599786 0
    outer loop
      vertex -2.4944088369076356 -8.566710699058806 2.6
      vertex -2.77163859753386 -8.04805029709527 6
      vertex -2.4944088369076356 -8.566710699058806 6
    endloop
  endfacet
  facet normal 0 0 1
    outer loop
      vertex -2.77163859753386 -8.04805029709527 2.6
      vertex -2.4944088369076356 -5.233289300941194 2.6
      vertex -2.77163859753386 -5.7519497029047315 2.6
    endloop
  endfacet
  facet normal 0.8819212643483553 -0.47139673682599725 0
    outer loop
      vertex -2.77163859753386 -5.7519497029047315 2.6
      vertex -2.4944088369076356 -5.233289300941194 2.6
      vertex -2.4944088369076356 -5.233289300941194 6
    endloop
  endfacet
  facet normal 0 0 1
    outer loop
      vertex -2.4944088369076356 -8.566710699058806 2.6
      vertex -2.121320343559643 -4.7786796564403575 2.6
      vertex -2.4944088369076356 -5.233289300941194 2.6
    endloop
  endfacet
  facet normal 0.7730104533627375 -0.6343932841636448 0
    outer loop
      vertex -2.4944088369076356 -5.233289300941194 2.6
      vertex -2.121320343559643 -4.7786796564403575 2.6
      vertex -2.121320343559643 -4.7786796564403575 6
    endloop
  endfacet
  facet normal 0.8819212643483553 -0.47139673682599725 0
    outer loop
      vertex -2.77163859753386 -5.7519497029047315 2.6
      vertex -2.4944088369076356 -5.233289300941194 6
      vertex -2.77163859753386 -5.7519497029047315 6
    endloop
  endfacet
  facet normal 0.7730104533627375 -0.6343932841636448 0
    outer loop
      vertex -2.4944088369076356 -5.233289300941194 2.6
      vertex -2.121320343559643 -4.7786796564403575 6
      vertex -2.4944088369076356 -5.233289300941194 6
    endloop
  endfacet
  facet normal 0 0 1
    outer loop
      vertex -2.121320343559643 -9.021320343559644 2.6
      vertex -1.7654135047258148 -7.251162579629031 2.6
      vertex -1.8 -6.9 2.6
    endloop
  endfacet
  facet normal 0 0 1
    outer loop
      vertex -2.121320343559643 -9.021320343559644 2.6
      vertex -1.8 -6.9 2.6
      vertex -1.7654135047258148 -6.54883742037097 2.6
    endloop
  endfacet
  facet normal 0 0 1
    outer loop
      vertex -2.121320343559643 -9.021320343559644 2.6
      vertex -1.7654135047258148 -6.54883742037097 2.6
      vertex -1.6667106990588065 -4.405591163092365 2.6
    endloop
  endfacet
  facet normal 0 0 1
    outer loop
      vertex -1.6667106990588065 -9.394408836907637 2.6
      vertex -1.662983158520316 -7.588830178257162 2.6
      vertex -1.7654135047258148 -7.251162579629031 2.6
    endloop
  endfacet
  facet normal 0 0 1
    outer loop
      vertex -1.6667106990588065 -9.394408836907637 2.6
      vertex -1.4966453021445814 -7.900026419435284 2.6
      vertex -1.662983158520316 -7.588830178257162 2.6
    endloop
  endfacet
  facet normal 0 0 1
    outer loop
      vertex -2.121320343559643 -9.021320343559644 2.6
      vertex -1.6667106990588065 -4.405591163092365 2.6
      vertex -2.121320343559643 -4.7786796564403575 2.6
    endloop
  endfacet
  facet normal 0 0 1
    outer loop
      vertex -1.7654135047258148 -6.54883742037097 2.6
      vertex -1.662983158520316 -6.211169821742839 2.6
      vertex -1.6667106990588065 -4.405591163092365 2.6
    endloop
  endfacet
  facet normal 0 0 1
    outer loop
      vertex -1.662983158520316 -6.211169821742839 2.6
      vertex -1.4966453021445814 -5.899973580564716 2.6
      vertex -1.6667106990588065 -4.405591163092365 2.6
    endloop
  endfacet
  facet normal 0 0 1
    outer loop
      vertex -1.4966453021445814 -5.899973580564716 2.6
      vertex -1.2727922061357857 -5.627207793864215 2.6
      vertex -1.6667106990588065 -4.405591163092365 2.6
    endloop
  endfacet
  facet normal 0.6343932841636448 -0.7730104533627375 0
    outer loop
      vertex -2.121320343559643 -4.7786796564403575 2.6
      vertex -1.6667106990588065 -4.405591163092365 6
      vertex -2.121320343559643 -4.7786796564403575 6
    endloop
  endfacet
  facet normal 0 0 1
    outer loop
      vertex -1.6667106990588065 -9.394408836907637 2.6
      vertex -1.1480502970952693 -9.67163859753386 2.6
      vertex -1.2727922061357857 -8.172792206135785 2.6
    endloop
  endfacet
  facet normal 0 0 1
    outer loop
      vertex -1.1480502970952693 -9.67163859753386 2.6
      vertex -1.000026419435284 -8.39664530214458 2.6
      vertex -1.2727922061357857 -8.172792206135785 2.6
    endloop
  endfacet
  facet normal 0.2902846772544627 0.9569403357322088 0
    outer loop
      vertex -1.1480502970952693 -9.67163859753386 2.6
      vertex -1.1480502970952693 -9.67163859753386 6
      vertex -0.5852709660483848 -9.842355841209692 2.6
    endloop
  endfacet
  facet normal 0 0 1
    outer loop
      vertex -1.1480502970952693 -9.67163859753386 2.6
      vertex -0.6888301782571616 -8.562983158520316 2.6
      vertex -1.000026419435284 -8.39664530214458 2.6
    endloop
  endfacet
  facet normal 0 0 1
    outer loop
      vertex -1.1480502970952693 -9.67163859753386 2.6
      vertex -0.5852709660483848 -9.842355841209692 2.6
      vertex -0.6888301782571616 -8.562983158520316 2.6
    endloop
  endfacet
  facet normal 0.4713967368259963 0.8819212643483557 0
    outer loop
      vertex -1.1480502970952693 -9.67163859753386 2.6
      vertex -1.6667106990588065 -9.394408836907637 6
      vertex -1.1480502970952693 -9.67163859753386 6
    endloop
  endfacet
  facet normal 0.2902846772544627 0.9569403357322088 0
    outer loop
      vertex -0.5852709660483848 -9.842355841209692 2.6
      vertex -1.1480502970952693 -9.67163859753386 6
      vertex -0.5852709660483848 -9.842355841209692 6
    endloop
  endfacet
  facet normal 0.0980171403295607 0.9951847266721968 0
    outer loop
      vertex -0.5852709660483848 -9.842355841209692 2.6
      vertex -0.5852709660483848 -9.842355841209692 6
      vertex 0 -9.9 2.6
    endloop
  endfacet
  facet normal 0 0 1
    outer loop
      vertex -0.6888301782571616 -8.562983158520316 2.6
      vertex -0.5852709660483848 -9.842355841209692 2.6
      vertex -0.35116257962903086 -8.665413504725816 2.6
    endloop
  endfacet
  facet normal 0 0 1
    outer loop
      vertex -0.5852709660483848 -9.842355841209692 2.6
      vertex 0 -9.9 2.6
      vertex -0.35116257962903086 -8.665413504725816 2.6
    endloop
  endfacet
  facet normal 0 0 1
    outer loop
      vertex -0.35116257962903086 -8.665413504725816 2.6
      vertex 0 -9.9 2.6
      vertex 0 -8.700000000000001 2.6
    endloop
  endfacet
  facet normal 0.0980171403295607 0.9951847266721968 0
    outer loop
      vertex -0.5852709660483848 -9.842355841209692 6
      vertex 0 -9.9 6
      vertex 0 -9.9 2.6
    endloop
  endfacet
  facet normal 0 0 1
    outer loop
      vertex -1.2727922061357857 -5.627207793864215 2.6
      vertex -1.1480502970952693 -4.12836140246614 2.6
      vertex -1.6667106990588065 -4.405591163092365 2.6
    endloop
  endfacet
  facet normal 0 0 1
    outer loop
      vertex -1.2727922061357857 -5.627207793864215 2.6
      vertex -1.000026419435284 -5.403354697855419 2.6
      vertex -1.1480502970952693 -4.12836140246614 2.6
    endloop
  endfacet
  facet normal 0 0 1
    outer loop
      vertex -1.000026419435284 -5.403354697855419 2.6
      vertex -0.6888301782571616 -5.237016841479685 2.6
      vertex -1.1480502970952693 -4.12836140246614 2.6
    endloop
  endfacet
  facet normal 0 0 1
    outer loop
      vertex -0.6888301782571616 -5.237016841479685 2.6
      vertex -0.35116257962903086 -5.134586495274186 2.6
      vertex -0.5852709660483848 -3.957644158790309 2.6
    endloop
  endfacet
  facet normal 0 0 1
    outer loop
      vertex -0.35116257962903086 -5.134586495274186 2.6
      vertex 0 -5.1000000000000005 2.6
      vertex -0.5852709660483848 -3.957644158790309 2.6
    endloop
  endfacet
  facet normal 0.6343932841636448 -0.7730104533627375 0
    outer loop
      vertex -2.121320343559643 -4.7786796564403575 2.6
      vertex -1.6667106990588065 -4.405591163092365 2.6
      vertex -1.6667106990588065 -4.405591163092365 6
    endloop
  endfacet
  facet normal 0.47139673682599753 -0.8819212643483552 0
    outer loop
      vertex -1.6667106990588065 -4.405591163092365 2.6
      vertex -1.1480502970952693 -4.12836140246614 6
      vertex -1.6667106990588065 -4.405591163092365 6
    endloop
  endfacet
  facet normal 0.47139673682599753 -0.8819212643483552 0
    outer loop
      vertex -1.6667106990588065 -4.405591163092365 2.6
      vertex -1.1480502970952693 -4.12836140246614 2.6
      vertex -1.1480502970952693 -4.12836140246614 6
    endloop
  endfacet
  facet normal 0 0 1
    outer loop
      vertex -0.6888301782571616 -5.237016841479685 2.6
      vertex -0.5852709660483848 -3.957644158790309 2.6
      vertex -1.1480502970952693 -4.12836140246614 2.6
    endloop
  endfacet
  facet normal 0.2902846772544627 -0.9569403357322088 0
    outer loop
      vertex -1.1480502970952693 -4.12836140246614 2.6
      vertex -0.5852709660483848 -3.957644158790309 2.6
      vertex -0.5852709660483848 -3.957644158790309 6
    endloop
  endfacet
  facet normal 0.2902846772544627 -0.9569403357322088 0
    outer loop
      vertex -1.1480502970952693 -4.12836140246614 2.6
      vertex -0.5852709660483848 -3.957644158790309 6
      vertex -1.1480502970952693 -4.12836140246614 6
    endloop
  endfacet
  facet normal 0 0 1
    outer loop
      vertex -0.5852709660483848 -3.957644158790309 2.6
      vertex 0 -5.1000000000000005 2.6
      vertex 0 -3.9000000000000004 2.6
    endloop
  endfacet
  facet normal 0.0980171403295607 -0.9951847266721968 0
    outer loop
      vertex -0.5852709660483848 -3.957644158790309 2.6
      vertex 0 -3.9000000000000004 2.6
      vertex 0 -3.9000000000000004 6
    endloop
  endfacet
  facet normal 0.0980171403295607 -0.9951847266721968 0
    outer loop
      vertex -0.5852709660483848 -3.957644158790309 2.6
      vertex 0 -3.9000000000000004 6
      vertex -0.5852709660483848 -3.957644158790309 6
    endloop
  endfacet
  facet normal 0 0 1
    outer loop
      vertex 0 -9.9 2.6
      vertex 0.5852709660483848 -9.842355841209692 2.6
      vertex 0 -8.700000000000001 2.6
    endloop
  endfacet
  facet normal -0.0980171403295607 0.9951847266721968 0
    outer loop
      vertex 0 -9.9 2.6
      vertex 0 -9.9 6
      vertex 0.5852709660483848 -9.842355841209692 2.6
    endloop
  endfacet
  facet normal 0 0 1
    outer loop
      vertex 0 -8.700000000000001 2.6
      vertex 0.5852709660483848 -9.842355841209692 2.6
      vertex 0.35116257962903086 -8.665413504725816 2.6
    endloop
  endfacet
  facet normal 0 0 1
    outer loop
      vertex 0.5852709660483848 -9.842355841209692 2.6
      vertex 0.6888301782571616 -8.562983158520316 2.6
      vertex 0.35116257962903086 -8.665413504725816 2.6
    endloop
  endfacet
  facet normal -0.0980171403295607 0.9951847266721968 0
    outer loop
      vertex 0.5852709660483848 -9.842355841209692 2.6
      vertex 0 -9.9 6
      vertex 0.5852709660483848 -9.842355841209692 6
    endloop
  endfacet
  facet normal -0.2902846772544627 0.9569403357322088 0
    outer loop
      vertex 0.5852709660483848 -9.842355841209692 2.6
      vertex 0.5852709660483848 -9.842355841209692 6
      vertex 1.1480502970952693 -9.67163859753386 2.6
    endloop
  endfacet
  facet normal 0 0 1
    outer loop
      vertex 0.5852709660483848 -9.842355841209692 2.6
      vertex 1.1480502970952693 -9.67163859753386 2.6
      vertex 0.6888301782571616 -8.562983158520316 2.6
    endloop
  endfacet
  facet normal 0 0 1
    outer loop
      vertex 0.6888301782571616 -8.562983158520316 2.6
      vertex 1.1480502970952693 -9.67163859753386 2.6
      vertex 1.000026419435284 -8.39664530214458 2.6
    endloop
  endfacet
  facet normal -0.4713967368259963 0.8819212643483557 0
    outer loop
      vertex 1.1480502970952693 -9.67163859753386 2.6
      vertex 1.1480502970952693 -9.67163859753386 6
      vertex 1.6667106990588065 -9.394408836907637 2.6
    endloop
  endfacet
  facet normal 0 0 1
    outer loop
      vertex 1.1480502970952693 -9.67163859753386 2.6
      vertex 1.2727922061357857 -8.172792206135785 2.6
      vertex 1.000026419435284 -8.39664530214458 2.6
    endloop
  endfacet
  facet normal 0 0 1
    outer loop
      vertex 1.1480502970952693 -9.67163859753386 2.6
      vertex 1.6667106990588065 -9.394408836907637 2.6
      vertex 1.2727922061357857 -8.172792206135785 2.6
    endloop
  endfacet
  facet normal -0.2902846772544627 0.9569403357322088 0
    outer loop
      vertex 1.1480502970952693 -9.67163859753386 2.6
      vertex 0.5852709660483848 -9.842355841209692 6
      vertex 1.1480502970952693 -9.67163859753386 6
    endloop
  endfacet
  facet normal 0 0 1
    outer loop
      vertex 0 -5.1000000000000005 2.6
      vertex 0.35116257962903086 -5.134586495274186 2.6
      vertex 0 -3.9000000000000004 2.6
    endloop
  endfacet
  facet normal 0 0 1
    outer loop
      vertex 0.35116257962903086 -5.134586495274186 2.6
      vertex 0.6888301782571616 -5.237016841479685 2.6
      vertex 0.5852709660483848 -3.957644158790309 2.6
    endloop
  endfacet
  facet normal 0 0 1
    outer loop
      vertex 0.6888301782571616 -5.237016841479685 2.6
      vertex 1.000026419435284 -5.403354697855419 2.6
      vertex 1.1480502970952693 -4.12836140246614 2.6
    endloop
  endfacet
  facet normal 0 0 1
    outer loop
      vertex 1.000026419435284 -5.403354697855419 2.6
      vertex 1.2727922061357857 -5.627207793864215 2.6
      vertex 1.1480502970952693 -4.12836140246614 2.6
    endloop
  endfacet
  facet normal 0 0 1
    outer loop
      vertex 1.2727922061357857 -5.627207793864215 2.6
      vertex 1.6667106990588065 -4.405591163092365 2.6
      vertex 1.1480502970952693 -4.12836140246614 2.6
    endloop
  endfacet
  facet normal 0 0 1
    outer loop
      vertex 1.2727922061357857 -8.172792206135785 2.6
      vertex 1.6667106990588065 -9.394408836907637 2.6
      vertex 1.4966453021445814 -7.900026419435284 2.6
    endloop
  endfacet
  facet normal -0.6343932841636448 0.7730104533627375 0
    outer loop
      vertex 1.6667106990588065 -9.394408836907637 2.6
      vertex 1.6667106990588065 -9.394408836907637 6
      vertex 2.121320343559643 -9.021320343559644 2.6
    endloop
  endfacet
  facet normal -0.4713967368259963 0.8819212643483557 0
    outer loop
      vertex 1.6667106990588065 -9.394408836907637 2.6
      vertex 1.1480502970952693 -9.67163859753386 6
      vertex 1.6667106990588065 -9.394408836907637 6
    endloop
  endfacet
  facet normal -0.6343932841636448 0.7730104533627375 0
    outer loop
      vertex 2.121320343559643 -9.021320343559644 2.6
      vertex 1.6667106990588065 -9.394408836907637 6
      vertex 2.121320343559643 -9.021320343559644 6
    endloop
  endfacet
  facet normal -0.7730104533627388 0.6343932841636434 0
    outer loop
      vertex 2.121320343559643 -9.021320343559644 2.6
      vertex 2.121320343559643 -9.021320343559644 6
      vertex 2.4944088369076356 -8.566710699058806 2.6
    endloop
  endfacet
  facet normal -0.7730104533627388 0.6343932841636434 0
    outer loop
      vertex 2.4944088369076356 -8.566710699058806 2.6
      vertex 2.121320343559643 -9.021320343559644 6
      vertex 2.4944088369076356 -8.566710699058806 6
    endloop
  endfacet
  facet normal 0 0 1
    outer loop
      vertex 1.6667106990588065 -9.394408836907637 2.6
      vertex 1.662983158520316 -7.588830178257162 2.6
      vertex 1.4966453021445814 -7.900026419435284 2.6
    endloop
  endfacet
  facet normal 0 0 1
    outer loop
      vertex 1.6667106990588065 -9.394408836907637 2.6
      vertex 1.7654135047258148 -7.251162579629031 2.6
      vertex 1.662983158520316 -7.588830178257162 2.6
    endloop
  endfacet
  facet normal 0 0 1
    outer loop
      vertex 1.6667106990588065 -9.394408836907637 2.6
      vertex 2.121320343559643 -9.021320343559644 2.6
      vertex 2.121320343559643 -4.7786796564403575 2.6
    endloop
  endfacet
  facet normal 0 0 1
    outer loop
      vertex 1.6667106990588065 -9.394408836907637 2.6
      vertex 2.121320343559643 -4.7786796564403575 2.6
      vertex 1.7654135047258148 -7.251162579629031 2.6
    endloop
  endfacet
  facet normal 0 0 1
    outer loop
      vertex 1.7654135047258148 -6.54883742037097 2.6
      vertex 1.6667106990588065 -4.405591163092365 2.6
      vertex 1.662983158520316 -6.211169821742839 2.6
    endloop
  endfacet
  facet normal 0 0 1
    outer loop
      vertex 1.2727922061357857 -5.627207793864215 2.6
      vertex 1.4966453021445814 -5.899973580564716 2.6
      vertex 1.6667106990588065 -4.405591163092365 2.6
    endloop
  endfacet
  facet normal 0 0 1
    outer loop
      vertex 1.4966453021445814 -5.899973580564716 2.6
      vertex 1.662983158520316 -6.211169821742839 2.6
      vertex 1.6667106990588065 -4.405591163092365 2.6
    endloop
  endfacet
  facet normal 0 0 1
    outer loop
      vertex 1.7654135047258148 -7.251162579629031 2.6
      vertex 2.121320343559643 -4.7786796564403575 2.6
      vertex 1.8 -6.9 2.6
    endloop
  endfacet
  facet normal 0 0 1
    outer loop
      vertex 1.8 -6.9 2.6
      vertex 2.121320343559643 -4.7786796564403575 2.6
      vertex 1.7654135047258148 -6.54883742037097 2.6
    endloop
  endfacet
  facet normal 0 0 1
    outer loop
      vertex 1.7654135047258148 -6.54883742037097 2.6
      vertex 2.121320343559643 -4.7786796564403575 2.6
      vertex 1.6667106990588065 -4.405591163092365 2.6
    endloop
  endfacet
  facet normal -0.6343932841636448 -0.7730104533627375 0
    outer loop
      vertex 2.121320343559643 -4.7786796564403575 2.6
      vertex 2.121320343559643 -4.7786796564403575 6
      vertex 1.6667106990588065 -4.405591163092365 2.6
    endloop
  endfacet
  facet normal 0 0 1
    outer loop
      vertex 2.121320343559643 -9.021320343559644 2.6
      vertex 2.4944088369076356 -8.566710699058806 2.6
      vertex 2.4944088369076356 -5.233289300941194 2.6
    endloop
  endfacet
  facet normal 0 0 1
    outer loop
      vertex 2.4944088369076356 -8.566710699058806 2.6
      vertex 2.77163859753386 -8.04805029709527 2.6
      vertex 2.77163859753386 -5.7519497029047315 2.6
    endloop
  endfacet
  facet normal -0.8819212643483549 0.47139673682599786 0
    outer loop
      vertex 2.4944088369076356 -8.566710699058806 2.6
      vertex 2.4944088369076356 -8.566710699058806 6
      vertex 2.77163859753386 -8.04805029709527 2.6
    endloop
  endfacet
  facet normal 0 0 1
    outer loop
      vertex 2.4944088369076356 -8.566710699058806 2.6
      vertex 2.77163859753386 -5.7519497029047315 2.6
      vertex 2.4944088369076356 -5.233289300941194 2.6
    endloop
  endfacet
  facet normal -0.8819212643483549 0.47139673682599786 0
    outer loop
      vertex 2.77163859753386 -8.04805029709527 2.6
      vertex 2.4944088369076356 -8.566710699058806 6
      vertex 2.77163859753386 -8.04805029709527 6
    endloop
  endfacet
  facet normal 0 0 1
    outer loop
      vertex 2.121320343559643 -9.021320343559644 2.6
      vertex 2.4944088369076356 -5.233289300941194 2.6
      vertex 2.121320343559643 -4.7786796564403575 2.6
    endloop
  endfacet
  facet normal -0.7730104533627375 -0.6343932841636448 0
    outer loop
      vertex 2.121320343559643 -4.7786796564403575 2.6
      vertex 2.4944088369076356 -5.233289300941194 2.6
      vertex 2.4944088369076356 -5.233289300941194 6
    endloop
  endfacet
  facet normal -0.8819212643483553 -0.47139673682599725 0
    outer loop
      vertex 2.4944088369076356 -5.233289300941194 2.6
      vertex 2.77163859753386 -5.7519497029047315 2.6
      vertex 2.77163859753386 -5.7519497029047315 6
    endloop
  endfacet
  facet normal -0.7730104533627375 -0.6343932841636448 0
    outer loop
      vertex 2.121320343559643 -4.7786796564403575 2.6
      vertex 2.4944088369076356 -5.233289300941194 6
      vertex 2.121320343559643 -4.7786796564403575 6
    endloop
  endfacet
  facet normal -0.8819212643483553 -0.47139673682599725 0
    outer loop
      vertex 2.4944088369076356 -5.233289300941194 2.6
      vertex 2.77163859753386 -5.7519497029047315 6
      vertex 2.4944088369076356 -5.233289300941194 6
    endloop
  endfacet
  facet normal -0.9569403357322087 0.2902846772544629 0
    outer loop
      vertex 2.77163859753386 -8.04805029709527 2.6
      vertex 2.77163859753386 -8.04805029709527 6
      vertex 2.9423558412096913 -7.485270966048385 2.6
    endloop
  endfacet
  facet normal 0 0 1
    outer loop
      vertex 2.77163859753386 -8.04805029709527 2.6
      vertex 2.9423558412096913 -7.485270966048385 2.6
      vertex 2.9423558412096913 -6.3147290339516156 2.6
    endloop
  endfacet
  facet normal 0 0 1
    outer loop
      vertex 2.77163859753386 -8.04805029709527 2.6
      vertex 2.9423558412096913 -6.3147290339516156 2.6
      vertex 2.77163859753386 -5.7519497029047315 2.6
    endloop
  endfacet
  facet normal 0 0 1
    outer loop
      vertex 2.9423558412096913 -7.485270966048385 2.6
      vertex 3 -6.9 2.6
      vertex 2.9423558412096913 -6.3147290339516156 2.6
    endloop
  endfacet
  facet normal -0.9951847266721968 0.0980171403295607 0
    outer loop
      vertex 2.9423558412096913 -7.485270966048385 2.6
      vertex 2.9423558412096913 -7.485270966048385 6
      vertex 3 -6.9 2.6
    endloop
  endfacet
  facet normal -0.9951847266721968 -0.0980171403295607 0
    outer loop
      vertex 3 -6.9 2.6
      vertex 3 -6.9 6
      vertex 2.9423558412096913 -6.3147290339516156 2.6
    endloop
  endfacet
  facet normal -0.9569403357322087 0.2902846772544629 0
    outer loop
      vertex 2.9423558412096913 -7.485270966048385 2.6
      vertex 2.77163859753386 -8.04805029709527 6
      vertex 2.9423558412096913 -7.485270966048385 6
    endloop
  endfacet
  facet normal -0.9951847266721968 0.0980171403295607 0
    outer loop
      vertex 3 -6.9 2.6
      vertex 2.9423558412096913 -7.485270966048385 6
      vertex 3 -6.9 6
    endloop
  endfacet
  facet normal -0.9951847266721968 -0.0980171403295607 0
    outer loop
      vertex 2.9423558412096913 -6.3147290339516156 2.6
      vertex 3 -6.9 6
      vertex 2.9423558412096913 -6.3147290339516156 6
    endloop
  endfacet
  facet normal -0.9569403357322087 -0.2902846772544629 0
    outer loop
      vertex 2.77163859753386 -5.7519497029047315 2.6
      vertex 2.9423558412096913 -6.3147290339516156 2.6
      vertex 2.9423558412096913 -6.3147290339516156 6
    endloop
  endfacet
  facet normal -0.9569403357322087 -0.2902846772544629 0
    outer loop
      vertex 2.77163859753386 -5.7519497029047315 2.6
      vertex 2.9423558412096913 -6.3147290339516156 6
      vertex 2.77163859753386 -5.7519497029047315 6
    endloop
  endfacet
  facet normal 0 0 1
    outer loop
      vertex 0.35116257962903086 -5.134586495274186 2.6
      vertex 0.5852709660483848 -3.957644158790309 2.6
      vertex 0 -3.9000000000000004 2.6
    endloop
  endfacet
  facet normal -0.0980171403295607 -0.9951847266721968 0
    outer loop
      vertex 0 -3.9000000000000004 2.6
      vertex 0.5852709660483848 -3.957644158790309 2.6
      vertex 0.5852709660483848 -3.957644158790309 6
    endloop
  endfacet
  facet normal -0.0980171403295607 -0.9951847266721968 0
    outer loop
      vertex 0 -3.9000000000000004 2.6
      vertex 0.5852709660483848 -3.957644158790309 6
      vertex 0 -3.9000000000000004 6
    endloop
  endfacet
  facet normal 0 0 1
    outer loop
      vertex 0.6888301782571616 -5.237016841479685 2.6
      vertex 1.1480502970952693 -4.12836140246614 2.6
      vertex 0.5852709660483848 -3.957644158790309 2.6
    endloop
  endfacet
  facet normal -0.2902846772544627 -0.9569403357322088 0
    outer loop
      vertex 0.5852709660483848 -3.957644158790309 2.6
      vertex 1.1480502970952693 -4.12836140246614 2.6
      vertex 1.1480502970952693 -4.12836140246614 6
    endloop
  endfacet
  facet normal -0.2902846772544627 -0.9569403357322088 0
    outer loop
      vertex 0.5852709660483848 -3.957644158790309 2.6
      vertex 1.1480502970952693 -4.12836140246614 6
      vertex 0.5852709660483848 -3.957644158790309 6
    endloop
  endfacet
  facet normal -0.47139673682599753 -0.8819212643483552 0
    outer loop
      vertex 1.1480502970952693 -4.12836140246614 2.6
      vertex 1.6667106990588065 -4.405591163092365 6
      vertex 1.1480502970952693 -4.12836140246614 6
    endloop
  endfacet
  facet normal -0.47139673682599753 -0.8819212643483552 0
    outer loop
      vertex 1.1480502970952693 -4.12836140246614 2.6
      vertex 1.6667106990588065 -4.405591163092365 2.6
      vertex 1.6667106990588065 -4.405591163092365 6
    endloop
  endfacet
  facet normal -0.6343932841636448 -0.7730104533627375 0
    outer loop
      vertex 1.6667106990588065 -4.405591163092365 2.6
      vertex 2.121320343559643 -4.7786796564403575 6
      vertex 1.6667106990588065 -4.405591163092365 6
    endloop
  endfacet
  facet normal 0 0 1
    outer loop
      vertex -2.9423558412096913 6.3147290339516156 2.6
      vertex -2.9423558412096913 7.485270966048385 2.6
      vertex -3 6.9 2.6
    endloop
  endfacet
  facet normal 0 0 1
    outer loop
      vertex -2.77163859753386 5.7519497029047315 2.6
      vertex -2.77163859753386 8.04805029709527 2.6
      vertex -2.9423558412096913 6.3147290339516156 2.6
    endloop
  endfacet
  facet normal 0.9951847266721968 0.0980171403295607 0
    outer loop
      vertex -2.9423558412096913 6.3147290339516156 2.6
      vertex -3 6.9 2.6
      vertex -3 6.9 6
    endloop
  endfacet
  facet normal 0.9569403357322087 0.2902846772544629 0
    outer loop
      vertex -2.77163859753386 5.7519497029047315 2.6
      vertex -2.9423558412096913 6.3147290339516156 2.6
      vertex -2.9423558412096913 6.3147290339516156 6
    endloop
  endfacet
  facet normal 0.9569403357322087 0.2902846772544629 0
    outer loop
      vertex -2.77163859753386 5.7519497029047315 2.6
      vertex -2.9423558412096913 6.3147290339516156 6
      vertex -2.77163859753386 5.7519497029047315 6
    endloop
  endfacet
  facet normal 0.9951847266721968 0.0980171403295607 0
    outer loop
      vertex -2.9423558412096913 6.3147290339516156 2.6
      vertex -3 6.9 6
      vertex -2.9423558412096913 6.3147290339516156 6
    endloop
  endfacet
  facet normal 0 0 1
    outer loop
      vertex -2.9423558412096913 6.3147290339516156 2.6
      vertex -2.77163859753386 8.04805029709527 2.6
      vertex -2.9423558412096913 7.485270966048385 2.6
    endloop
  endfacet
  facet normal 0.9951847266721968 -0.0980171403295607 0
    outer loop
      vertex -3 6.9 2.6
      vertex -2.9423558412096913 7.485270966048385 2.6
      vertex -2.9423558412096913 7.485270966048385 6
    endloop
  endfacet
  facet normal 0.9569403357322087 -0.2902846772544629 0
    outer loop
      vertex -2.9423558412096913 7.485270966048385 2.6
      vertex -2.77163859753386 8.04805029709527 2.6
      vertex -2.77163859753386 8.04805029709527 6
    endloop
  endfacet
  facet normal 0.9951847266721968 -0.0980171403295607 0
    outer loop
      vertex -3 6.9 2.6
      vertex -2.9423558412096913 7.485270966048385 6
      vertex -3 6.9 6
    endloop
  endfacet
  facet normal 0.9569403357322087 -0.2902846772544629 0
    outer loop
      vertex -2.9423558412096913 7.485270966048385 2.6
      vertex -2.77163859753386 8.04805029709527 6
      vertex -2.9423558412096913 7.485270966048385 6
    endloop
  endfacet
  facet normal 0.7730104533627375 0.6343932841636448 0
    outer loop
      vertex -2.121320343559643 4.7786796564403575 2.6
      vertex -2.4944088369076356 5.233289300941194 2.6
      vertex -2.4944088369076356 5.233289300941194 6
    endloop
  endfacet
  facet normal 0.7730104533627375 0.6343932841636448 0
    outer loop
      vertex -2.121320343559643 4.7786796564403575 2.6
      vertex -2.4944088369076356 5.233289300941194 6
      vertex -2.121320343559643 4.7786796564403575 6
    endloop
  endfacet
  facet normal 0.8819212643483553 0.47139673682599725 0
    outer loop
      vertex -2.77163859753386 5.7519497029047315 2.6
      vertex -2.77163859753386 5.7519497029047315 6
      vertex -2.4944088369076356 5.233289300941194 2.6
    endloop
  endfacet
  facet normal 0 0 1
    outer loop
      vertex -2.77163859753386 5.7519497029047315 2.6
      vertex -2.4944088369076356 5.233289300941194 2.6
      vertex -2.4944088369076356 8.566710699058806 2.6
    endloop
  endfacet
  facet normal 0 0 1
    outer loop
      vertex -2.121320343559643 4.7786796564403575 2.6
      vertex -2.121320343559643 9.021320343559644 2.6
      vertex -2.4944088369076356 5.233289300941194 2.6
    endloop
  endfacet
  facet normal 0.8819212643483553 0.47139673682599725 0
    outer loop
      vertex -2.4944088369076356 5.233289300941194 2.6
      vertex -2.77163859753386 5.7519497029047315 6
      vertex -2.4944088369076356 5.233289300941194 6
    endloop
  endfacet
  facet normal 0.6343932841636448 0.7730104533627375 0
    outer loop
      vertex -2.121320343559643 4.7786796564403575 2.6
      vertex -2.121320343559643 4.7786796564403575 6
      vertex -1.6667106990588065 4.405591163092365 2.6
    endloop
  endfacet
  facet normal 0.47139673682599753 0.8819212643483552 0
    outer loop
      vertex -1.6667106990588065 4.405591163092365 2.6
      vertex -1.6667106990588065 4.405591163092365 6
      vertex -1.1480502970952693 4.12836140246614 2.6
    endloop
  endfacet
  facet normal 0.6343932841636448 0.7730104533627375 0
    outer loop
      vertex -1.6667106990588065 4.405591163092365 2.6
      vertex -2.121320343559643 4.7786796564403575 6
      vertex -1.6667106990588065 4.405591163092365 6
    endloop
  endfacet
  facet normal 0 0 1
    outer loop
      vertex -2.121320343559643 4.7786796564403575 2.6
      vertex -1.7654135047258148 6.54883742037097 2.6
      vertex -1.8 6.9 2.6
    endloop
  endfacet
  facet normal 0 0 1
    outer loop
      vertex -2.121320343559643 4.7786796564403575 2.6
      vertex -1.6667106990588065 4.405591163092365 2.6
      vertex -1.7654135047258148 6.54883742037097 2.6
    endloop
  endfacet
  facet normal 0 0 1
    outer loop
      vertex -2.121320343559643 4.7786796564403575 2.6
      vertex -1.8 6.9 2.6
      vertex -1.7654135047258148 7.251162579629031 2.6
    endloop
  endfacet
  facet normal 0 0 1
    outer loop
      vertex -1.6667106990588065 4.405591163092365 2.6
      vertex -1.4966453021445814 5.899973580564716 2.6
      vertex -1.662983158520316 6.211169821742839 2.6
    endloop
  endfacet
  facet normal 0 0 1
    outer loop
      vertex -1.6667106990588065 4.405591163092365 2.6
      vertex -1.662983158520316 6.211169821742839 2.6
      vertex -1.7654135047258148 6.54883742037097 2.6
    endloop
  endfacet
  facet normal 0 0 1
    outer loop
      vertex -1.6667106990588065 4.405591163092365 2.6
      vertex -1.2727922061357857 5.627207793864215 2.6
      vertex -1.4966453021445814 5.899973580564716 2.6
    endloop
  endfacet
  facet normal 0 0 1
    outer loop
      vertex -2.77163859753386 5.7519497029047315 2.6
      vertex -2.4944088369076356 8.566710699058806 2.6
      vertex -2.77163859753386 8.04805029709527 2.6
    endloop
  endfacet
  facet normal 0.8819212643483549 -0.47139673682599786 0
    outer loop
      vertex -2.77163859753386 8.04805029709527 2.6
      vertex -2.4944088369076356 8.566710699058806 2.6
      vertex -2.4944088369076356 8.566710699058806 6
    endloop
  endfacet
  facet normal 0 0 1
    outer loop
      vertex -2.4944088369076356 5.233289300941194 2.6
      vertex -2.121320343559643 9.021320343559644 2.6
      vertex -2.4944088369076356 8.566710699058806 2.6
    endloop
  endfacet
  facet normal 0.7730104533627388 -0.6343932841636434 0
    outer loop
      vertex -2.4944088369076356 8.566710699058806 2.6
      vertex -2.121320343559643 9.021320343559644 2.6
      vertex -2.121320343559643 9.021320343559644 6
    endloop
  endfacet
  facet normal 0.8819212643483549 -0.47139673682599786 0
    outer loop
      vertex -2.77163859753386 8.04805029709527 2.6
      vertex -2.4944088369076356 8.566710699058806 6
      vertex -2.77163859753386 8.04805029709527 6
    endloop
  endfacet
  facet normal 0.7730104533627388 -0.6343932841636434 0
    outer loop
      vertex -2.4944088369076356 8.566710699058806 2.6
      vertex -2.121320343559643 9.021320343559644 6
      vertex -2.4944088369076356 8.566710699058806 6
    endloop
  endfacet
  facet normal 0 0 1
    outer loop
      vertex -2.121320343559643 4.7786796564403575 2.6
      vertex -1.6667106990588065 9.394408836907637 2.6
      vertex -2.121320343559643 9.021320343559644 2.6
    endloop
  endfacet
  facet normal 0 0 1
    outer loop
      vertex -2.121320343559643 4.7786796564403575 2.6
      vertex -1.7654135047258148 7.251162579629031 2.6
      vertex -1.6667106990588065 9.394408836907637 2.6
    endloop
  endfacet
  facet normal 0 0 1
    outer loop
      vertex -1.7654135047258148 7.251162579629031 2.6
      vertex -1.662983158520316 7.588830178257162 2.6
      vertex -1.6667106990588065 9.394408836907637 2.6
    endloop
  endfacet
  facet normal 0 0 1
    outer loop
      vertex -1.662983158520316 7.588830178257162 2.6
      vertex -1.4966453021445814 7.900026419435284 2.6
      vertex -1.6667106990588065 9.394408836907637 2.6
    endloop
  endfacet
  facet normal 0 0 1
    outer loop
      vertex -1.4966453021445814 7.900026419435284 2.6
      vertex -1.2727922061357857 8.172792206135785 2.6
      vertex -1.6667106990588065 9.394408836907637 2.6
    endloop
  endfacet
  facet normal 0.6343932841636448 -0.7730104533627375 0
    outer loop
      vertex -2.121320343559643 9.021320343559644 2.6
      vertex -1.6667106990588065 9.394408836907637 2.6
      vertex -1.6667106990588065 9.394408836907637 6
    endloop
  endfacet
  facet normal 0.6343932841636448 -0.7730104533627375 0
    outer loop
      vertex -2.121320343559643 9.021320343559644 2.6
      vertex -1.6667106990588065 9.394408836907637 6
      vertex -2.121320343559643 9.021320343559644 6
    endloop
  endfacet
  facet normal 0.4713967368259963 -0.8819212643483557 0
    outer loop
      vertex -1.6667106990588065 9.394408836907637 2.6
      vertex -1.1480502970952693 9.67163859753386 6
      vertex -1.6667106990588065 9.394408836907637 6
    endloop
  endfacet
  facet normal 0 0 1
    outer loop
      vertex -1.6667106990588065 4.405591163092365 2.6
      vertex -1.1480502970952693 4.12836140246614 2.6
      vertex -1.2727922061357857 5.627207793864215 2.6
    endloop
  endfacet
  facet normal 0 0 1
    outer loop
      vertex -1.1480502970952693 4.12836140246614 2.6
      vertex -1.000026419435284 5.403354697855419 2.6
      vertex -1.2727922061357857 5.627207793864215 2.6
    endloop
  endfacet
  facet normal 0.2902846772544627 0.9569403357322088 0
    outer loop
      vertex -1.1480502970952693 4.12836140246614 2.6
      vertex -1.1480502970952693 4.12836140246614 6
      vertex -0.5852709660483848 3.957644158790309 2.6
    endloop
  endfacet
  facet normal 0 0 1
    outer loop
      vertex -1.1480502970952693 4.12836140246614 2.6
      vertex -0.6888301782571616 5.237016841479685 2.6
      vertex -1.000026419435284 5.403354697855419 2.6
    endloop
  endfacet
  facet normal 0 0 1
    outer loop
      vertex -1.1480502970952693 4.12836140246614 2.6
      vertex -0.5852709660483848 3.957644158790309 2.6
      vertex -0.6888301782571616 5.237016841479685 2.6
    endloop
  endfacet
  facet normal 0.47139673682599753 0.8819212643483552 0
    outer loop
      vertex -1.1480502970952693 4.12836140246614 2.6
      vertex -1.6667106990588065 4.405591163092365 6
      vertex -1.1480502970952693 4.12836140246614 6
    endloop
  endfacet
  facet normal 0.2902846772544627 0.9569403357322088 0
    outer loop
      vertex -0.5852709660483848 3.957644158790309 2.6
      vertex -1.1480502970952693 4.12836140246614 6
      vertex -0.5852709660483848 3.957644158790309 6
    endloop
  endfacet
  facet normal 0.0980171403295607 0.9951847266721968 0
    outer loop
      vertex -0.5852709660483848 3.957644158790309 2.6
      vertex -0.5852709660483848 3.957644158790309 6
      vertex 0 3.9000000000000004 2.6
    endloop
  endfacet
  facet normal 0 0 1
    outer loop
      vertex -0.6888301782571616 5.237016841479685 2.6
      vertex -0.5852709660483848 3.957644158790309 2.6
      vertex -0.35116257962903086 5.134586495274186 2.6
    endloop
  endfacet
  facet normal 0 0 1
    outer loop
      vertex -0.5852709660483848 3.957644158790309 2.6
      vertex 0 3.9000000000000004 2.6
      vertex -0.35116257962903086 5.134586495274186 2.6
    endloop
  endfacet
  facet normal 0 0 1
    outer loop
      vertex -0.35116257962903086 5.134586495274186 2.6
      vertex 0 3.9000000000000004 2.6
      vertex 0 5.1000000000000005 2.6
    endloop
  endfacet
  facet normal 0.0980171403295607 0.9951847266721968 0
    outer loop
      vertex -0.5852709660483848 3.957644158790309 6
      vertex 0 3.9000000000000004 6
      vertex 0 3.9000000000000004 2.6
    endloop
  endfacet
  facet normal 0 0 1
    outer loop
      vertex -1.2727922061357857 8.172792206135785 2.6
      vertex -1.000026419435284 8.39664530214458 2.6
      vertex -1.1480502970952693 9.67163859753386 2.6
    endloop
  endfacet
  facet normal 0 0 1
    outer loop
      vertex -1.000026419435284 8.39664530214458 2.6
      vertex -0.6888301782571616 8.562983158520316 2.6
      vertex -1.1480502970952693 9.67163859753386 2.6
    endloop
  endfacet
  facet normal 0 0 1
    outer loop
      vertex -1.6667106990588065 9.394408836907637 2.6
      vertex -1.2727922061357857 8.172792206135785 2.6
      vertex -1.1480502970952693 9.67163859753386 2.6
    endloop
  endfacet
  facet normal 0.4713967368259963 -0.8819212643483557 0
    outer loop
      vertex -1.6667106990588065 9.394408836907637 2.6
      vertex -1.1480502970952693 9.67163859753386 2.6
      vertex -1.1480502970952693 9.67163859753386 6
    endloop
  endfacet
  facet normal 0 0 1
    outer loop
      vertex -0.6888301782571616 8.562983158520316 2.6
      vertex -0.5852709660483848 9.842355841209692 2.6
      vertex -1.1480502970952693 9.67163859753386 2.6
    endloop
  endfacet
  facet normal 0.2902846772544627 -0.9569403357322088 0
    outer loop
      vertex -1.1480502970952693 9.67163859753386 2.6
      vertex -0.5852709660483848 9.842355841209692 2.6
      vertex -0.5852709660483848 9.842355841209692 6
    endloop
  endfacet
  facet normal 0.2902846772544627 -0.9569403357322088 0
    outer loop
      vertex -1.1480502970952693 9.67163859753386 2.6
      vertex -0.5852709660483848 9.842355841209692 6
      vertex -1.1480502970952693 9.67163859753386 6
    endloop
  endfacet
  facet normal 0 0 1
    outer loop
      vertex -0.6888301782571616 8.562983158520316 2.6
      vertex -0.35116257962903086 8.665413504725816 2.6
      vertex -0.5852709660483848 9.842355841209692 2.6
    endloop
  endfacet
  facet normal 0 0 1
    outer loop
      vertex -0.35116257962903086 8.665413504725816 2.6
      vertex 0 8.700000000000001 2.6
      vertex -0.5852709660483848 9.842355841209692 2.6
    endloop
  endfacet
  facet normal 0 0 1
    outer loop
      vertex -0.5852709660483848 9.842355841209692 2.6
      vertex 0 8.700000000000001 2.6
      vertex 0 9.9 2.6
    endloop
  endfacet
  facet normal 0.0980171403295607 -0.9951847266721968 0
    outer loop
      vertex -0.5852709660483848 9.842355841209692 2.6
      vertex 0 9.9 2.6
      vertex 0 9.9 6
    endloop
  endfacet
  facet normal 0.0980171403295607 -0.9951847266721968 0
    outer loop
      vertex -0.5852709660483848 9.842355841209692 2.6
      vertex 0 9.9 6
      vertex -0.5852709660483848 9.842355841209692 6
    endloop
  endfacet
  facet normal -0.0980171403295607 0.9951847266721968 0
    outer loop
      vertex 0 3.9000000000000004 2.6
      vertex 0 3.9000000000000004 6
      vertex 0.5852709660483848 3.957644158790309 2.6
    endloop
  endfacet
  facet normal 0 0 1
    outer loop
      vertex 0 3.9000000000000004 2.6
      vertex 0.5852709660483848 3.957644158790309 2.6
      vertex 0 5.1000000000000005 2.6
    endloop
  endfacet
  facet normal 0 0 1
    outer loop
      vertex 0 5.1000000000000005 2.6
      vertex 0.5852709660483848 3.957644158790309 2.6
      vertex 0.35116257962903086 5.134586495274186 2.6
    endloop
  endfacet
  facet normal 0 0 1
    outer loop
      vertex 0.5852709660483848 3.957644158790309 2.6
      vertex 0.6888301782571616 5.237016841479685 2.6
      vertex 0.35116257962903086 5.134586495274186 2.6
    endloop
  endfacet
  facet normal -0.0980171403295607 0.9951847266721968 0
    outer loop
      vertex 0.5852709660483848 3.957644158790309 2.6
      vertex 0 3.9000000000000004 6
      vertex 0.5852709660483848 3.957644158790309 6
    endloop
  endfacet
  facet normal -0.2902846772544627 0.9569403357322088 0
    outer loop
      vertex 0.5852709660483848 3.957644158790309 2.6
      vertex 0.5852709660483848 3.957644158790309 6
      vertex 1.1480502970952693 4.12836140246614 2.6
    endloop
  endfacet
  facet normal 0 0 1
    outer loop
      vertex 0.5852709660483848 3.957644158790309 2.6
      vertex 1.1480502970952693 4.12836140246614 2.6
      vertex 0.6888301782571616 5.237016841479685 2.6
    endloop
  endfacet
  facet normal 0 0 1
    outer loop
      vertex 1.1480502970952693 4.12836140246614 2.6
      vertex 1.000026419435284 5.403354697855419 2.6
      vertex 0.6888301782571616 5.237016841479685 2.6
    endloop
  endfacet
  facet normal 0 0 1
    outer loop
      vertex 1.1480502970952693 4.12836140246614 2.6
      vertex 1.2727922061357857 5.627207793864215 2.6
      vertex 1.000026419435284 5.403354697855419 2.6
    endloop
  endfacet
  facet normal 0 0 1
    outer loop
      vertex 1.1480502970952693 4.12836140246614 2.6
      vertex 1.6667106990588065 4.405591163092365 2.6
      vertex 1.2727922061357857 5.627207793864215 2.6
    endloop
  endfacet
  facet normal -0.47139673682599753 0.8819212643483552 0
    outer loop
      vertex 1.1480502970952693 4.12836140246614 2.6
      vertex 1.1480502970952693 4.12836140246614 6
      vertex 1.6667106990588065 4.405591163092365 2.6
    endloop
  endfacet
  facet normal -0.2902846772544627 0.9569403357322088 0
    outer loop
      vertex 1.1480502970952693 4.12836140246614 2.6
      vertex 0.5852709660483848 3.957644158790309 6
      vertex 1.1480502970952693 4.12836140246614 6
    endloop
  endfacet
  facet normal 0 0 1
    outer loop
      vertex 0 8.700000000000001 2.6
      vertex 0.35116257962903086 8.665413504725816 2.6
      vertex 0 9.9 2.6
    endloop
  endfacet
  facet normal 0 0 1
    outer loop
      vertex 0.35116257962903086 8.665413504725816 2.6
      vertex 0.5852709660483848 9.842355841209692 2.6
      vertex 0 9.9 2.6
    endloop
  endfacet
  facet normal 0 0 1
    outer loop
      vertex 0.35116257962903086 8.665413504725816 2.6
      vertex 0.6888301782571616 8.562983158520316 2.6
      vertex 0.5852709660483848 9.842355841209692 2.6
    endloop
  endfacet
  facet normal -0.0980171403295607 -0.9951847266721968 0
    outer loop
      vertex 0 9.9 2.6
      vertex 0.5852709660483848 9.842355841209692 2.6
      vertex 0.5852709660483848 9.842355841209692 6
    endloop
  endfacet
  facet normal -0.0980171403295607 -0.9951847266721968 0
    outer loop
      vertex 0 9.9 2.6
      vertex 0.5852709660483848 9.842355841209692 6
      vertex 0 9.9 6
    endloop
  endfacet
  facet normal 0 0 1
    outer loop
      vertex 0.6888301782571616 8.562983158520316 2.6
      vertex 1.000026419435284 8.39664530214458 2.6
      vertex 1.1480502970952693 9.67163859753386 2.6
    endloop
  endfacet
  facet normal 0 0 1
    outer loop
      vertex 1.000026419435284 8.39664530214458 2.6
      vertex 1.2727922061357857 8.172792206135785 2.6
      vertex 1.1480502970952693 9.67163859753386 2.6
    endloop
  endfacet
  facet normal 0 0 1
    outer loop
      vertex 0.5852709660483848 9.842355841209692 2.6
      vertex 0.6888301782571616 8.562983158520316 2.6
      vertex 1.1480502970952693 9.67163859753386 2.6
    endloop
  endfacet
  facet normal -0.2902846772544627 -0.9569403357322088 0
    outer loop
      vertex 0.5852709660483848 9.842355841209692 2.6
      vertex 1.1480502970952693 9.67163859753386 2.6
      vertex 1.1480502970952693 9.67163859753386 6
    endloop
  endfacet
  facet normal 0 0 1
    outer loop
      vertex 1.2727922061357857 8.172792206135785 2.6
      vertex 1.6667106990588065 9.394408836907637 2.6
      vertex 1.1480502970952693 9.67163859753386 2.6
    endloop
  endfacet
  facet normal -0.2902846772544627 -0.9569403357322088 0
    outer loop
      vertex 0.5852709660483848 9.842355841209692 2.6
      vertex 1.1480502970952693 9.67163859753386 6
      vertex 0.5852709660483848 9.842355841209692 6
    endloop
  endfacet
  facet normal -0.4713967368259963 -0.8819212643483557 0
    outer loop
      vertex 1.1480502970952693 9.67163859753386 2.6
      vertex 1.6667106990588065 9.394408836907637 6
      vertex 1.1480502970952693 9.67163859753386 6
    endloop
  endfacet
  facet normal -0.6343932841636448 0.7730104533627375 0
    outer loop
      vertex 1.6667106990588065 4.405591163092365 2.6
      vertex 1.6667106990588065 4.405591163092365 6
      vertex 2.121320343559643 4.7786796564403575 2.6
    endloop
  endfacet
  facet normal -0.47139673682599753 0.8819212643483552 0
    outer loop
      vertex 1.6667106990588065 4.405591163092365 2.6
      vertex 1.1480502970952693 4.12836140246614 6
      vertex 1.6667106990588065 4.405591163092365 6
    endloop
  endfacet
  facet normal -0.6343932841636448 0.7730104533627375 0
    outer loop
      vertex 2.121320343559643 4.7786796564403575 2.6
      vertex 1.6667106990588065 4.405591163092365 6
      vertex 2.121320343559643 4.7786796564403575 6
    endloop
  endfacet
  facet normal 0 0 1
    outer loop
      vertex 1.2727922061357857 5.627207793864215 2.6
      vertex 1.6667106990588065 4.405591163092365 2.6
      vertex 1.4966453021445814 5.899973580564716 2.6
    endloop
  endfacet
  facet normal 0 0 1
    outer loop
      vertex 1.6667106990588065 4.405591163092365 2.6
      vertex 1.662983158520316 6.211169821742839 2.6
      vertex 1.4966453021445814 5.899973580564716 2.6
    endloop
  endfacet
  facet normal 0 0 1
    outer loop
      vertex 1.6667106990588065 4.405591163092365 2.6
      vertex 1.7654135047258148 6.54883742037097 2.6
      vertex 1.662983158520316 6.211169821742839 2.6
    endloop
  endfacet
  facet normal 0 0 1
    outer loop
      vertex 1.6667106990588065 4.405591163092365 2.6
      vertex 2.121320343559643 4.7786796564403575 2.6
      vertex 2.121320343559643 9.021320343559644 2.6
    endloop
  endfacet
  facet normal 0 0 1
    outer loop
      vertex 1.6667106990588065 4.405591163092365 2.6
      vertex 2.121320343559643 9.021320343559644 2.6
      vertex 1.7654135047258148 6.54883742037097 2.6
    endloop
  endfacet
  facet normal -0.7730104533627375 0.6343932841636448 0
    outer loop
      vertex 2.121320343559643 4.7786796564403575 2.6
      vertex 2.121320343559643 4.7786796564403575 6
      vertex 2.4944088369076356 5.233289300941194 2.6
    endloop
  endfacet
  facet normal -0.7730104533627375 0.6343932841636448 0
    outer loop
      vertex 2.4944088369076356 5.233289300941194 2.6
      vertex 2.121320343559643 4.7786796564403575 6
      vertex 2.4944088369076356 5.233289300941194 6
    endloop
  endfacet
  facet normal 0 0 1
    outer loop
      vertex 2.121320343559643 4.7786796564403575 2.6
      vertex 2.4944088369076356 5.233289300941194 2.6
      vertex 2.4944088369076356 8.566710699058806 2.6
    endloop
  endfacet
  facet normal -0.8819212643483553 0.47139673682599725 0
    outer loop
      vertex 2.4944088369076356 5.233289300941194 2.6
      vertex 2.4944088369076356 5.233289300941194 6
      vertex 2.77163859753386 5.7519497029047315 2.6
    endloop
  endfacet
  facet normal 0 0 1
    outer loop
      vertex 2.4944088369076356 5.233289300941194 2.6
      vertex 2.77163859753386 5.7519497029047315 2.6
      vertex 2.77163859753386 8.04805029709527 2.6
    endloop
  endfacet
  facet normal -0.8819212643483553 0.47139673682599725 0
    outer loop
      vertex 2.77163859753386 5.7519497029047315 2.6
      vertex 2.4944088369076356 5.233289300941194 6
      vertex 2.77163859753386 5.7519497029047315 6
    endloop
  endfacet
  facet normal 0 0 1
    outer loop
      vertex 1.2727922061357857 8.172792206135785 2.6
      vertex 1.4966453021445814 7.900026419435284 2.6
      vertex 1.6667106990588065 9.394408836907637 2.6
    endloop
  endfacet
  facet normal 0 0 1
    outer loop
      vertex 1.4966453021445814 7.900026419435284 2.6
      vertex 1.662983158520316 7.588830178257162 2.6
      vertex 1.6667106990588065 9.394408836907637 2.6
    endloop
  endfacet
  facet normal 0 0 1
    outer loop
      vertex 1.662983158520316 7.588830178257162 2.6
      vertex 1.7654135047258148 7.251162579629031 2.6
      vertex 1.6667106990588065 9.394408836907637 2.6
    endloop
  endfacet
  facet normal 0 0 1
    outer loop
      vertex 1.7654135047258148 6.54883742037097 2.6
      vertex 2.121320343559643 9.021320343559644 2.6
      vertex 1.8 6.9 2.6
    endloop
  endfacet
  facet normal 0 0 1
    outer loop
      vertex 1.8 6.9 2.6
      vertex 2.121320343559643 9.021320343559644 2.6
      vertex 1.7654135047258148 7.251162579629031 2.6
    endloop
  endfacet
  facet normal 0 0 1
    outer loop
      vertex 1.7654135047258148 7.251162579629031 2.6
      vertex 2.121320343559643 9.021320343559644 2.6
      vertex 1.6667106990588065 9.394408836907637 2.6
    endloop
  endfacet
  facet normal -0.4713967368259963 -0.8819212643483557 0
    outer loop
      vertex 1.1480502970952693 9.67163859753386 2.6
      vertex 1.6667106990588065 9.394408836907637 2.6
      vertex 1.6667106990588065 9.394408836907637 6
    endloop
  endfacet
  facet normal -0.6343932841636448 -0.7730104533627375 0
    outer loop
      vertex 1.6667106990588065 9.394408836907637 2.6
      vertex 2.121320343559643 9.021320343559644 2.6
      vertex 2.121320343559643 9.021320343559644 6
    endloop
  endfacet
  facet normal -0.6343932841636448 -0.7730104533627375 0
    outer loop
      vertex 1.6667106990588065 9.394408836907637 2.6
      vertex 2.121320343559643 9.021320343559644 6
      vertex 1.6667106990588065 9.394408836907637 6
    endloop
  endfacet
  facet normal 0 0 1
    outer loop
      vertex 2.121320343559643 4.7786796564403575 2.6
      vertex 2.4944088369076356 8.566710699058806 2.6
      vertex 2.121320343559643 9.021320343559644 2.6
    endloop
  endfacet
  facet normal -0.7730104533627388 -0.6343932841636434 0
    outer loop
      vertex 2.4944088369076356 8.566710699058806 2.6
      vertex 2.4944088369076356 8.566710699058806 6
      vertex 2.121320343559643 9.021320343559644 2.6
    endloop
  endfacet
  facet normal 0 0 1
    outer loop
      vertex 2.4944088369076356 5.233289300941194 2.6
      vertex 2.77163859753386 8.04805029709527 2.6
      vertex 2.4944088369076356 8.566710699058806 2.6
    endloop
  endfacet
  facet normal -0.8819212643483549 -0.47139673682599786 0
    outer loop
      vertex 2.4944088369076356 8.566710699058806 2.6
      vertex 2.77163859753386 8.04805029709527 2.6
      vertex 2.77163859753386 8.04805029709527 6
    endloop
  endfacet
  facet normal -0.7730104533627388 -0.6343932841636434 0
    outer loop
      vertex 2.121320343559643 9.021320343559644 2.6
      vertex 2.4944088369076356 8.566710699058806 6
      vertex 2.121320343559643 9.021320343559644 6
    endloop
  endfacet
  facet normal -0.8819212643483549 -0.47139673682599786 0
    outer loop
      vertex 2.4944088369076356 8.566710699058806 2.6
      vertex 2.77163859753386 8.04805029709527 6
      vertex 2.4944088369076356 8.566710699058806 6
    endloop
  endfacet
  facet normal -0.9569403357322087 0.2902846772544629 0
    outer loop
      vertex 2.77163859753386 5.7519497029047315 2.6
      vertex 2.77163859753386 5.7519497029047315 6
      vertex 2.9423558412096913 6.3147290339516156 2.6
    endloop
  endfacet
  facet normal 0 0 1
    outer loop
      vertex 2.77163859753386 5.7519497029047315 2.6
      vertex 2.9423558412096913 6.3147290339516156 2.6
      vertex 2.9423558412096913 7.485270966048385 2.6
    endloop
  endfacet
  facet normal 0 0 1
    outer loop
      vertex 2.9423558412096913 6.3147290339516156 2.6
      vertex 3 6.9 2.6
      vertex 2.9423558412096913 7.485270966048385 2.6
    endloop
  endfacet
  facet normal -0.9951847266721968 0.0980171403295607 0
    outer loop
      vertex 2.9423558412096913 6.3147290339516156 2.6
      vertex 2.9423558412096913 6.3147290339516156 6
      vertex 3 6.9 2.6
    endloop
  endfacet
  facet normal -0.9569403357322087 0.2902846772544629 0
    outer loop
      vertex 2.9423558412096913 6.3147290339516156 2.6
      vertex 2.77163859753386 5.7519497029047315 6
      vertex 2.9423558412096913 6.3147290339516156 6
    endloop
  endfacet
  facet normal -0.9951847266721968 0.0980171403295607 0
    outer loop
      vertex 3 6.9 2.6
      vertex 2.9423558412096913 6.3147290339516156 6
      vertex 3 6.9 6
    endloop
  endfacet
  facet normal 0 0 1
    outer loop
      vertex 2.77163859753386 5.7519497029047315 2.6
      vertex 2.9423558412096913 7.485270966048385 2.6
      vertex 2.77163859753386 8.04805029709527 2.6
    endloop
  endfacet
  facet normal -0.9569403357322087 -0.2902846772544629 0
    outer loop
      vertex 2.9423558412096913 7.485270966048385 2.6
      vertex 2.9423558412096913 7.485270966048385 6
      vertex 2.77163859753386 8.04805029709527 2.6
    endloop
  endfacet
  facet normal -0.9951847266721968 -0.0980171403295607 0
    outer loop
      vertex 3 6.9 2.6
      vertex 3 6.9 6
      vertex 2.9423558412096913 7.485270966048385 2.6
    endloop
  endfacet
  facet normal -0.9569403357322087 -0.2902846772544629 0
    outer loop
      vertex 2.77163859753386 8.04805029709527 2.6
      vertex 2.9423558412096913 7.485270966048385 6
      vertex 2.77163859753386 8.04805029709527 6
    endloop
  endfacet
  facet normal -0.9951847266721968 -0.0980171403295607 0
    outer loop
      vertex 2.9423558412096913 7.485270966048385 2.6
      vertex 3 6.9 6
      vertex 2.9423558412096913 7.485270966048385 6
    endloop
  endfacet
  facet normal 0.9510565162951535 0.30901699437494734 0
    outer loop
      vertex -3 0 0
      vertex -3 0 6
      vertex -2.4270509831248424 -1.7633557568774194 0
    endloop
  endfacet
  facet normal 0.9510565162951535 -0.30901699437494734 0
    outer loop
      vertex -3 0 0
      vertex -2.4270509831248424 1.7633557568774194 0
      vertex -3 0 6
    endloop
  endfacet
  facet normal 0.587785252292473 0.8090169943749476 0
    outer loop
      vertex -2.4270509831248424 -1.7633557568774194 0
      vertex -2.4270509831248424 -1.7633557568774194 6
      vertex -0.9270509831248421 -2.8531695488854605 0
    endloop
  endfacet
  facet normal 0.9510565162951535 0.30901699437494734 0
    outer loop
      vertex -2.4270509831248424 -1.7633557568774194 0
      vertex -3 0 6
      vertex -2.4270509831248424 -1.7633557568774194 6
    endloop
  endfacet
  facet normal 0.587785252292473 0.8090169943749476 0
    outer loop
      vertex -0.9270509831248421 -2.8531695488854605 0
      vertex -2.4270509831248424 -1.7633557568774194 6
      vertex -0.9270509831248421 -2.8531695488854605 6
    endloop
  endfacet
  facet normal 0.587785252292473 -0.8090169943749476 0
    outer loop
      vertex -2.4270509831248424 1.7633557568774194 0
      vertex -0.9270509831248421 2.8531695488854605 0
      vertex -0.9270509831248421 2.8531695488854605 6
    endloop
  endfacet
  facet normal 0.9510565162951535 -0.30901699437494734 0
    outer loop
      vertex -2.4270509831248424 1.7633557568774194 0
      vertex -2.4270509831248424 1.7633557568774194 6
      vertex -3 0 6
    endloop
  endfacet
  facet normal 0.587785252292473 -0.8090169943749476 0
    outer loop
      vertex -2.4270509831248424 1.7633557568774194 0
      vertex -0.9270509831248421 2.8531695488854605 6
      vertex -2.4270509831248424 1.7633557568774194 6
    endloop
  endfacet
  facet normal 0 1 0
    outer loop
      vertex -0.9270509831248421 -2.8531695488854605 0
      vertex -0.9270509831248421 -2.8531695488854605 6
      vertex 0.9270509831248421 -2.8531695488854605 0
    endloop
  endfacet
  facet normal 0 -1 0
    outer loop
      vertex -0.9270509831248421 2.8531695488854605 0
      vertex 0.9270509831248421 2.8531695488854605 6
      vertex -0.9270509831248421 2.8531695488854605 6
    endloop
  endfacet
  facet normal 0 1 0
    outer loop
      vertex -0.9270509831248421 -2.8531695488854605 6
      vertex 0.9270509831248421 -2.8531695488854605 6
      vertex 0.9270509831248421 -2.8531695488854605 0
    endloop
  endfacet
  facet normal 0 -1 0
    outer loop
      vertex -0.9270509831248421 2.8531695488854605 0
      vertex 0.9270509831248421 2.8531695488854605 0
      vertex 0.9270509831248421 2.8531695488854605 6
    endloop
  endfacet
  facet normal -0.587785252292473 0.8090169943749476 0
    outer loop
      vertex 0.9270509831248421 -2.8531695488854605 0
      vertex 0.9270509831248421 -2.8531695488854605 6
      vertex 2.4270509831248424 -1.7633557568774194 0
    endloop
  endfacet
  facet normal -0.587785252292473 0.8090169943749476 0
    outer loop
      vertex 2.4270509831248424 -1.7633557568774194 0
      vertex 0.9270509831248421 -2.8531695488854605 6
      vertex 2.4270509831248424 -1.7633557568774194 6
    endloop
  endfacet
  facet normal -0.9510565162951535 0.30901699437494734 0
    outer loop
      vertex 2.4270509831248424 -1.7633557568774194 0
      vertex 2.4270509831248424 -1.7633557568774194 6
      vertex 3 0 6
    endloop
  endfacet
  facet normal -0.587785252292473 -0.8090169943749476 0
    outer loop
      vertex 0.9270509831248421 2.8531695488854605 0
      vertex 2.4270509831248424 1.7633557568774194 0
      vertex 2.4270509831248424 1.7633557568774194 6
    endloop
  endfacet
  facet normal -0.587785252292473 -0.8090169943749476 0
    outer loop
      vertex 0.9270509831248421 2.8531695488854605 0
      vertex 2.4270509831248424 1.7633557568774194 6
      vertex 0.9270509831248421 2.8531695488854605 6
    endloop
  endfacet
  facet normal -0.9510565162951535 -0.30901699437494734 0
    outer loop
      vertex 2.4270509831248424 1.7633557568774194 0
      vertex 3 0 6
      vertex 2.4270509831248424 1.7633557568774194 6
    endloop
  endfacet
  facet normal -0.9510565162951535 0.30901699437494734 0
    outer loop
      vertex 2.4270509831248424 -1.7633557568774194 0
      vertex 3 0 6
      vertex 3 0 0
    endloop
  endfacet
  facet normal -0.9510565162951535 -0.30901699437494734 0
    outer loop
      vertex 2.4270509831248424 1.7633557568774194 0
      vertex 3 0 0
      vertex 3 0 6
    endloop
  endfacet
  facet normal -0.8216366812183196 -0.4924700745892378 -0.28703029406426056
    outer loop
      vertex -9.701133907831906 -45.185364105085974 0
      vertex -4.613126613514472 -42.46576754647445 -19.230769230769234
      vertex -4.349225664351775 -42.90605968041022 -19.230769230769234
    endloop
  endfacet
  facet normal -0.7694097676129895 -0.570633174457207 -0.287030294064261
    outer loop
      vertex -9.146165735327997 -46.11127256321562 0
      vertex -4.349225664351775 -42.90605968041022 -19.230769230769234
      vertex -4.043439294512778 -43.31836487100984 -19.23076923076923
    endloop
  endfacet
  facet normal -0.9292137982345771 -0.23275593968759298 -0.28703029406426084
    outer loop
      vertex -10.788638084435535 -42.14599354217741 0
      vertex -5.13026146672459 -41.02047245362282 -19.23076923076923
      vertex -5.005534063830016 -41.51841215794642 -19.23076923076923
    endloop
  endfacet
  facet normal -0.9475534514190083 -0.14055627696161116 -0.2870302940642608
    outer loop
      vertex -10.947031993394166 -41.07818854362517 0
      vertex -5.205581647208414 -40.512705041723855 -19.230769230769234
      vertex -5.13026146672459 -41.02047245362282 -19.23076923076923
    endloop
  endfacet
  facet normal -0.9567676468808696 -0.04700298045260145 -0.2870302940642609
    outer loop
      vertex -5.205581647208414 -40.512705041723855 -19.230769230769234
      vertex -11 -40 0
      vertex -5.230769230769231 -40 -19.23076923076923
    endloop
  endfacet
  facet normal -0.9567676468808696 0.047002980452601456 -0.2870302940642608
    outer loop
      vertex -5.230769230769231 -40 -19.23076923076923
      vertex -10.947031993394166 -38.92181145637483 0
      vertex -5.205581647208414 -39.487294958276145 -19.230769230769234
    endloop
  endfacet
  facet normal -0.9475534514190083 0.1405562769616113 -0.2870302940642609
    outer loop
      vertex -5.205581647208414 -39.487294958276145 -19.230769230769234
      vertex -10.788638084435535 -37.85400645782259 0
      vertex -5.13026146672459 -38.97952754637718 -19.23076923076923
    endloop
  endfacet
  facet normal -0.9292137982345772 0.23275593968759245 -0.2870302940642609
    outer loop
      vertex -5.13026146672459 -38.97952754637718 -19.23076923076923
      vertex -10.788638084435535 -37.85400645782259 0
      vertex -5.005534063830016 -38.48158784205358 -19.23076923076923
    endloop
  endfacet
  facet normal -0.8659507844312327 -0.409564218691424 -0.28703029406426095
    outer loop
      vertex -10.162674857624154 -44.209517756015984 0
      vertex -4.8326006315975 -42.00172872314047 -19.230769230769234
      vertex -4.613126613514472 -42.46576754647445 -19.230769230769234
    endloop
  endfacet
  facet normal -0.9019253082132124 -0.32271403547705496 -0.28703029406426067
    outer loop
      vertex -10.526343693054297 -43.19313144979908 0
      vertex -5.005534063830016 -41.51841215794642 -19.23076923076923
      vertex -4.8326006315975 -42.00172872314047 -19.230769230769234
    endloop
  endfacet
  facet normal -0.9019253082132122 0.3227140354770556 -0.28703029406426067
    outer loop
      vertex -5.005534063830016 -38.48158784205358 -19.23076923076923
      vertex -10.526343693054297 -36.80686855020092 0
      vertex -4.8326006315975 -37.99827127685953 -19.230769230769234
    endloop
  endfacet
  facet normal -0.8659507844312324 0.4095642186914247 -0.28703029406426084
    outer loop
      vertex -4.8326006315975 -37.99827127685953 -19.230769230769234
      vertex -10.162674857624154 -35.790482243984016 0
      vertex -4.613126613514472 -37.53423245352555 -19.230769230769234
    endloop
  endfacet
  facet normal -0.82163668121832 0.4924700745892372 -0.28703029406426067
    outer loop
      vertex -4.613126613514472 -37.53423245352555 -19.230769230769234
      vertex -9.701133907831906 -34.814635894914026 0
      vertex -4.349225664351775 -37.09394031958978 -19.230769230769234
    endloop
  endfacet
  facet normal -0.7694097676129898 0.5706331744572066 -0.2870302940642609
    outer loop
      vertex -4.349225664351775 -37.09394031958978 -19.230769230769234
      vertex -9.146165735327997 -33.88872743678438 0
      vertex -4.043439294512778 -36.68163512899016 -19.23076923076923
    endloop
  endfacet
  facet normal -0.8659507844312312 -0.4095642186914273 -0.2870302940642607
    outer loop
      vertex -10.162674857624154 -44.209517756015984 0
      vertex -4.613126613514472 -42.46576754647445 -19.230769230769234
      vertex -10.07416203706039 -44.39666239146364 0
    endloop
  endfacet
  facet normal 0 0 1
    outer loop
      vertex -10.526343693054297 -43.19313144979908 0
      vertex -10.07416203706039 -44.39666239146364 0
      vertex -10.732065745748033 -42.37184297818915 0
    endloop
  endfacet
  facet normal 0 0 1
    outer loop
      vertex -10.162674857624154 -44.209517756015984 0
      vertex -10.07416203706039 -44.39666239146364 0
      vertex -10.526343693054297 -43.19313144979908 0
    endloop
  endfacet
  facet normal 0 0 1
    outer loop
      vertex -8.503114986990107 -46.9783261258001 0
      vertex -7.447592438494157 -48.077796792963795 0
      vertex -8.809367696104028 -46.565392149477525 0
    endloop
  endfacet
  facet normal 0 0 1
    outer loop
      vertex -9.701133907831906 -45.185364105085974 0
      vertex -8.954835805427019 -46.36925110966545 0
      vertex -9.985589359418057 -44.58393358407078 0
    endloop
  endfacet
  facet normal 0 0 1
    outer loop
      vertex -9.146165735327997 -46.11127256321562 0
      vertex -8.954835805427019 -46.36925110966545 0
      vertex -9.701133907831906 -45.185364105085974 0
    endloop
  endfacet
  facet normal -0.9475534514190085 -0.14055627696160902 -0.2870302940642609
    outer loop
      vertex -10.788638084435535 -42.14599354217741 0
      vertex -10.947031993394166 -41.07818854362517 0
      vertex -5.13026146672459 -41.02047245362282 -19.23076923076923
    endloop
  endfacet
  facet normal -0.9567676468808695 -0.047002980452602934 -0.2870302940642608
    outer loop
      vertex -10.947031993394166 -41.07818854362517 0
      vertex -11 -40 0
      vertex -5.205581647208414 -40.512705041723855 -19.230769230769234
    endloop
  endfacet
  facet normal -0.9567676468808695 0.04700298045260281 -0.28703029406426084
    outer loop
      vertex -5.230769230769231 -40 -19.23076923076923
      vertex -11 -40 0
      vertex -10.947031993394166 -38.92181145637483 0
    endloop
  endfacet
  facet normal -0.9292137982345764 -0.23275593968759617 -0.2870302940642608
    outer loop
      vertex -10.526343693054297 -43.19313144979908 0
      vertex -10.732065745748033 -42.37184297818915 0
      vertex -5.005534063830016 -41.51841215794642 -19.23076923076923
    endloop
  endfacet
  facet normal -0.9292137982345773 -0.23275593968759262 -0.28703029406426095
    outer loop
      vertex -10.788638084435535 -42.14599354217741 0
      vertex -5.005534063830016 -41.51841215794642 -19.23076923076923
      vertex -10.764187558124805 -42.2436055148408 0
    endloop
  endfacet
  facet normal -0.9292137982345764 -0.23275593968759606 -0.28703029406426117
    outer loop
      vertex -5.005534063830016 -41.51841215794642 -19.23076923076923
      vertex -10.732065745748033 -42.37184297818915 0
      vertex -10.764187558124805 -42.2436055148408 0
    endloop
  endfacet
  facet normal -0.9019253082132128 -0.3227140354770533 -0.2870302940642608
    outer loop
      vertex -10.162674857624154 -44.209517756015984 0
      vertex -10.526343693054297 -43.19313144979908 0
      vertex -4.8326006315975 -42.00172872314047 -19.230769230769234
    endloop
  endfacet
  facet normal -0.9475534514190085 0.1405562769616091 -0.28703029406426084
    outer loop
      vertex -5.205581647208414 -39.487294958276145 -19.230769230769234
      vertex -10.947031993394166 -38.92181145637483 0
      vertex -10.788638084435535 -37.85400645782259 0
    endloop
  endfacet
  facet normal -0.9292137982345764 0.2327559396875957 -0.2870302940642608
    outer loop
      vertex -5.005534063830016 -38.48158784205358 -19.23076923076923
      vertex -10.788638084435535 -37.85400645782259 0
      vertex -10.764187558124805 -37.7563944851592 0
    endloop
  endfacet
  facet normal -0.9292137982345764 0.23275593968759606 -0.28703029406426117
    outer loop
      vertex -5.005534063830016 -38.48158784205358 -19.23076923076923
      vertex -10.764187558124805 -37.7563944851592 0
      vertex -10.732065745748033 -37.62815702181085 0
    endloop
  endfacet
  facet normal -0.9292137982345763 0.23275593968759672 -0.2870302940642606
    outer loop
      vertex -5.005534063830016 -38.48158784205358 -19.23076923076923
      vertex -10.732065745748033 -37.62815702181085 0
      vertex -10.526343693054297 -36.80686855020092 0
    endloop
  endfacet
  facet normal -0.9019253082132128 0.3227140354770534 -0.2870302940642608
    outer loop
      vertex -4.8326006315975 -37.99827127685953 -19.230769230769234
      vertex -10.526343693054297 -36.80686855020092 0
      vertex -10.162674857624154 -35.790482243984016 0
    endloop
  endfacet
  facet normal -0.8659507844312321 0.40956421869142506 -0.2870302940642612
    outer loop
      vertex -4.613126613514472 -37.53423245352555 -19.230769230769234
      vertex -10.162674857624154 -35.790482243984016 0
      vertex -10.07416203706039 -35.60333760853636 0
    endloop
  endfacet
  facet normal 0 0 1
    outer loop
      vertex -10.788638084435535 -42.14599354217741 0
      vertex -10.764187558124805 -42.2436055148408 0
      vertex -10.947031993394166 -41.07818854362517 0
    endloop
  endfacet
  facet normal 0 0 1
    outer loop
      vertex -10.947031993394166 -41.07818854362517 0
      vertex -10.764187558124805 -42.2436055148408 0
      vertex -11 -40 0
    endloop
  endfacet
  facet normal -0.8659507844312323 -0.40956421869142534 -0.28703029406426095
    outer loop
      vertex -4.613126613514472 -42.46576754647445 -19.230769230769234
      vertex -9.985589359418057 -44.58393358407078 0
      vertex -10.07416203706039 -44.39666239146364 0
    endloop
  endfacet
  facet normal -0.8659507844312307 -0.40956421869142845 -0.2870302940642607
    outer loop
      vertex -9.701133907831906 -45.185364105085974 0
      vertex -9.985589359418057 -44.58393358407078 0
      vertex -4.613126613514472 -42.46576754647445 -19.230769230769234
    endloop
  endfacet
  facet normal -0.8216366812183226 -0.49247007458923264 -0.2870302940642608
    outer loop
      vertex -9.146165735327997 -46.11127256321562 0
      vertex -9.701133907831906 -45.185364105085974 0
      vertex -4.349225664351775 -42.90605968041022 -19.230769230769234
    endloop
  endfacet
  facet normal -0.7694097676129881 -0.5706331744572093 -0.2870302940642608
    outer loop
      vertex -9.146165735327997 -46.11127256321562 0
      vertex -4.043439294512778 -43.31836487100984 -19.23076923076923
      vertex -8.954835805427019 -46.36925110966545 0
    endloop
  endfacet
  facet normal -0.7694097676129875 -0.57063317445721 -0.28703029406426067
    outer loop
      vertex -4.043439294512778 -43.31836487100984 -19.23076923076923
      vertex -8.809367696104028 -46.565392149477525 0
      vertex -8.954835805427019 -46.36925110966545 0
    endloop
  endfacet
  facet normal -0.7694097676129891 -0.5706331744572078 -0.28703029406426084
    outer loop
      vertex -8.503114986990107 -46.9783261258001 0
      vertex -8.809367696104028 -46.565392149477525 0
      vertex -4.043439294512778 -43.31836487100984 -19.23076923076923
    endloop
  endfacet
  facet normal -0.7097730173433723 -0.6433007649153458 -0.28703029406426084
    outer loop
      vertex -8.503114986990107 -46.9783261258001 0
      vertex -3.698712393898864 -43.698712393898866 -19.23076923076923
      vertex -7.778174593052023 -47.77817459305202 0
    endloop
  endfacet
  facet normal -0.6433007649153456 -0.7097730173433723 -0.2870302940642608
    outer loop
      vertex -7.778174593052023 -47.77817459305202 0
      vertex -3.318364871009838 -44.04343929451278 -19.230769230769234
      vertex -7.447592438494157 -48.077796792963795 0
    endloop
  endfacet
  facet normal -0.6433007649153393 -0.7097730173433785 -0.2870302940642597
    outer loop
      vertex -3.318364871009838 -44.04343929451278 -19.230769230769234
      vertex -7.261424191175157 -48.246529856882624 0
      vertex -7.447592438494157 -48.077796792963795 0
    endloop
  endfacet
  facet normal -0.6433007649153458 -0.7097730173433722 -0.28703029406426067
    outer loop
      vertex -6.9783261258001 -48.503114986990106 0
      vertex -7.261424191175157 -48.246529856882624 0
      vertex -3.318364871009838 -44.04343929451278 -19.230769230769234
    endloop
  endfacet
  facet normal 0 0 1
    outer loop
      vertex -8.503114986990107 -46.9783261258001 0
      vertex -7.778174593052023 -47.77817459305202 0
      vertex -7.447592438494157 -48.077796792963795 0
    endloop
  endfacet
  facet normal 0 0 1
    outer loop
      vertex -6.9783261258001 -48.503114986990106 0
      vertex -5.607977568852737 -49.447829145786685 0
      vertex -7.261424191175157 -48.246529856882624 0
    endloop
  endfacet
  facet normal 0 0 1
    outer loop
      vertex -6.9783261258001 -48.503114986990106 0
      vertex -6.111272563215624 -49.146165735328 0
      vertex -5.607977568852737 -49.447829145786685 0
    endloop
  endfacet
  facet normal -0.8659507844312323 0.40956421869142534 -0.28703029406426095
    outer loop
      vertex -4.613126613514472 -37.53423245352555 -19.230769230769234
      vertex -10.07416203706039 -35.60333760853636 0
      vertex -9.985589359418057 -35.41606641592922 0
    endloop
  endfacet
  facet normal -0.8659507844312305 0.4095642186914289 -0.2870302940642606
    outer loop
      vertex -4.613126613514472 -37.53423245352555 -19.230769230769234
      vertex -9.985589359418057 -35.41606641592922 0
      vertex -9.701133907831906 -34.814635894914026 0
    endloop
  endfacet
  facet normal -0.8216366812183225 0.49247007458923314 -0.2870302940642607
    outer loop
      vertex -4.349225664351775 -37.09394031958978 -19.230769230769234
      vertex -9.701133907831906 -34.814635894914026 0
      vertex -9.146165735327997 -33.88872743678438 0
    endloop
  endfacet
  facet normal -0.769409767612988 0.5706331744572092 -0.28703029406426067
    outer loop
      vertex -4.043439294512778 -36.68163512899016 -19.23076923076923
      vertex -9.146165735327997 -33.88872743678438 0
      vertex -8.954835805427019 -33.63074889033455 0
    endloop
  endfacet
  facet normal -0.7694097676129875 0.57063317445721 -0.28703029406426067
    outer loop
      vertex -4.043439294512778 -36.68163512899016 -19.23076923076923
      vertex -8.954835805427019 -33.63074889033455 0
      vertex -8.809367696104028 -33.434607850522475 0
    endloop
  endfacet
  facet normal -0.7694097676129885 0.5706331744572087 -0.2870302940642607
    outer loop
      vertex -4.043439294512778 -36.68163512899016 -19.23076923076923
      vertex -8.809367696104028 -33.434607850522475 0
      vertex -8.503114986990107 -33.0216738741999 0
    endloop
  endfacet
  facet normal -0.7097730173433726 0.6433007649153455 -0.28703029406426084
    outer loop
      vertex -3.698712393898864 -36.301287606101134 -19.23076923076923
      vertex -8.503114986990107 -33.0216738741999 0
      vertex -7.778174593052023 -32.22182540694798 0
    endloop
  endfacet
  facet normal -0.6433007649153453 0.7097730173433728 -0.28703029406426084
    outer loop
      vertex -3.698712393898864 -36.301287606101134 -19.23076923076923
      vertex -7.778174593052023 -32.22182540694798 0
      vertex -7.447592438494157 -31.922203207036205 0
    endloop
  endfacet
  facet normal -0.6433007649153466 0.7097730173433713 -0.28703029406426106
    outer loop
      vertex -3.698712393898864 -36.301287606101134 -19.23076923076923
      vertex -7.447592438494157 -31.922203207036205 0
      vertex -7.261424191175157 -31.753470143117372 0
    endloop
  endfacet
  facet normal -0.6433007649153403 0.7097730173433772 -0.28703029406426095
    outer loop
      vertex -3.698712393898864 -36.301287606101134 -19.23076923076923
      vertex -7.261424191175157 -31.753470143117372 0
      vertex -6.9783261258001 -31.496885013009894 0
    endloop
  endfacet
  facet normal -0.7097730173433723 -0.6433007649153457 -0.287030294064261
    outer loop
      vertex -8.503114986990107 -46.9783261258001 0
      vertex -4.043439294512778 -43.31836487100984 -19.23076923076923
      vertex -3.698712393898864 -43.698712393898866 -19.23076923076923
    endloop
  endfacet
  facet normal -0.6433007649153457 -0.7097730173433722 -0.28703029406426106
    outer loop
      vertex -7.778174593052023 -47.77817459305202 0
      vertex -3.698712393898864 -43.698712393898866 -19.23076923076923
      vertex -3.318364871009838 -44.04343929451278 -19.230769230769234
    endloop
  endfacet
  facet normal -0.5706331744572102 -0.7694097676129872 -0.28703029406426106
    outer loop
      vertex -6.111272563215624 -49.146165735328 0
      vertex -3.318364871009838 -44.04343929451278 -19.230769230769234
      vertex -2.9060596804102268 -44.34922566435178 -19.23076923076923
    endloop
  endfacet
  facet normal -0.49247007458923237 -0.8216366812183229 -0.28703029406426067
    outer loop
      vertex -6.111272563215624 -49.146165735328 0
      vertex -2.9060596804102268 -44.34922566435178 -19.23076923076923
      vertex -2.4657675464744493 -44.613126613514474 -19.230769230769234
    endloop
  endfacet
  facet normal -0.4095642186914289 -0.8659507844312306 -0.28703029406426056
    outer loop
      vertex -5.1853641050859745 -49.7011339078319 0
      vertex -2.4657675464744493 -44.613126613514474 -19.230769230769234
      vertex -2.0017287231404697 -44.8326006315975 -19.230769230769234
    endloop
  endfacet
  facet normal -0.32271403547704364 -0.9019253082132166 -0.2870302940642608
    outer loop
      vertex -4.2095177560159875 -50.162674857624154 0
      vertex -2.0017287231404697 -44.8326006315975 -19.230769230769234
      vertex -1.5184121579464185 -45.00553406383001 -19.23076923076923
    endloop
  endfacet
  facet normal -0.23275593968760436 -0.9292137982345743 -0.28703029406426117
    outer loop
      vertex -3.1931314497990857 -50.5263436930543 0
      vertex -1.5184121579464185 -45.00553406383001 -19.23076923076923
      vertex -1.0204724536228245 -45.13026146672459 -19.230769230769234
    endloop
  endfacet
  facet normal -0.14055627696159986 -0.9475534514190099 -0.2870302940642606
    outer loop
      vertex -2.145993542177411 -50.78863808443553 0
      vertex -1.0204724536228245 -45.13026146672459 -19.230769230769234
      vertex -0.5127050417238554 -45.20558164720841 -19.23076923076923
    endloop
  endfacet
  facet normal -0.047002980452613426 -0.956767646880869 -0.287030294064261
    outer loop
      vertex -1.0781885436251666 -50.94703199339416 0
      vertex -0.5127050417238554 -45.20558164720841 -19.23076923076923
      vertex 0 -45.23076923076923 -19.23076923076923
    endloop
  endfacet
  facet normal -0.5706331744572116 -0.7694097676129862 -0.28703029406426067
    outer loop
      vertex -6.9783261258001 -48.503114986990106 0
      vertex -3.318364871009838 -44.04343929451278 -19.230769230769234
      vertex -6.111272563215624 -49.146165735328 0
    endloop
  endfacet
  facet normal -0.4924700745892299 -0.8216366812183244 -0.28703029406426067
    outer loop
      vertex -6.111272563215624 -49.146165735328 0
      vertex -2.4657675464744493 -44.613126613514474 -19.230769230769234
      vertex -5.607977568852737 -49.447829145786685 0
    endloop
  endfacet
  facet normal -0.49247007458922815 -0.8216366812183253 -0.28703029406426045
    outer loop
      vertex -2.4657675464744493 -44.613126613514474 -19.230769230769234
      vertex -5.410923206318257 -49.56593898537125 0
      vertex -5.607977568852737 -49.447829145786685 0
    endloop
  endfacet
  facet normal -0.49247007458922976 -0.8216366812183244 -0.28703029406426067
    outer loop
      vertex -5.1853641050859745 -49.7011339078319 0
      vertex -5.410923206318257 -49.56593898537125 0
      vertex -2.4657675464744493 -44.613126613514474 -19.230769230769234
    endloop
  endfacet
  facet normal -0.4095642186914311 -0.8659507844312295 -0.2870302940642607
    outer loop
      vertex -5.1853641050859745 -49.7011339078319 0
      vertex -2.0017287231404697 -44.8326006315975 -19.230769230769234
      vertex -4.2095177560159875 -50.162674857624154 0
    endloop
  endfacet
  facet normal -0.32271403547705235 -0.9019253082132132 -0.28703029406426095
    outer loop
      vertex -4.2095177560159875 -50.162674857624154 0
      vertex -1.5184121579464185 -45.00553406383001 -19.23076923076923
      vertex -3.5022012768291844 -50.41575674065724 0
    endloop
  endfacet
  facet normal -0.32271403547707483 -0.9019253082132053 -0.2870302940642604
    outer loop
      vertex -1.5184121579464185 -45.00553406383001 -19.23076923076923
      vertex -3.3371843844057243 -50.4748007288799 0
      vertex -3.5022012768291844 -50.41575674065724 0
    endloop
  endfacet
  facet normal 0 0 1
    outer loop
      vertex -5.1853641050859745 -49.7011339078319 0
      vertex -3.5022012768291844 -50.41575674065724 0
      vertex -5.410923206318257 -49.56593898537125 0
    endloop
  endfacet
  facet normal 0 0 1
    outer loop
      vertex -5.1853641050859745 -49.7011339078319 0
      vertex -4.2095177560159875 -50.162674857624154 0
      vertex -3.5022012768291844 -50.41575674065724 0
    endloop
  endfacet
  facet normal -0.32271403547705185 -0.9019253082132134 -0.2870302940642611
    outer loop
      vertex -3.1931314497990857 -50.5263436930543 0
      vertex -3.3371843844057243 -50.4748007288799 0
      vertex -1.5184121579464185 -45.00553406383001 -19.23076923076923
    endloop
  endfacet
  facet normal -0.2327559396875917 -0.9292137982345776 -0.2870302940642608
    outer loop
      vertex -3.1931314497990857 -50.5263436930543 0
      vertex -1.0204724536228245 -45.13026146672459 -19.230769230769234
      vertex -2.145993542177411 -50.78863808443553 0
    endloop
  endfacet
  facet normal -0.1405562769616123 -0.947553451419008 -0.28703029406426106
    outer loop
      vertex -2.145993542177411 -50.78863808443553 0
      vertex -0.5127050417238554 -45.20558164720841 -19.23076923076923
      vertex -1.2017178694867061 -50.92870814885255 0
    endloop
  endfacet
  facet normal -0.1405562769615627 -0.9475534514190151 -0.2870302940642616
    outer loop
      vertex -0.5127050417238554 -45.20558164720841 -19.23076923076923
      vertex -1.1273414461955795 -50.939740849051006 0
      vertex -1.2017178694867061 -50.92870814885255 0
    endloop
  endfacet
  facet normal -0.14055627696157222 -0.9475534514190138 -0.2870302940642613
    outer loop
      vertex -1.0781885436251666 -50.94703199339416 0
      vertex -1.1273414461955795 -50.939740849051006 0
      vertex -0.5127050417238554 -45.20558164720841 -19.23076923076923
    endloop
  endfacet
  facet normal -0.04700298045260611 -0.9567676468808695 -0.2870302940642607
    outer loop
      vertex -1.0781885436251666 -50.94703199339416 0
      vertex 0 -45.23076923076923 -19.23076923076923
      vertex 0 -51 0
    endloop
  endfacet
  facet normal 0 0 1
    outer loop
      vertex -3.1931314497990857 -50.5263436930543 0
      vertex -1.2017178694867061 -50.92870814885255 0
      vertex -3.3371843844057243 -50.4748007288799 0
    endloop
  endfacet
  facet normal 0 0 1
    outer loop
      vertex -3.1931314497990857 -50.5263436930543 0
      vertex -2.145993542177411 -50.78863808443553 0
      vertex -1.2017178694867061 -50.92870814885255 0
    endloop
  endfacet
  facet normal 0 0 1
    outer loop
      vertex -1.0781885436251666 -50.94703199339416 0
      vertex 1.1273414461955795 -50.939740849051006 0
      vertex -1.1273414461955795 -50.939740849051006 0
    endloop
  endfacet
  facet normal -0.7097730173433727 0.6433007649153453 -0.2870302940642608
    outer loop
      vertex -4.043439294512778 -36.68163512899016 -19.23076923076923
      vertex -8.503114986990107 -33.0216738741999 0
      vertex -3.698712393898864 -36.301287606101134 -19.23076923076923
    endloop
  endfacet
  facet normal -0.643300764915344 0.7097730173433738 -0.2870302940642608
    outer loop
      vertex -3.698712393898864 -36.301287606101134 -19.23076923076923
      vertex -6.9783261258001 -31.496885013009894 0
      vertex -3.318364871009838 -35.95656070548722 -19.23076923076923
    endloop
  endfacet
  facet normal -0.5706331744572122 0.7694097676129859 -0.2870302940642607
    outer loop
      vertex -3.318364871009838 -35.95656070548722 -19.23076923076923
      vertex -6.111272563215624 -30.853834264672003 0
      vertex -2.9060596804102268 -35.65077433564822 -19.23076923076923
    endloop
  endfacet
  facet normal -0.49247007458923175 0.8216366812183232 -0.28703029406426084
    outer loop
      vertex -2.9060596804102268 -35.65077433564822 -19.23076923076923
      vertex -5.1853641050859745 -30.298866092168094 0
      vertex -2.4657675464744493 -35.386873386485526 -19.230769230769234
    endloop
  endfacet
  facet normal -0.4095642186914282 0.8659507844312309 -0.2870302940642608
    outer loop
      vertex -2.4657675464744493 -35.386873386485526 -19.230769230769234
      vertex -4.2095177560159875 -29.837325142375846 0
      vertex -2.0017287231404697 -35.1673993684025 -19.230769230769234
    endloop
  endfacet
  facet normal -0.3227140354770444 0.9019253082132159 -0.2870302940642611
    outer loop
      vertex -2.0017287231404697 -35.1673993684025 -19.230769230769234
      vertex -3.1931314497990857 -29.473656306945703 0
      vertex -1.5184121579464185 -34.99446593616999 -19.23076923076923
    endloop
  endfacet
  facet normal -0.23275593968760455 0.9292137982345744 -0.2870302940642606
    outer loop
      vertex -1.5184121579464185 -34.99446593616999 -19.23076923076923
      vertex -2.145993542177411 -29.211361915564467 0
      vertex -1.0204724536228247 -34.86973853327541 -19.230769230769234
    endloop
  endfacet
  facet normal -0.14055627696160045 0.9475534514190097 -0.28703029406426106
    outer loop
      vertex -1.0204724536228247 -34.86973853327541 -19.230769230769234
      vertex -1.0781885436251666 -29.052968006605834 0
      vertex -0.5127050417238554 -34.79441835279159 -19.23076923076923
    endloop
  endfacet
  facet normal -0.047002980452613315 0.956767646880869 -0.2870302940642606
    outer loop
      vertex -0.5127050417238554 -34.79441835279159 -19.23076923076923
      vertex 0 -29 0
      vertex 0 -34.76923076923077 -19.23076923076923
    endloop
  endfacet
  facet normal -0.5706331744572114 0.7694097676129864 -0.28703029406426095
    outer loop
      vertex -3.318364871009838 -35.95656070548722 -19.23076923076923
      vertex -6.9783261258001 -31.496885013009894 0
      vertex -6.111272563215624 -30.853834264672003 0
    endloop
  endfacet
  facet normal -0.49247007458922953 0.8216366812183247 -0.2870302940642608
    outer loop
      vertex -2.9060596804102268 -35.65077433564822 -19.23076923076923
      vertex -6.111272563215624 -30.853834264672003 0
      vertex -5.607977568852714 -30.5521708542133 0
    endloop
  endfacet
  facet normal -0.49247007458923764 0.8216366812183198 -0.28703029406426056
    outer loop
      vertex -2.9060596804102268 -35.65077433564822 -19.23076923076923
      vertex -5.607977568852714 -30.5521708542133 0
      vertex -5.410923206318279 -30.434061014628764 0
    endloop
  endfacet
  facet normal -0.49247007458923237 0.821636681218323 -0.28703029406426017
    outer loop
      vertex -2.9060596804102268 -35.65077433564822 -19.23076923076923
      vertex -5.410923206318279 -30.434061014628764 0
      vertex -5.1853641050859745 -30.298866092168094 0
    endloop
  endfacet
  facet normal -0.40956421869142834 0.8659507844312307 -0.2870302940642609
    outer loop
      vertex -2.4657675464744493 -35.386873386485526 -19.230769230769234
      vertex -5.1853641050859745 -30.298866092168094 0
      vertex -4.2095177560159875 -29.837325142375846 0
    endloop
  endfacet
  facet normal -0.322714035477052 0.9019253082132135 -0.28703029406426084
    outer loop
      vertex -2.0017287231404697 -35.1673993684025 -19.230769230769234
      vertex -4.2095177560159875 -29.837325142375846 0
      vertex -3.5022012768292248 -29.584243259342777 0
    endloop
  endfacet
  facet normal -0.32271403547704686 0.9019253082132154 -0.28703029406426056
    outer loop
      vertex -2.0017287231404697 -35.1673993684025 -19.230769230769234
      vertex -3.5022012768292248 -29.584243259342777 0
      vertex -3.337184384405707 -29.5251992711201 0
    endloop
  endfacet
  facet normal -0.3227140354770632 0.9019253082132095 -0.28703029406426067
    outer loop
      vertex -2.0017287231404697 -35.1673993684025 -19.230769230769234
      vertex -3.337184384405707 -29.5251992711201 0
      vertex -3.1931314497990857 -29.473656306945703 0
    endloop
  endfacet
  facet normal -0.2327559396875947 0.9292137982345766 -0.287030294064261
    outer loop
      vertex -1.5184121579464185 -34.99446593616999 -19.23076923076923
      vertex -3.1931314497990857 -29.473656306945703 0
      vertex -2.145993542177411 -29.211361915564467 0
    endloop
  endfacet
  facet normal -0.140556276961608 0.9475534514190087 -0.2870302940642607
    outer loop
      vertex -1.0204724536228247 -34.86973853327541 -19.230769230769234
      vertex -2.145993542177411 -29.211361915564467 0
      vertex -1.2017178694867032 -29.071291851147453 0
    endloop
  endfacet
  facet normal -0.140556276961628 0.947553451419006 -0.2870302940642601
    outer loop
      vertex -1.0204724536228247 -34.86973853327541 -19.230769230769234
      vertex -1.2017178694867032 -29.071291851147453 0
      vertex -1.127341446195587 -29.060259150948994 0
    endloop
  endfacet
  facet normal -0.14055627696161976 0.9475534514190072 -0.28703029406426034
    outer loop
      vertex -1.0204724536228247 -34.86973853327541 -19.230769230769234
      vertex -1.127341446195587 -29.060259150948994 0
      vertex -1.0781885436251666 -29.052968006605834 0
    endloop
  endfacet
  facet normal -0.04700298045260283 0.9567676468808695 -0.287030294064261
    outer loop
      vertex -0.5127050417238554 -34.79441835279159 -19.23076923076923
      vertex -1.0781885436251666 -29.052968006605834 0
      vertex 0 -29 0
    endloop
  endfacet
  facet normal 0.047002980452613426 -0.956767646880869 -0.2870302940642606
    outer loop
      vertex 0 -51 0
      vertex 0 -45.23076923076923 -19.23076923076923
      vertex 0.5127050417238554 -45.20558164720841 -19.23076923076923
    endloop
  endfacet
  facet normal 0.14055627696160125 -0.9475534514190097 -0.28703029406426095
    outer loop
      vertex 1.0781885436251666 -50.94703199339416 0
      vertex 0.5127050417238554 -45.20558164720841 -19.23076923076923
      vertex 1.0204724536228247 -45.13026146672459 -19.230769230769234
    endloop
  endfacet
  facet normal 0.23275593968760452 -0.9292137982345744 -0.28703029406426056
    outer loop
      vertex 2.145993542177411 -50.78863808443553 0
      vertex 1.0204724536228247 -45.13026146672459 -19.230769230769234
      vertex 1.5184121579464185 -45.00553406383001 -19.23076923076923
    endloop
  endfacet
  facet normal 0.32271403547704514 -0.9019253082132158 -0.2870302940642612
    outer loop
      vertex 3.1931314497990857 -50.5263436930543 0
      vertex 1.5184121579464185 -45.00553406383001 -19.23076923076923
      vertex 2.0017287231404697 -44.8326006315975 -19.230769230769234
    endloop
  endfacet
  facet normal 0.40956421869142773 -0.8659507844312311 -0.28703029406426084
    outer loop
      vertex 4.2095177560159875 -50.162674857624154 0
      vertex 2.0017287231404697 -44.8326006315975 -19.230769230769234
      vertex 2.4657675464744493 -44.613126613514474 -19.230769230769234
    endloop
  endfacet
  facet normal 0.49247007458923137 -0.8216366812183235 -0.2870302940642609
    outer loop
      vertex 5.1853641050859745 -49.7011339078319 0
      vertex 2.4657675464744493 -44.613126613514474 -19.230769230769234
      vertex 2.9060596804102268 -44.34922566435178 -19.23076923076923
    endloop
  endfacet
  facet normal 0.5706331744572122 -0.7694097676129859 -0.2870302940642607
    outer loop
      vertex 2.9060596804102268 -44.34922566435178 -19.23076923076923
      vertex 3.318364871009838 -44.04343929451278 -19.23076923076923
      vertex 6.111272563215624 -49.146165735328 0
    endloop
  endfacet
  facet normal 0.643300764915344 -0.7097730173433738 -0.2870302940642608
    outer loop
      vertex 3.318364871009838 -44.04343929451278 -19.23076923076923
      vertex 3.698712393898864 -43.698712393898866 -19.23076923076923
      vertex 6.9783261258001 -48.503114986990106 0
    endloop
  endfacet
  facet normal 0.7097730173433727 -0.6433007649153453 -0.2870302940642608
    outer loop
      vertex 3.698712393898864 -43.698712393898866 -19.23076923076923
      vertex 4.043439294512778 -43.31836487100984 -19.23076923076923
      vertex 8.503114986990107 -46.9783261258001 0
    endloop
  endfacet
  facet normal 0.047002980452606105 -0.9567676468808693 -0.28703029406426084
    outer loop
      vertex 0 -51 0
      vertex 0.5127050417238554 -45.20558164720841 -19.23076923076923
      vertex 1.0781885436251666 -50.94703199339416 0
    endloop
  endfacet
  facet normal 0.1405562769615722 -0.9475534514190136 -0.287030294064262
    outer loop
      vertex 1.0781885436251666 -50.94703199339416 0
      vertex 1.0204724536228247 -45.13026146672459 -19.230769230769234
      vertex 1.1273414461955795 -50.939740849051006 0
    endloop
  endfacet
  facet normal 0.14055627696156256 -0.947553451419015 -0.2870302940642623
    outer loop
      vertex 1.0204724536228247 -45.13026146672459 -19.230769230769234
      vertex 1.2017178694867061 -50.92870814885255 0
      vertex 1.1273414461955795 -50.939740849051006 0
    endloop
  endfacet
  facet normal 0.1405562769616123 -0.947553451419008 -0.2870302940642608
    outer loop
      vertex 2.145993542177411 -50.78863808443553 0
      vertex 1.2017178694867061 -50.92870814885255 0
      vertex 1.0204724536228247 -45.13026146672459 -19.230769230769234
    endloop
  endfacet
  facet normal 0.23275593968759165 -0.9292137982345774 -0.28703029406426106
    outer loop
      vertex 2.145993542177411 -50.78863808443553 0
      vertex 1.5184121579464185 -45.00553406383001 -19.23076923076923
      vertex 3.1931314497990857 -50.5263436930543 0
    endloop
  endfacet
  facet normal 0 0 1
    outer loop
      vertex -1.0781885436251666 -50.94703199339416 0
      vertex 0 -51 0
      vertex 1.1273414461955795 -50.939740849051006 0
    endloop
  endfacet
  facet normal 0 0 1
    outer loop
      vertex 0 -51 0
      vertex 1.0781885436251666 -50.94703199339416 0
      vertex 1.1273414461955795 -50.939740849051006 0
    endloop
  endfacet
  facet normal 0 0 1
    outer loop
      vertex 2.145993542177411 -50.78863808443553 0
      vertex 3.3371843844057243 -50.4748007288799 0
      vertex 1.2017178694867061 -50.92870814885255 0
    endloop
  endfacet
  facet normal 0.3227140354770519 -0.9019253082132135 -0.28703029406426095
    outer loop
      vertex 3.1931314497990857 -50.5263436930543 0
      vertex 2.0017287231404697 -44.8326006315975 -19.230769230769234
      vertex 3.3371843844057243 -50.4748007288799 0
    endloop
  endfacet
  facet normal 0.32271403547707544 -0.901925308213205 -0.28703029406426045
    outer loop
      vertex 2.0017287231404697 -44.8326006315975 -19.230769230769234
      vertex 3.5022012768291844 -50.41575674065724 0
      vertex 3.3371843844057243 -50.4748007288799 0
    endloop
  endfacet
  facet normal 0.3227140354770524 -0.9019253082132133 -0.2870302940642608
    outer loop
      vertex 4.2095177560159875 -50.162674857624154 0
      vertex 3.5022012768291844 -50.41575674065724 0
      vertex 2.0017287231404697 -44.8326006315975 -19.230769230769234
    endloop
  endfacet
  facet normal 0.4095642186914311 -0.8659507844312295 -0.28703029406426067
    outer loop
      vertex 4.2095177560159875 -50.162674857624154 0
      vertex 2.4657675464744493 -44.613126613514474 -19.230769230769234
      vertex 5.1853641050859745 -49.7011339078319 0
    endloop
  endfacet
  facet normal 0.49247007458922976 -0.8216366812183244 -0.28703029406426067
    outer loop
      vertex 5.1853641050859745 -49.7011339078319 0
      vertex 2.9060596804102268 -44.34922566435178 -19.23076923076923
      vertex 5.410923206318257 -49.56593898537125 0
    endloop
  endfacet
  facet normal 0.4924700745892288 -0.8216366812183249 -0.28703029406426084
    outer loop
      vertex 2.9060596804102268 -44.34922566435178 -19.23076923076923
      vertex 5.607977568852737 -49.447829145786685 0
      vertex 5.410923206318257 -49.56593898537125 0
    endloop
  endfacet
  facet normal 0.49247007458922937 -0.8216366812183247 -0.28703029406426084
    outer loop
      vertex 2.9060596804102268 -44.34922566435178 -19.23076923076923
      vertex 6.111272563215624 -49.146165735328 0
      vertex 5.607977568852737 -49.447829145786685 0
    endloop
  endfacet
  facet normal 0.5706331744572114 -0.7694097676129864 -0.28703029406426095
    outer loop
      vertex 3.318364871009838 -44.04343929451278 -19.23076923076923
      vertex 6.9783261258001 -48.503114986990106 0
      vertex 6.111272563215624 -49.146165735328 0
    endloop
  endfacet
  facet normal 0 0 1
    outer loop
      vertex 2.145993542177411 -50.78863808443553 0
      vertex 3.1931314497990857 -50.5263436930543 0
      vertex 3.3371843844057243 -50.4748007288799 0
    endloop
  endfacet
  facet normal 0 0 1
    outer loop
      vertex 4.2095177560159875 -50.162674857624154 0
      vertex 5.410923206318257 -49.56593898537125 0
      vertex 3.5022012768291844 -50.41575674065724 0
    endloop
  endfacet
  facet normal 0 0 1
    outer loop
      vertex 4.2095177560159875 -50.162674857624154 0
      vertex 5.1853641050859745 -49.7011339078319 0
      vertex 5.410923206318257 -49.56593898537125 0
    endloop
  endfacet
  facet normal 0.04700298045261331 0.9567676468808688 -0.2870302940642611
    outer loop
      vertex 0 -34.76923076923077 -19.23076923076923
      vertex 1.0781885436251666 -29.052968006605834 0
      vertex 0.5127050417238554 -34.79441835279159 -19.23076923076923
    endloop
  endfacet
  facet normal 0.14055627696160056 0.9475534514190099 -0.2870302940642606
    outer loop
      vertex 0.5127050417238554 -34.79441835279159 -19.23076923076923
      vertex 2.145993542177411 -29.211361915564467 0
      vertex 1.0204724536228245 -34.86973853327541 -19.230769230769234
    endloop
  endfacet
  facet normal 0.23275593968760439 0.9292137982345743 -0.28703029406426106
    outer loop
      vertex 1.0204724536228245 -34.86973853327541 -19.230769230769234
      vertex 3.1931314497990857 -29.473656306945703 0
      vertex 1.5184121579464185 -34.99446593616999 -19.23076923076923
    endloop
  endfacet
  facet normal 0.3227140354770445 0.9019253082132161 -0.28703029406426067
    outer loop
      vertex 1.5184121579464185 -34.99446593616999 -19.23076923076923
      vertex 4.2095177560159875 -29.837325142375846 0
      vertex 2.0017287231404697 -35.1673993684025 -19.230769230769234
    endloop
  endfacet
  facet normal 0.4095642186914282 0.8659507844312309 -0.2870302940642608
    outer loop
      vertex 2.0017287231404697 -35.1673993684025 -19.230769230769234
      vertex 5.1853641050859745 -30.298866092168094 0
      vertex 2.4657675464744493 -35.386873386485526 -19.230769230769234
    endloop
  endfacet
  facet normal 0.49247007458923175 0.8216366812183232 -0.2870302940642607
    outer loop
      vertex 2.4657675464744493 -35.386873386485526 -19.230769230769234
      vertex 6.111272563215624 -30.853834264672003 0
      vertex 2.9060596804102268 -35.65077433564822 -19.23076923076923
    endloop
  endfacet
  facet normal 0.5706331744572106 0.7694097676129872 -0.2870302940642608
    outer loop
      vertex 3.318364871009838 -35.95656070548722 -19.230769230769234
      vertex 2.9060596804102268 -35.65077433564822 -19.23076923076923
      vertex 6.111272563215624 -30.853834264672003 0
    endloop
  endfacet
  facet normal 0.6433007649153455 0.7097730173433725 -0.2870302940642608
    outer loop
      vertex 3.318364871009838 -35.95656070548722 -19.230769230769234
      vertex 7.778174593052023 -32.22182540694798 0
      vertex 3.698712393898864 -36.301287606101134 -19.23076923076923
    endloop
  endfacet
  facet normal 0.7097730173433727 0.6433007649153453 -0.2870302940642608
    outer loop
      vertex 4.043439294512778 -36.68163512899016 -19.23076923076923
      vertex 3.698712393898864 -36.301287606101134 -19.23076923076923
      vertex 8.503114986990107 -33.0216738741999 0
    endloop
  endfacet
  facet normal 0.04700298045260284 0.9567676468808696 -0.2870302940642608
    outer loop
      vertex 0 -34.76923076923077 -19.23076923076923
      vertex 0 -29 0
      vertex 1.0781885436251666 -29.052968006605834 0
    endloop
  endfacet
  facet normal 0.14055627696161974 0.947553451419007 -0.2870302940642607
    outer loop
      vertex 0.5127050417238554 -34.79441835279159 -19.23076923076923
      vertex 1.0781885436251666 -29.052968006605834 0
      vertex 1.127341446195587 -29.060259150948994 0
    endloop
  endfacet
  facet normal 0.14055627696162795 0.9475534514190058 -0.2870302940642608
    outer loop
      vertex 0.5127050417238554 -34.79441835279159 -19.23076923076923
      vertex 1.127341446195587 -29.060259150948994 0
      vertex 1.2017178694867032 -29.071291851147453 0
    endloop
  endfacet
  facet normal 0.140556276961608 0.9475534514190086 -0.2870302940642609
    outer loop
      vertex 0.5127050417238554 -34.79441835279159 -19.23076923076923
      vertex 1.2017178694867032 -29.071291851147453 0
      vertex 2.145993542177411 -29.211361915564467 0
    endloop
  endfacet
  facet normal 0.23275593968759462 0.9292137982345768 -0.28703029406426067
    outer loop
      vertex 1.0204724536228245 -34.86973853327541 -19.230769230769234
      vertex 2.145993542177411 -29.211361915564467 0
      vertex 3.1931314497990857 -29.473656306945703 0
    endloop
  endfacet
  facet normal 0.3227140354770669 0.9019253082132082 -0.28703029406426045
    outer loop
      vertex 1.5184121579464185 -34.99446593616999 -19.23076923076923
      vertex 3.1931314497990857 -29.473656306945703 0
      vertex 3.337184384405707 -29.5251992711201 0
    endloop
  endfacet
  facet normal 0.4095642186914289 0.8659507844312305 -0.2870302940642608
    outer loop
      vertex 2.0017287231404697 -35.1673993684025 -19.230769230769234
      vertex 4.2095177560159875 -29.837325142375846 0
      vertex 5.1853641050859745 -30.298866092168094 0
    endloop
  endfacet
  facet normal 0.32271403547704347 0.9019253082132163 -0.2870302940642612
    outer loop
      vertex 1.5184121579464185 -34.99446593616999 -19.23076923076923
      vertex 3.337184384405707 -29.5251992711201 0
      vertex 3.5022012768292248 -29.584243259342777 0
    endloop
  endfacet
  facet normal 0.3227140354770527 0.9019253082132132 -0.2870302940642609
    outer loop
      vertex 1.5184121579464185 -34.99446593616999 -19.23076923076923
      vertex 3.5022012768292248 -29.584243259342777 0
      vertex 4.2095177560159875 -29.837325142375846 0
    endloop
  endfacet
  facet normal 0.49247007458923237 0.821636681218323 -0.2870302940642605
    outer loop
      vertex 2.4657675464744493 -35.386873386485526 -19.230769230769234
      vertex 5.1853641050859745 -30.298866092168094 0
      vertex 5.410923206318279 -30.434061014628764 0
    endloop
  endfacet
  facet normal 0.4924700745892375 0.8216366812183196 -0.28703029406426084
    outer loop
      vertex 2.4657675464744493 -35.386873386485526 -19.230769230769234
      vertex 5.410923206318279 -30.434061014628764 0
      vertex 5.607977568852714 -30.5521708542133 0
    endloop
  endfacet
  facet normal 0.4924700745892304 0.8216366812183241 -0.2870302940642608
    outer loop
      vertex 2.4657675464744493 -35.386873386485526 -19.230769230769234
      vertex 5.607977568852714 -30.5521708542133 0
      vertex 6.111272563215624 -30.853834264672003 0
    endloop
  endfacet
  facet normal 0.5706331744572117 0.7694097676129862 -0.2870302940642607
    outer loop
      vertex 3.318364871009838 -35.95656070548722 -19.230769230769234
      vertex 6.111272563215624 -30.853834264672003 0
      vertex 6.9783261258001 -31.496885013009894 0
    endloop
  endfacet
  facet normal 0.7694097676129898 -0.5706331744572066 -0.2870302940642609
    outer loop
      vertex 4.043439294512778 -43.31836487100984 -19.23076923076923
      vertex 4.349225664351775 -42.90605968041022 -19.230769230769234
      vertex 9.146165735327997 -46.11127256321562 0
    endloop
  endfacet
  facet normal 0.82163668121832 -0.4924700745892372 -0.2870302940642606
    outer loop
      vertex 4.349225664351775 -42.90605968041022 -19.230769230769234
      vertex 4.613126613514472 -42.46576754647445 -19.230769230769234
      vertex 9.701133907831906 -45.185364105085974 0
    endloop
  endfacet
  facet normal 0.8659507844312324 -0.4095642186914247 -0.28703029406426084
    outer loop
      vertex 4.613126613514472 -42.46576754647445 -19.230769230769234
      vertex 4.8326006315975 -42.00172872314047 -19.230769230769234
      vertex 10.162674857624154 -44.209517756015984 0
    endloop
  endfacet
  facet normal 0.9019253082132122 -0.32271403547705557 -0.28703029406426067
    outer loop
      vertex 4.8326006315975 -42.00172872314047 -19.230769230769234
      vertex 5.005534063830016 -41.51841215794642 -19.23076923076923
      vertex 10.526343693054297 -43.19313144979908 0
    endloop
  endfacet
  facet normal 0.7694097676129898 0.5706331744572066 -0.2870302940642609
    outer loop
      vertex 4.043439294512778 -36.68163512899016 -19.23076923076923
      vertex 9.146165735327997 -33.88872743678438 0
      vertex 4.349225664351775 -37.09394031958978 -19.230769230769234
    endloop
  endfacet
  facet normal 0.9019253082132122 0.3227140354770556 -0.28703029406426067
    outer loop
      vertex 5.005534063830016 -38.48158784205358 -19.23076923076923
      vertex 4.8326006315975 -37.99827127685953 -19.230769230769234
      vertex 10.526343693054297 -36.80686855020092 0
    endloop
  endfacet
  facet normal 0.82163668121832 0.4924700745892372 -0.28703029406426067
    outer loop
      vertex 4.613126613514472 -37.53423245352555 -19.230769230769234
      vertex 4.349225664351775 -37.09394031958978 -19.230769230769234
      vertex 9.701133907831906 -34.814635894914026 0
    endloop
  endfacet
  facet normal 0.8659507844312324 0.4095642186914247 -0.28703029406426084
    outer loop
      vertex 4.613126613514472 -37.53423245352555 -19.230769230769234
      vertex 10.162674857624154 -35.790482243984016 0
      vertex 4.8326006315975 -37.99827127685953 -19.230769230769234
    endloop
  endfacet
  facet normal 0.9292137982345772 -0.23275593968759245 -0.2870302940642609
    outer loop
      vertex 5.005534063830016 -41.51841215794642 -19.23076923076923
      vertex 5.13026146672459 -41.02047245362282 -19.23076923076923
      vertex 10.788638084435535 -42.14599354217741 0
    endloop
  endfacet
  facet normal 0.9475534514190083 -0.1405562769616113 -0.2870302940642609
    outer loop
      vertex 5.13026146672459 -41.02047245362282 -19.23076923076923
      vertex 5.205581647208414 -40.512705041723855 -19.230769230769234
      vertex 10.788638084435535 -42.14599354217741 0
    endloop
  endfacet
  facet normal 0.9567676468808696 -0.047002980452601456 -0.28703029406426084
    outer loop
      vertex 5.205581647208414 -40.512705041723855 -19.230769230769234
      vertex 5.230769230769231 -40 -19.23076923076923
      vertex 10.947031993394166 -41.07818854362517 0
    endloop
  endfacet
  facet normal 0.9567676468808696 0.047002980452601456 -0.2870302940642609
    outer loop
      vertex 5.230769230769231 -40 -19.23076923076923
      vertex 5.205581647208414 -39.487294958276145 -19.230769230769234
      vertex 11 -40 0
    endloop
  endfacet
  facet normal 0.9292137982345772 0.23275593968759245 -0.2870302940642609
    outer loop
      vertex 5.13026146672459 -38.97952754637718 -19.23076923076923
      vertex 5.005534063830016 -38.48158784205358 -19.23076923076923
      vertex 10.788638084435535 -37.85400645782259 0
    endloop
  endfacet
  facet normal 0.9475534514190083 0.1405562769616113 -0.2870302940642608
    outer loop
      vertex 5.205581647208414 -39.487294958276145 -19.230769230769234
      vertex 5.13026146672459 -38.97952754637718 -19.23076923076923
      vertex 10.947031993394166 -38.92181145637483 0
    endloop
  endfacet
  facet normal 0.6433007649153455 -0.7097730173433727 -0.28703029406426056
    outer loop
      vertex 3.698712393898864 -43.698712393898866 -19.23076923076923
      vertex 7.261424191175157 -48.246529856882624 0
      vertex 6.9783261258001 -48.503114986990106 0
    endloop
  endfacet
  facet normal 0.6433007649153388 -0.7097730173433783 -0.28703029406426106
    outer loop
      vertex 3.698712393898864 -43.698712393898866 -19.23076923076923
      vertex 7.447592438494157 -48.077796792963795 0
      vertex 7.261424191175157 -48.246529856882624 0
    endloop
  endfacet
  facet normal 0.6433007649153453 -0.7097730173433728 -0.28703029406426084
    outer loop
      vertex 3.698712393898864 -43.698712393898866 -19.23076923076923
      vertex 7.778174593052023 -47.77817459305202 0
      vertex 7.447592438494157 -48.077796792963795 0
    endloop
  endfacet
  facet normal 0.7097730173433726 -0.6433007649153455 -0.28703029406426084
    outer loop
      vertex 3.698712393898864 -43.698712393898866 -19.23076923076923
      vertex 8.503114986990107 -46.9783261258001 0
      vertex 7.778174593052023 -47.77817459305202 0
    endloop
  endfacet
  facet normal 0.7694097676129885 -0.5706331744572087 -0.2870302940642607
    outer loop
      vertex 4.043439294512778 -43.31836487100984 -19.23076923076923
      vertex 8.809367696104028 -46.565392149477525 0
      vertex 8.503114986990107 -46.9783261258001 0
    endloop
  endfacet
  facet normal 0.7694097676129875 -0.57063317445721 -0.28703029406426067
    outer loop
      vertex 4.043439294512778 -43.31836487100984 -19.23076923076923
      vertex 8.954835805427019 -46.36925110966545 0
      vertex 8.809367696104028 -46.565392149477525 0
    endloop
  endfacet
  facet normal 0.769409767612988 -0.5706331744572092 -0.28703029406426067
    outer loop
      vertex 4.043439294512778 -43.31836487100984 -19.23076923076923
      vertex 9.146165735327997 -46.11127256321562 0
      vertex 8.954835805427019 -46.36925110966545 0
    endloop
  endfacet
  facet normal 0.8216366812183225 -0.49247007458923314 -0.2870302940642607
    outer loop
      vertex 4.349225664351775 -42.90605968041022 -19.230769230769234
      vertex 9.701133907831906 -45.185364105085974 0
      vertex 9.146165735327997 -46.11127256321562 0
    endloop
  endfacet
  facet normal 0.8659507844312305 -0.4095642186914289 -0.2870302940642606
    outer loop
      vertex 4.613126613514472 -42.46576754647445 -19.230769230769234
      vertex 9.985589359418057 -44.58393358407078 0
      vertex 9.701133907831906 -45.185364105085974 0
    endloop
  endfacet
  facet normal 0.8659507844312323 -0.40956421869142534 -0.28703029406426095
    outer loop
      vertex 4.613126613514472 -42.46576754647445 -19.230769230769234
      vertex 10.07416203706039 -44.39666239146364 0
      vertex 9.985589359418057 -44.58393358407078 0
    endloop
  endfacet
  facet normal 0 0 1
    outer loop
      vertex 6.111272563215624 -49.146165735328 0
      vertex 7.261424191175157 -48.246529856882624 0
      vertex 5.607977568852737 -49.447829145786685 0
    endloop
  endfacet
  facet normal 0 0 1
    outer loop
      vertex 6.111272563215624 -49.146165735328 0
      vertex 6.9783261258001 -48.503114986990106 0
      vertex 7.261424191175157 -48.246529856882624 0
    endloop
  endfacet
  facet normal 0 0 1
    outer loop
      vertex 7.778174593052023 -47.77817459305202 0
      vertex 8.809367696104028 -46.565392149477525 0
      vertex 7.447592438494157 -48.077796792963795 0
    endloop
  endfacet
  facet normal 0.8659507844312323 0.40956421869142534 -0.28703029406426095
    outer loop
      vertex 4.613126613514472 -37.53423245352555 -19.230769230769234
      vertex 9.985589359418057 -35.41606641592922 0
      vertex 10.07416203706039 -35.60333760853636 0
    endloop
  endfacet
  facet normal 0.8659507844312305 0.4095642186914289 -0.2870302940642606
    outer loop
      vertex 4.613126613514472 -37.53423245352555 -19.230769230769234
      vertex 9.701133907831906 -34.814635894914026 0
      vertex 9.985589359418057 -35.41606641592922 0
    endloop
  endfacet
  facet normal 0.8659507844312321 -0.40956421869142506 -0.2870302940642612
    outer loop
      vertex 4.613126613514472 -42.46576754647445 -19.230769230769234
      vertex 10.162674857624154 -44.209517756015984 0
      vertex 10.07416203706039 -44.39666239146364 0
    endloop
  endfacet
  facet normal 0 0 1
    outer loop
      vertex 7.778174593052023 -47.77817459305202 0
      vertex 8.503114986990107 -46.9783261258001 0
      vertex 8.809367696104028 -46.565392149477525 0
    endloop
  endfacet
  facet normal 0 0 1
    outer loop
      vertex 9.146165735327997 -46.11127256321562 0
      vertex 9.985589359418057 -44.58393358407078 0
      vertex 8.954835805427019 -46.36925110966545 0
    endloop
  endfacet
  facet normal 0 0 1
    outer loop
      vertex 9.146165735327997 -46.11127256321562 0
      vertex 9.701133907831906 -45.185364105085974 0
      vertex 9.985589359418057 -44.58393358407078 0
    endloop
  endfacet
  facet normal 0 0 1
    outer loop
      vertex 10.162674857624154 -44.209517756015984 0
      vertex 10.732065745748033 -42.37184297818915 0
      vertex 10.07416203706039 -44.39666239146364 0
    endloop
  endfacet
  facet normal 0 0 1
    outer loop
      vertex 10.162674857624154 -44.209517756015984 0
      vertex 10.526343693054297 -43.19313144979908 0
      vertex 10.732065745748033 -42.37184297818915 0
    endloop
  endfacet
  facet normal 0.9019253082132128 -0.3227140354770534 -0.2870302940642608
    outer loop
      vertex 4.8326006315975 -42.00172872314047 -19.230769230769234
      vertex 10.526343693054297 -43.19313144979908 0
      vertex 10.162674857624154 -44.209517756015984 0
    endloop
  endfacet
  facet normal 0.9292137982345763 -0.23275593968759672 -0.2870302940642606
    outer loop
      vertex 5.005534063830016 -41.51841215794642 -19.23076923076923
      vertex 10.732065745748033 -42.37184297818915 0
      vertex 10.526343693054297 -43.19313144979908 0
    endloop
  endfacet
  facet normal 0.9292137982345764 -0.23275593968759606 -0.28703029406426117
    outer loop
      vertex 5.005534063830016 -41.51841215794642 -19.23076923076923
      vertex 10.764187558124805 -42.2436055148408 0
      vertex 10.732065745748033 -42.37184297818915 0
    endloop
  endfacet
  facet normal 0.9292137982345764 -0.2327559396875957 -0.2870302940642608
    outer loop
      vertex 5.005534063830016 -41.51841215794642 -19.23076923076923
      vertex 10.788638084435535 -42.14599354217741 0
      vertex 10.764187558124805 -42.2436055148408 0
    endloop
  endfacet
  facet normal 0.9475534514190085 -0.1405562769616091 -0.28703029406426084
    outer loop
      vertex 5.205581647208414 -40.512705041723855 -19.230769230769234
      vertex 10.947031993394166 -41.07818854362517 0
      vertex 10.788638084435535 -42.14599354217741 0
    endloop
  endfacet
  facet normal 0.9567676468808695 -0.047002980452602934 -0.2870302940642608
    outer loop
      vertex 10.947031993394166 -41.07818854362517 0
      vertex 5.230769230769231 -40 -19.23076923076923
      vertex 11 -40 0
    endloop
  endfacet
  facet normal 0.9567676468808695 0.04700298045260281 -0.28703029406426084
    outer loop
      vertex 5.205581647208414 -39.487294958276145 -19.230769230769234
      vertex 10.947031993394166 -38.92181145637483 0
      vertex 11 -40 0
    endloop
  endfacet
  facet normal 0.9292137982345763 0.23275593968759672 -0.2870302940642606
    outer loop
      vertex 5.005534063830016 -38.48158784205358 -19.23076923076923
      vertex 10.526343693054297 -36.80686855020092 0
      vertex 10.732065745748033 -37.62815702181085 0
    endloop
  endfacet
  facet normal 0.9292137982345764 0.23275593968759606 -0.28703029406426117
    outer loop
      vertex 5.005534063830016 -38.48158784205358 -19.23076923076923
      vertex 10.732065745748033 -37.62815702181085 0
      vertex 10.764187558124805 -37.7563944851592 0
    endloop
  endfacet
  facet normal 0.9292137982345764 0.2327559396875957 -0.2870302940642608
    outer loop
      vertex 5.005534063830016 -38.48158784205358 -19.23076923076923
      vertex 10.764187558124805 -37.7563944851592 0
      vertex 10.788638084435535 -37.85400645782259 0
    endloop
  endfacet
  facet normal 0.9019253082132128 0.3227140354770534 -0.2870302940642608
    outer loop
      vertex 4.8326006315975 -37.99827127685953 -19.230769230769234
      vertex 10.162674857624154 -35.790482243984016 0
      vertex 10.526343693054297 -36.80686855020092 0
    endloop
  endfacet
  facet normal 0.8659507844312321 0.40956421869142506 -0.2870302940642612
    outer loop
      vertex 4.613126613514472 -37.53423245352555 -19.230769230769234
      vertex 10.07416203706039 -35.60333760853636 0
      vertex 10.162674857624154 -35.790482243984016 0
    endloop
  endfacet
  facet normal 0.9475534514190085 0.1405562769616091 -0.28703029406426084
    outer loop
      vertex 5.13026146672459 -38.97952754637718 -19.23076923076923
      vertex 10.788638084435535 -37.85400645782259 0
      vertex 10.947031993394166 -38.92181145637483 0
    endloop
  endfacet
  facet normal 0 0 1
    outer loop
      vertex 10.788638084435535 -42.14599354217741 0
      vertex 11 -40 0
      vertex 10.764187558124805 -42.2436055148408 0
    endloop
  endfacet
  facet normal 0 0 1
    outer loop
      vertex 10.788638084435535 -42.14599354217741 0
      vertex 10.947031993394166 -41.07818854362517 0
      vertex 11 -40 0
    endloop
  endfacet
  facet normal 0.6433007649153453 0.7097730173433726 -0.2870302940642608
    outer loop
      vertex 3.318364871009838 -35.95656070548722 -19.230769230769234
      vertex 7.261424191175157 -31.753470143117372 0
      vertex 7.447592438494157 -31.922203207036205 0
    endloop
  endfacet
  facet normal 0.6433007649153414 0.7097730173433764 -0.2870302940642604
    outer loop
      vertex 3.318364871009838 -35.95656070548722 -19.230769230769234
      vertex 6.9783261258001 -31.496885013009894 0
      vertex 7.261424191175157 -31.753470143117372 0
    endloop
  endfacet
  facet normal 0.6433007649153453 0.7097730173433728 -0.28703029406426084
    outer loop
      vertex 3.318364871009838 -35.95656070548722 -19.230769230769234
      vertex 7.447592438494157 -31.922203207036205 0
      vertex 7.778174593052023 -32.22182540694798 0
    endloop
  endfacet
  facet normal 0.7097730173433726 0.6433007649153455 -0.28703029406426084
    outer loop
      vertex 3.698712393898864 -36.301287606101134 -19.23076923076923
      vertex 7.778174593052023 -32.22182540694798 0
      vertex 8.503114986990107 -33.0216738741999 0
    endloop
  endfacet
  facet normal 0.7694097676129885 0.5706331744572087 -0.2870302940642607
    outer loop
      vertex 4.043439294512778 -36.68163512899016 -19.23076923076923
      vertex 8.503114986990107 -33.0216738741999 0
      vertex 8.809367696104028 -33.434607850522475 0
    endloop
  endfacet
  facet normal 0.7694097676129875 0.57063317445721 -0.28703029406426067
    outer loop
      vertex 4.043439294512778 -36.68163512899016 -19.23076923076923
      vertex 8.809367696104028 -33.434607850522475 0
      vertex 8.954835805427019 -33.63074889033455 0
    endloop
  endfacet
  facet normal 0.769409767612988 0.5706331744572092 -0.28703029406426067
    outer loop
      vertex 4.043439294512778 -36.68163512899016 -19.23076923076923
      vertex 8.954835805427019 -33.63074889033455 0
      vertex 9.146165735327997 -33.88872743678438 0
    endloop
  endfacet
  facet normal 0.8216366812183225 0.49247007458923314 -0.2870302940642607
    outer loop
      vertex 4.349225664351775 -37.09394031958978 -19.230769230769234
      vertex 9.146165735327997 -33.88872743678438 0
      vertex 9.701133907831906 -34.814635894914026 0
    endloop
  endfacet
  facet normal -0.6710236419228393 -0.7403604985593204 -0.03991997186376334
    outer loop
      vertex -2.8284271247461903 -42.82842712474619 -50
      vertex -2.537573136654582 -43.09204181345095 -50
      vertex -3.318364871009838 -44.04343929451278 -19.230769230769234
    endloop
  endfacet
  facet normal 0 0 -1
    outer loop
      vertex -3.9807389066887877 -40.39206856131824 -50
      vertex -4 -40 -50
      vertex -3.9807389066887877 -39.60793143868176 -50
    endloop
  endfacet
  facet normal 0 0 -1
    outer loop
      vertex -3.9807389066887877 -40.39206856131824 -50
      vertex -3.9807389066887877 -39.60793143868176 -50
      vertex -3.9231411216129217 -39.21963871193549 -50
    endloop
  endfacet
  facet normal 0 0 -1
    outer loop
      vertex -3.9231411216129217 -40.78036128806451 -50
      vertex -3.9807389066887877 -40.39206856131824 -50
      vertex -3.9231411216129217 -39.21963871193549 -50
    endloop
  endfacet
  facet normal 0 0 -1
    outer loop
      vertex -3.8277613429288353 -41.16113870901785 -50
      vertex -3.9231411216129217 -40.78036128806451 -50
      vertex -3.8277613429288353 -38.83886129098215 -50
    endloop
  endfacet
  facet normal 0 0 -1
    outer loop
      vertex -3.9231411216129217 -40.78036128806451 -50
      vertex -3.9231411216129217 -39.21963871193549 -50
      vertex -3.8277613429288353 -38.83886129098215 -50
    endloop
  endfacet
  facet normal 0 0 -1
    outer loop
      vertex -3.8277613429288353 -41.16113870901785 -50
      vertex -3.8277613429288353 -38.83886129098215 -50
      vertex -3.695518130045147 -38.46926627053964 -50
    endloop
  endfacet
  facet normal 0 0 -1
    outer loop
      vertex -3.695518130045147 -41.53073372946036 -50
      vertex -3.8277613429288353 -41.16113870901785 -50
      vertex -3.695518130045147 -38.46926627053964 -50
    endloop
  endfacet
  facet normal 0 0 -1
    outer loop
      vertex -3.52768505739342 -41.88558694730399 -50
      vertex -3.695518130045147 -41.53073372946036 -50
      vertex -3.52768505739342 -38.11441305269601 -50
    endloop
  endfacet
  facet normal 0 0 -1
    outer loop
      vertex -3.52768505739342 -41.88558694730399 -50
      vertex -3.325878449210181 -37.777719067921595 -50
      vertex -3.325878449210181 -42.222280932078405 -50
    endloop
  endfacet
  facet normal 0 0 -1
    outer loop
      vertex -3.325878449210181 -42.222280932078405 -50
      vertex -3.092041813450948 -37.46242686334542 -50
      vertex -3.092041813450948 -42.53757313665458 -50
    endloop
  endfacet
  facet normal 0 0 -1
    outer loop
      vertex -2.8284271247461903 -42.82842712474619 -50
      vertex -3.092041813450948 -42.53757313665458 -50
      vertex -2.8284271247461903 -37.17157287525381 -50
    endloop
  endfacet
  facet normal 0 0 -1
    outer loop
      vertex -3.695518130045147 -41.53073372946036 -50
      vertex -3.695518130045147 -38.46926627053964 -50
      vertex -3.52768505739342 -38.11441305269601 -50
    endloop
  endfacet
  facet normal 0 0 -1
    outer loop
      vertex -3.52768505739342 -41.88558694730399 -50
      vertex -3.52768505739342 -38.11441305269601 -50
      vertex -3.325878449210181 -37.777719067921595 -50
    endloop
  endfacet
  facet normal 0 0 -1
    outer loop
      vertex -3.325878449210181 -42.222280932078405 -50
      vertex -3.325878449210181 -37.777719067921595 -50
      vertex -3.092041813450948 -37.46242686334542 -50
    endloop
  endfacet
  facet normal 0 0 -1
    outer loop
      vertex -3.092041813450948 -42.53757313665458 -50
      vertex -3.092041813450948 -37.46242686334542 -50
      vertex -2.8284271247461903 -37.17157287525381 -50
    endloop
  endfacet
  facet normal -0.9407935417879622 -0.33662131182748684 -0.039919971863763344
    outer loop
      vertex -3.695518130045147 -41.53073372946036 -50
      vertex -5.005534063830016 -41.51841215794642 -19.23076923076923
      vertex -3.8277613429288353 -41.16113870901785 -50
    endloop
  endfacet
  facet normal -0.9883880178059706 -0.1466135126923185 -0.03991997186376327
    outer loop
      vertex -3.9231411216129217 -40.78036128806451 -50
      vertex -5.13026146672459 -41.02047245362282 -19.23076923076923
      vertex -3.9807389066887877 -40.39206856131824 -50
    endloop
  endfacet
  facet normal -0.9692580220985366 -0.2427864955964999 -0.039919971863763344
    outer loop
      vertex -3.8277613429288353 -41.16113870901785 -50
      vertex -5.005534063830016 -41.51841215794642 -19.23076923076923
      vertex -3.9231411216129217 -40.78036128806451 -50
    endloop
  endfacet
  facet normal -0.9979992965940822 -0.04902856151381134 -0.03991997186376329
    outer loop
      vertex -3.9807389066887877 -40.39206856131824 -50
      vertex -5.205581647208414 -40.512705041723855 -19.230769230769234
      vertex -4 -40 -50
    endloop
  endfacet
  facet normal -0.9979992965940822 0.04902856151381134 -0.039919971863763296
    outer loop
      vertex -4 -40 -50
      vertex -5.230769230769231 -40 -19.23076923076923
      vertex -3.9807389066887877 -39.60793143868176 -50
    endloop
  endfacet
  facet normal -0.9883880178059705 0.1466135126923185 -0.03991997186376328
    outer loop
      vertex -3.9807389066887877 -39.60793143868176 -50
      vertex -5.205581647208414 -39.487294958276145 -19.230769230769234
      vertex -3.9231411216129217 -39.21963871193549 -50
    endloop
  endfacet
  facet normal -0.9692580220985366 0.2427864955964999 -0.039919971863763275
    outer loop
      vertex -3.9231411216129217 -39.21963871193549 -50
      vertex -5.13026146672459 -38.97952754637718 -19.23076923076923
      vertex -3.8277613429288353 -38.83886129098215 -50
    endloop
  endfacet
  facet normal -0.9407935417879622 0.33662131182748684 -0.039919971863763344
    outer loop
      vertex -3.8277613429288353 -38.83886129098215 -50
      vertex -5.005534063830016 -38.48158784205358 -19.23076923076923
      vertex -3.695518130045147 -38.46926627053964 -50
    endloop
  endfacet
  facet normal -0.9032687053799062 -0.4272142808096476 -0.03991997186376326
    outer loop
      vertex -3.52768505739342 -41.88558694730399 -50
      vertex -4.8326006315975 -42.00172872314047 -19.230769230769234
      vertex -3.695518130045147 -41.53073372946036 -50
    endloop
  endfacet
  facet normal -0.8570448975621352 -0.5136929427285386 -0.039919971863763316
    outer loop
      vertex -3.52768505739342 -41.88558694730399 -50
      vertex -3.325878449210181 -42.222280932078405 -50
      vertex -4.613126613514472 -42.46576754647445 -19.230769230769234
    endloop
  endfacet
  facet normal -0.8025672788724514 -0.5952244607958121 -0.039919971863763296
    outer loop
      vertex -3.325878449210181 -42.222280932078405 -50
      vertex -3.092041813450948 -42.53757313665458 -50
      vertex -4.349225664351775 -42.90605968041022 -19.230769230769234
    endloop
  endfacet
  facet normal -0.7403604985593228 -0.6710236419228368 -0.03991997186376342
    outer loop
      vertex -2.8284271247461903 -42.82842712474619 -50
      vertex -4.043439294512778 -43.31836487100984 -19.23076923076923
      vertex -3.092041813450948 -42.53757313665458 -50
    endloop
  endfacet
  facet normal -0.9032687053799062 0.4272142808096476 -0.03991997186376326
    outer loop
      vertex -3.695518130045147 -38.46926627053964 -50
      vertex -4.8326006315975 -37.99827127685953 -19.230769230769234
      vertex -3.52768505739342 -38.11441305269601 -50
    endloop
  endfacet
  facet normal -0.8570448975621352 0.5136929427285386 -0.039919971863763316
    outer loop
      vertex -3.52768505739342 -38.11441305269601 -50
      vertex -4.613126613514472 -37.53423245352555 -19.230769230769234
      vertex -3.325878449210181 -37.777719067921595 -50
    endloop
  endfacet
  facet normal -0.8025672788724514 0.5952244607958121 -0.039919971863763296
    outer loop
      vertex -3.325878449210181 -37.777719067921595 -50
      vertex -4.349225664351775 -37.09394031958978 -19.230769230769234
      vertex -3.092041813450948 -37.46242686334542 -50
    endloop
  endfacet
  facet normal -0.7403604985593228 0.6710236419228368 -0.03991997186376342
    outer loop
      vertex -3.092041813450948 -37.46242686334542 -50
      vertex -4.043439294512778 -36.68163512899016 -19.23076923076923
      vertex -2.8284271247461903 -37.17157287525381 -50
    endloop
  endfacet
  facet normal -0.6710236419228393 0.7403604985593204 -0.03991997186376334
    outer loop
      vertex -2.8284271247461903 -37.17157287525381 -50
      vertex -3.318364871009838 -35.95656070548722 -19.23076923076923
      vertex -2.537573136654582 -36.90795818654905 -50
    endloop
  endfacet
  facet normal -0.5952244607958117 -0.8025672788724515 -0.03991997186376339
    outer loop
      vertex -2.537573136654582 -43.09204181345095 -50
      vertex -2.2222809320784087 -43.32587844921018 -50
      vertex -2.9060596804102268 -44.34922566435178 -19.23076923076923
    endloop
  endfacet
  facet normal -0.513692942728535 -0.8570448975621372 -0.039919971863763344
    outer loop
      vertex -2.2222809320784087 -43.32587844921018 -50
      vertex -1.8855869473039906 -43.52768505739342 -50
      vertex -2.4657675464744493 -44.613126613514474 -19.230769230769234
    endloop
  endfacet
  facet normal -0.4272142808096447 -0.9032687053799077 -0.0399199718637634
    outer loop
      vertex -1.8855869473039906 -43.52768505739342 -50
      vertex -1.5307337294603591 -43.695518130045144 -50
      vertex -2.0017287231404697 -44.8326006315975 -19.230769230769234
    endloop
  endfacet
  facet normal -0.3366213118274993 -0.9407935417879578 -0.03991997186376309
    outer loop
      vertex -1.5307337294603591 -43.695518130045144 -50
      vertex -1.1611387090178493 -43.82776134292884 -50
      vertex -1.5184121579464185 -45.00553406383001 -19.23076923076923
    endloop
  endfacet
  facet normal -0.24278649559649346 -0.9692580220985382 -0.039919971863763316
    outer loop
      vertex -1.1611387090178493 -43.82776134292884 -50
      vertex -0.780361288064513 -43.92314112161292 -50
      vertex -1.0204724536228245 -45.13026146672459 -19.230769230769234
    endloop
  endfacet
  facet normal -0.14661351269231238 -0.9883880178059715 -0.03991997186376328
    outer loop
      vertex -0.780361288064513 -43.92314112161292 -50
      vertex -0.3920685613182424 -43.980738906688785 -50
      vertex -0.5127050417238554 -45.20558164720841 -19.23076923076923
    endloop
  endfacet
  facet normal -0.049028561513817806 -0.9979992965940819 -0.039919971863763365
    outer loop
      vertex -0.3920685613182424 -43.980738906688785 -50
      vertex 0 -44 -50
      vertex 0 -45.23076923076923 -19.23076923076923
    endloop
  endfacet
  facet normal 0 0 -1
    outer loop
      vertex -2.8284271247461903 -42.82842712474619 -50
      vertex -2.537573136654582 -36.90795818654905 -50
      vertex -2.537573136654582 -43.09204181345095 -50
    endloop
  endfacet
  facet normal 0 0 -1
    outer loop
      vertex -2.537573136654582 -43.09204181345095 -50
      vertex -2.2222809320784087 -36.67412155078982 -50
      vertex -2.2222809320784087 -43.32587844921018 -50
    endloop
  endfacet
  facet normal 0 0 -1
    outer loop
      vertex -2.2222809320784087 -43.32587844921018 -50
      vertex -1.8855869473039906 -36.47231494260658 -50
      vertex -1.8855869473039906 -43.52768505739342 -50
    endloop
  endfacet
  facet normal 0 0 -1
    outer loop
      vertex -1.8855869473039906 -43.52768505739342 -50
      vertex -1.5307337294603591 -36.304481869954856 -50
      vertex -1.5307337294603591 -43.695518130045144 -50
    endloop
  endfacet
  facet normal 0 0 -1
    outer loop
      vertex -2.8284271247461903 -42.82842712474619 -50
      vertex -2.8284271247461903 -37.17157287525381 -50
      vertex -2.537573136654582 -36.90795818654905 -50
    endloop
  endfacet
  facet normal 0 0 -1
    outer loop
      vertex -2.537573136654582 -43.09204181345095 -50
      vertex -2.537573136654582 -36.90795818654905 -50
      vertex -2.2222809320784087 -36.67412155078982 -50
    endloop
  endfacet
  facet normal 0 0 -1
    outer loop
      vertex -2.2222809320784087 -43.32587844921018 -50
      vertex -2.2222809320784087 -36.67412155078982 -50
      vertex -1.8855869473039906 -36.47231494260658 -50
    endloop
  endfacet
  facet normal 0 0 -1
    outer loop
      vertex -1.8855869473039906 -43.52768505739342 -50
      vertex -1.8855869473039906 -36.47231494260658 -50
      vertex -1.5307337294603591 -36.304481869954856 -50
    endloop
  endfacet
  facet normal 0 0 -1
    outer loop
      vertex -1.5307337294603591 -43.695518130045144 -50
      vertex -1.5307337294603591 -36.304481869954856 -50
      vertex -1.1611387090178493 -36.17223865707116 -50
    endloop
  endfacet
  facet normal 0 0 -1
    outer loop
      vertex -1.5307337294603591 -43.695518130045144 -50
      vertex -1.1611387090178493 -36.17223865707116 -50
      vertex -1.1611387090178493 -43.82776134292884 -50
    endloop
  endfacet
  facet normal 0 0 -1
    outer loop
      vertex -1.1611387090178493 -43.82776134292884 -50
      vertex -0.780361288064513 -36.07685887838708 -50
      vertex -0.780361288064513 -43.92314112161292 -50
    endloop
  endfacet
  facet normal 0 0 -1
    outer loop
      vertex -0.3920685613182424 -43.980738906688785 -50
      vertex 0 -36 -50
      vertex 0 -44 -50
    endloop
  endfacet
  facet normal 0 0 -1
    outer loop
      vertex -0.780361288064513 -43.92314112161292 -50
      vertex -0.3920685613182424 -36.019261093311215 -50
      vertex -0.3920685613182424 -43.980738906688785 -50
    endloop
  endfacet
  facet normal 0 0 -1
    outer loop
      vertex -1.1611387090178493 -43.82776134292884 -50
      vertex -1.1611387090178493 -36.17223865707116 -50
      vertex -0.780361288064513 -36.07685887838708 -50
    endloop
  endfacet
  facet normal 0 0 -1
    outer loop
      vertex -0.780361288064513 -43.92314112161292 -50
      vertex -0.780361288064513 -36.07685887838708 -50
      vertex -0.3920685613182424 -36.019261093311215 -50
    endloop
  endfacet
  facet normal 0 0 -1
    outer loop
      vertex -0.3920685613182424 -43.980738906688785 -50
      vertex -0.3920685613182424 -36.019261093311215 -50
      vertex 0 -36 -50
    endloop
  endfacet
  facet normal -0.5952244607958117 0.8025672788724515 -0.03991997186376333
    outer loop
      vertex -2.537573136654582 -36.90795818654905 -50
      vertex -3.318364871009838 -35.95656070548722 -19.23076923076923
      vertex -2.2222809320784087 -36.67412155078982 -50
    endloop
  endfacet
  facet normal -0.513692942728535 0.8570448975621372 -0.0399199718637634
    outer loop
      vertex -2.2222809320784087 -36.67412155078982 -50
      vertex -2.9060596804102268 -35.65077433564822 -19.23076923076923
      vertex -1.8855869473039906 -36.47231494260658 -50
    endloop
  endfacet
  facet normal -0.4272142808096447 0.9032687053799077 -0.03991997186376334
    outer loop
      vertex -1.8855869473039906 -36.47231494260658 -50
      vertex -2.4657675464744493 -35.386873386485526 -19.230769230769234
      vertex -1.5307337294603591 -36.304481869954856 -50
    endloop
  endfacet
  facet normal -0.3366213118274992 0.9407935417879578 -0.03991997186376342
    outer loop
      vertex -1.5307337294603591 -36.304481869954856 -50
      vertex -2.0017287231404697 -35.1673993684025 -19.230769230769234
      vertex -1.1611387090178493 -36.17223865707116 -50
    endloop
  endfacet
  facet normal -0.2427864955964935 0.9692580220985382 -0.039919971863763094
    outer loop
      vertex -1.1611387090178493 -36.17223865707116 -50
      vertex -1.5184121579464185 -34.99446593616999 -19.23076923076923
      vertex -0.780361288064513 -36.07685887838708 -50
    endloop
  endfacet
  facet normal -0.14661351269231238 0.9883880178059715 -0.03991997186376329
    outer loop
      vertex -0.780361288064513 -36.07685887838708 -50
      vertex -1.0204724536228247 -34.86973853327541 -19.230769230769234
      vertex -0.3920685613182424 -36.019261093311215 -50
    endloop
  endfacet
  facet normal -0.049028561513817806 0.9979992965940819 -0.03991997186376329
    outer loop
      vertex -0.3920685613182424 -36.019261093311215 -50
      vertex -0.5127050417238554 -34.79441835279159 -19.23076923076923
      vertex 0 -36 -50
    endloop
  endfacet
  facet normal -0.7403604985593173 -0.6710236419228428 -0.0399199718637633
    outer loop
      vertex -2.8284271247461903 -42.82842712474619 -50
      vertex -3.698712393898864 -43.698712393898866 -19.23076923076923
      vertex -4.043439294512778 -43.31836487100984 -19.23076923076923
    endloop
  endfacet
  facet normal -0.6710236419228418 -0.7403604985593183 -0.0399199718637633
    outer loop
      vertex -2.8284271247461903 -42.82842712474619 -50
      vertex -3.318364871009838 -44.04343929451278 -19.230769230769234
      vertex -3.698712393898864 -43.698712393898866 -19.23076923076923
    endloop
  endfacet
  facet normal -0.5952244607958143 -0.8025672788724497 -0.039919971863763344
    outer loop
      vertex -2.537573136654582 -43.09204181345095 -50
      vertex -2.9060596804102268 -44.34922566435178 -19.23076923076923
      vertex -3.318364871009838 -44.04343929451278 -19.230769230769234
    endloop
  endfacet
  facet normal -0.9407935417879604 -0.3366213118274919 -0.03991997186376327
    outer loop
      vertex -3.695518130045147 -41.53073372946036 -50
      vertex -4.8326006315975 -42.00172872314047 -19.230769230769234
      vertex -5.005534063830016 -41.51841215794642 -19.23076923076923
    endloop
  endfacet
  facet normal -0.9032687053799078 -0.4272142808096447 -0.039919971863763316
    outer loop
      vertex -3.52768505739342 -41.88558694730399 -50
      vertex -4.613126613514472 -42.46576754647445 -19.230769230769234
      vertex -4.8326006315975 -42.00172872314047 -19.230769230769234
    endloop
  endfacet
  facet normal -0.9692580220985375 -0.24278649559649604 -0.03991997186376327
    outer loop
      vertex -3.9231411216129217 -40.78036128806451 -50
      vertex -5.005534063830016 -41.51841215794642 -19.23076923076923
      vertex -5.13026146672459 -41.02047245362282 -19.23076923076923
    endloop
  endfacet
  facet normal -0.9883880178059705 -0.14661351269231973 -0.039919971863763296
    outer loop
      vertex -3.9807389066887877 -40.39206856131824 -50
      vertex -5.13026146672459 -41.02047245362282 -19.23076923076923
      vertex -5.205581647208414 -40.512705041723855 -19.230769230769234
    endloop
  endfacet
  facet normal -0.9979992965940822 -0.04902856151381146 -0.03991997186376328
    outer loop
      vertex -5.205581647208414 -40.512705041723855 -19.230769230769234
      vertex -5.230769230769231 -40 -19.23076923076923
      vertex -4 -40 -50
    endloop
  endfacet
  facet normal -0.9979992965940822 0.04902856151381126 -0.03991997186376329
    outer loop
      vertex -3.9807389066887877 -39.60793143868176 -50
      vertex -5.230769230769231 -40 -19.23076923076923
      vertex -5.205581647208414 -39.487294958276145 -19.230769230769234
    endloop
  endfacet
  facet normal -0.9883880178059705 0.14661351269231973 -0.039919971863763275
    outer loop
      vertex -3.9231411216129217 -39.21963871193549 -50
      vertex -5.205581647208414 -39.487294958276145 -19.230769230769234
      vertex -5.13026146672459 -38.97952754637718 -19.23076923076923
    endloop
  endfacet
  facet normal -0.9692580220985375 0.2427864955964956 -0.03991997186376332
    outer loop
      vertex -3.8277613429288353 -38.83886129098215 -50
      vertex -5.13026146672459 -38.97952754637718 -19.23076923076923
      vertex -5.005534063830016 -38.48158784205358 -19.23076923076923
    endloop
  endfacet
  facet normal -0.9407935417879604 0.3366213118274919 -0.03991997186376327
    outer loop
      vertex -3.695518130045147 -38.46926627053964 -50
      vertex -5.005534063830016 -38.48158784205358 -19.23076923076923
      vertex -4.8326006315975 -37.99827127685953 -19.230769230769234
    endloop
  endfacet
  facet normal -0.9032687053799078 0.4272142808096447 -0.039919971863763316
    outer loop
      vertex -3.52768505739342 -38.11441305269601 -50
      vertex -4.8326006315975 -37.99827127685953 -19.230769230769234
      vertex -4.613126613514472 -37.53423245352555 -19.230769230769234
    endloop
  endfacet
  facet normal -0.8570448975621346 -0.5136929427285395 -0.03991997186376331
    outer loop
      vertex -3.325878449210181 -42.222280932078405 -50
      vertex -4.349225664351775 -42.90605968041022 -19.230769230769234
      vertex -4.613126613514472 -42.46576754647445 -19.230769230769234
    endloop
  endfacet
  facet normal -0.8025672788724548 -0.5952244607958074 -0.039919971863763386
    outer loop
      vertex -3.092041813450948 -42.53757313665458 -50
      vertex -4.043439294512778 -43.31836487100984 -19.23076923076923
      vertex -4.349225664351775 -42.90605968041022 -19.230769230769234
    endloop
  endfacet
  facet normal -0.8570448975621346 0.5136929427285395 -0.03991997186376331
    outer loop
      vertex -3.325878449210181 -37.777719067921595 -50
      vertex -4.613126613514472 -37.53423245352555 -19.230769230769234
      vertex -4.349225664351775 -37.09394031958978 -19.230769230769234
    endloop
  endfacet
  facet normal -0.8025672788724548 0.5952244607958074 -0.039919971863763386
    outer loop
      vertex -3.092041813450948 -37.46242686334542 -50
      vertex -4.349225664351775 -37.09394031958978 -19.230769230769234
      vertex -4.043439294512778 -36.68163512899016 -19.23076923076923
    endloop
  endfacet
  facet normal -0.7403604985593173 0.6710236419228428 -0.0399199718637633
    outer loop
      vertex -2.8284271247461903 -37.17157287525381 -50
      vertex -4.043439294512778 -36.68163512899016 -19.23076923076923
      vertex -3.698712393898864 -36.301287606101134 -19.23076923076923
    endloop
  endfacet
  facet normal -0.6710236419228416 0.7403604985593185 -0.0399199718637633
    outer loop
      vertex -2.8284271247461903 -37.17157287525381 -50
      vertex -3.698712393898864 -36.301287606101134 -19.23076923076923
      vertex -3.318364871009838 -35.95656070548722 -19.23076923076923
    endloop
  endfacet
  facet normal -0.5952244607958145 0.8025672788724496 -0.039919971863763386
    outer loop
      vertex -2.2222809320784087 -36.67412155078982 -50
      vertex -3.318364871009838 -35.95656070548722 -19.23076923076923
      vertex -2.9060596804102268 -35.65077433564822 -19.23076923076923
    endloop
  endfacet
  facet normal -0.5136929427285322 -0.857044897562139 -0.039919971863763386
    outer loop
      vertex -2.2222809320784087 -43.32587844921018 -50
      vertex -2.4657675464744493 -44.613126613514474 -19.230769230769234
      vertex -2.9060596804102268 -44.34922566435178 -19.23076923076923
    endloop
  endfacet
  facet normal -0.4272142808096482 -0.903268705379906 -0.03991997186376335
    outer loop
      vertex -1.8855869473039906 -43.52768505739342 -50
      vertex -2.0017287231404697 -44.8326006315975 -19.230769230769234
      vertex -2.4657675464744493 -44.613126613514474 -19.230769230769234
    endloop
  endfacet
  facet normal -0.33662131182748034 -0.9407935417879646 -0.039919971863763386
    outer loop
      vertex -1.5307337294603591 -43.695518130045144 -50
      vertex -1.5184121579464185 -45.00553406383001 -19.23076923076923
      vertex -2.0017287231404697 -44.8326006315975 -19.230769230769234
    endloop
  endfacet
  facet normal -0.2427864955965069 -0.9692580220985348 -0.03991997186376312
    outer loop
      vertex -1.1611387090178493 -43.82776134292884 -50
      vertex -1.0204724536228245 -45.13026146672459 -19.230769230769234
      vertex -1.5184121579464185 -45.00553406383001 -19.23076923076923
    endloop
  endfacet
  facet normal -0.14661351269231188 -0.9883880178059716 -0.039919971863763296
    outer loop
      vertex -0.780361288064513 -43.92314112161292 -50
      vertex -0.5127050417238554 -45.20558164720841 -19.23076923076923
      vertex -1.0204724536228245 -45.13026146672459 -19.230769230769234
    endloop
  endfacet
  facet normal -0.049028561513821976 -0.9979992965940816 -0.039919971863763296
    outer loop
      vertex -0.3920685613182424 -43.980738906688785 -50
      vertex 0 -45.23076923076923 -19.23076923076923
      vertex -0.5127050417238554 -45.20558164720841 -19.23076923076923
    endloop
  endfacet
  facet normal -0.513692942728532 0.8570448975621391 -0.03991997186376335
    outer loop
      vertex -1.8855869473039906 -36.47231494260658 -50
      vertex -2.9060596804102268 -35.65077433564822 -19.23076923076923
      vertex -2.4657675464744493 -35.386873386485526 -19.230769230769234
    endloop
  endfacet
  facet normal -0.42721428080964824 0.9032687053799059 -0.0399199718637634
    outer loop
      vertex -1.5307337294603591 -36.304481869954856 -50
      vertex -2.4657675464744493 -35.386873386485526 -19.230769230769234
      vertex -2.0017287231404697 -35.1673993684025 -19.230769230769234
    endloop
  endfacet
  facet normal -0.3366213118274801 0.9407935417879646 -0.03991997186376313
    outer loop
      vertex -1.1611387090178493 -36.17223865707116 -50
      vertex -2.0017287231404697 -35.1673993684025 -19.230769230769234
      vertex -1.5184121579464185 -34.99446593616999 -19.23076923076923
    endloop
  endfacet
  facet normal -0.24278649559650697 0.9692580220985347 -0.03991997186376329
    outer loop
      vertex -0.780361288064513 -36.07685887838708 -50
      vertex -1.5184121579464185 -34.99446593616999 -19.23076923076923
      vertex -1.0204724536228247 -34.86973853327541 -19.230769230769234
    endloop
  endfacet
  facet normal -0.1466135126923118 0.9883880178059716 -0.03991997186376329
    outer loop
      vertex -0.3920685613182424 -36.019261093311215 -50
      vertex -1.0204724536228247 -34.86973853327541 -19.230769230769234
      vertex -0.5127050417238554 -34.79441835279159 -19.23076923076923
    endloop
  endfacet
  facet normal -0.049028561513822046 0.9979992965940816 -0.03991997186376336
    outer loop
      vertex -0.5127050417238554 -34.79441835279159 -19.23076923076923
      vertex 0 -34.76923076923077 -19.23076923076923
      vertex 0 -36 -50
    endloop
  endfacet
  facet normal 0.049028561513817806 -0.9979992965940819 -0.03991997186376329
    outer loop
      vertex 0 -44 -50
      vertex 0.3920685613182424 -43.980738906688785 -50
      vertex 0.5127050417238554 -45.20558164720841 -19.23076923076923
    endloop
  endfacet
  facet normal 0.14661351269231238 -0.9883880178059715 -0.03991997186376329
    outer loop
      vertex 0.3920685613182424 -43.980738906688785 -50
      vertex 0.780361288064513 -43.92314112161292 -50
      vertex 1.0204724536228247 -45.13026146672459 -19.230769230769234
    endloop
  endfacet
  facet normal 0.2427864955964935 -0.9692580220985382 -0.0399199718637631
    outer loop
      vertex 0.780361288064513 -43.92314112161292 -50
      vertex 1.1611387090178493 -43.82776134292884 -50
      vertex 1.5184121579464185 -45.00553406383001 -19.23076923076923
    endloop
  endfacet
  facet normal 0.3366213118274992 -0.9407935417879578 -0.03991997186376342
    outer loop
      vertex 1.1611387090178493 -43.82776134292884 -50
      vertex 1.5307337294603591 -43.695518130045144 -50
      vertex 2.0017287231404697 -44.8326006315975 -19.230769230769234
    endloop
  endfacet
  facet normal 0.4272142808096447 -0.9032687053799077 -0.03991997186376334
    outer loop
      vertex 1.5307337294603591 -43.695518130045144 -50
      vertex 1.8855869473039906 -43.52768505739342 -50
      vertex 2.4657675464744493 -44.613126613514474 -19.230769230769234
    endloop
  endfacet
  facet normal 0.513692942728535 -0.8570448975621372 -0.0399199718637634
    outer loop
      vertex 1.8855869473039906 -43.52768505739342 -50
      vertex 2.2222809320784087 -43.32587844921018 -50
      vertex 2.9060596804102268 -44.34922566435178 -19.23076923076923
    endloop
  endfacet
  facet normal 0.5952244607958117 -0.8025672788724515 -0.03991997186376333
    outer loop
      vertex 2.2222809320784087 -43.32587844921018 -50
      vertex 2.537573136654582 -43.09204181345095 -50
      vertex 3.318364871009838 -44.04343929451278 -19.23076923076923
    endloop
  endfacet
  facet normal 0 0 -1
    outer loop
      vertex 0 -44 -50
      vertex 0.3920685613182424 -36.019261093311215 -50
      vertex 0.3920685613182424 -43.980738906688785 -50
    endloop
  endfacet
  facet normal 0 0 -1
    outer loop
      vertex 0.3920685613182424 -43.980738906688785 -50
      vertex 0.780361288064513 -36.07685887838708 -50
      vertex 0.780361288064513 -43.92314112161292 -50
    endloop
  endfacet
  facet normal 0 0 -1
    outer loop
      vertex 0.780361288064513 -43.92314112161292 -50
      vertex 1.1611387090178493 -36.17223865707116 -50
      vertex 1.1611387090178493 -43.82776134292884 -50
    endloop
  endfacet
  facet normal 0 0 -1
    outer loop
      vertex 0 -44 -50
      vertex 0 -36 -50
      vertex 0.3920685613182424 -36.019261093311215 -50
    endloop
  endfacet
  facet normal 0 0 -1
    outer loop
      vertex 0.3920685613182424 -43.980738906688785 -50
      vertex 0.3920685613182424 -36.019261093311215 -50
      vertex 0.780361288064513 -36.07685887838708 -50
    endloop
  endfacet
  facet normal 0 0 -1
    outer loop
      vertex 0.780361288064513 -43.92314112161292 -50
      vertex 0.780361288064513 -36.07685887838708 -50
      vertex 1.1611387090178493 -36.17223865707116 -50
    endloop
  endfacet
  facet normal 0 0 -1
    outer loop
      vertex 1.1611387090178493 -43.82776134292884 -50
      vertex 1.1611387090178493 -36.17223865707116 -50
      vertex 1.5307337294603591 -36.304481869954856 -50
    endloop
  endfacet
  facet normal 0 0 -1
    outer loop
      vertex 1.1611387090178493 -43.82776134292884 -50
      vertex 1.5307337294603591 -36.304481869954856 -50
      vertex 1.5307337294603591 -43.695518130045144 -50
    endloop
  endfacet
  facet normal 0 0 -1
    outer loop
      vertex 1.5307337294603591 -43.695518130045144 -50
      vertex 1.8855869473039906 -36.47231494260658 -50
      vertex 1.8855869473039906 -43.52768505739342 -50
    endloop
  endfacet
  facet normal 0 0 -1
    outer loop
      vertex 1.8855869473039906 -43.52768505739342 -50
      vertex 2.2222809320784087 -36.67412155078982 -50
      vertex 2.2222809320784087 -43.32587844921018 -50
    endloop
  endfacet
  facet normal 0 0 -1
    outer loop
      vertex 2.2222809320784087 -43.32587844921018 -50
      vertex 2.537573136654582 -36.90795818654905 -50
      vertex 2.537573136654582 -43.09204181345095 -50
    endloop
  endfacet
  facet normal 0 0 -1
    outer loop
      vertex 2.537573136654582 -43.09204181345095 -50
      vertex 2.8284271247461903 -37.17157287525381 -50
      vertex 2.8284271247461903 -42.82842712474619 -50
    endloop
  endfacet
  facet normal 0 0 -1
    outer loop
      vertex 1.5307337294603591 -43.695518130045144 -50
      vertex 1.5307337294603591 -36.304481869954856 -50
      vertex 1.8855869473039906 -36.47231494260658 -50
    endloop
  endfacet
  facet normal 0 0 -1
    outer loop
      vertex 1.8855869473039906 -43.52768505739342 -50
      vertex 1.8855869473039906 -36.47231494260658 -50
      vertex 2.2222809320784087 -36.67412155078982 -50
    endloop
  endfacet
  facet normal 0 0 -1
    outer loop
      vertex 2.2222809320784087 -43.32587844921018 -50
      vertex 2.2222809320784087 -36.67412155078982 -50
      vertex 2.537573136654582 -36.90795818654905 -50
    endloop
  endfacet
  facet normal 0 0 -1
    outer loop
      vertex 2.537573136654582 -43.09204181345095 -50
      vertex 2.537573136654582 -36.90795818654905 -50
      vertex 2.8284271247461903 -37.17157287525381 -50
    endloop
  endfacet
  facet normal 0.049028561513817806 0.9979992965940819 -0.039919971863763365
    outer loop
      vertex 0 -36 -50
      vertex 0 -34.76923076923077 -19.23076923076923
      vertex 0.3920685613182424 -36.019261093311215 -50
    endloop
  endfacet
  facet normal 0.14661351269231238 0.9883880178059715 -0.03991997186376328
    outer loop
      vertex 0.3920685613182424 -36.019261093311215 -50
      vertex 0.5127050417238554 -34.79441835279159 -19.23076923076923
      vertex 0.780361288064513 -36.07685887838708 -50
    endloop
  endfacet
  facet normal 0.24278649559649346 0.9692580220985382 -0.039919971863763316
    outer loop
      vertex 0.780361288064513 -36.07685887838708 -50
      vertex 1.0204724536228245 -34.86973853327541 -19.230769230769234
      vertex 1.1611387090178493 -36.17223865707116 -50
    endloop
  endfacet
  facet normal 0.3366213118274993 0.9407935417879578 -0.039919971863763094
    outer loop
      vertex 1.1611387090178493 -36.17223865707116 -50
      vertex 1.5184121579464185 -34.99446593616999 -19.23076923076923
      vertex 1.5307337294603591 -36.304481869954856 -50
    endloop
  endfacet
  facet normal 0.4272142808096447 0.9032687053799077 -0.0399199718637634
    outer loop
      vertex 1.5307337294603591 -36.304481869954856 -50
      vertex 2.0017287231404697 -35.1673993684025 -19.230769230769234
      vertex 1.8855869473039906 -36.47231494260658 -50
    endloop
  endfacet
  facet normal 0.513692942728535 0.8570448975621372 -0.039919971863763344
    outer loop
      vertex 1.8855869473039906 -36.47231494260658 -50
      vertex 2.4657675464744493 -35.386873386485526 -19.230769230769234
      vertex 2.2222809320784087 -36.67412155078982 -50
    endloop
  endfacet
  facet normal 0.5952244607958117 0.8025672788724515 -0.03991997186376339
    outer loop
      vertex 2.2222809320784087 -36.67412155078982 -50
      vertex 2.9060596804102268 -35.65077433564822 -19.23076923076923
      vertex 2.537573136654582 -36.90795818654905 -50
    endloop
  endfacet
  facet normal 0.6710236419228393 -0.7403604985593204 -0.03991997186376334
    outer loop
      vertex 2.537573136654582 -43.09204181345095 -50
      vertex 2.8284271247461903 -42.82842712474619 -50
      vertex 3.318364871009838 -44.04343929451278 -19.23076923076923
    endloop
  endfacet
  facet normal 0 0 -1
    outer loop
      vertex 2.8284271247461903 -42.82842712474619 -50
      vertex 3.092041813450948 -37.46242686334542 -50
      vertex 3.092041813450948 -42.53757313665458 -50
    endloop
  endfacet
  facet normal 0 0 -1
    outer loop
      vertex 3.092041813450948 -42.53757313665458 -50
      vertex 3.325878449210181 -37.777719067921595 -50
      vertex 3.325878449210181 -42.222280932078405 -50
    endloop
  endfacet
  facet normal 0 0 -1
    outer loop
      vertex 3.325878449210181 -42.222280932078405 -50
      vertex 3.52768505739342 -38.11441305269601 -50
      vertex 3.52768505739342 -41.88558694730399 -50
    endloop
  endfacet
  facet normal 0 0 -1
    outer loop
      vertex 3.52768505739342 -41.88558694730399 -50
      vertex 3.695518130045147 -38.46926627053964 -50
      vertex 3.695518130045147 -41.53073372946036 -50
    endloop
  endfacet
  facet normal 0 0 -1
    outer loop
      vertex 3.52768505739342 -41.88558694730399 -50
      vertex 3.52768505739342 -38.11441305269601 -50
      vertex 3.695518130045147 -38.46926627053964 -50
    endloop
  endfacet
  facet normal 0 0 -1
    outer loop
      vertex 3.695518130045147 -41.53073372946036 -50
      vertex 3.695518130045147 -38.46926627053964 -50
      vertex 3.8277613429288353 -38.83886129098215 -50
    endloop
  endfacet
  facet normal 0 0 -1
    outer loop
      vertex 3.695518130045147 -41.53073372946036 -50
      vertex 3.8277613429288353 -38.83886129098215 -50
      vertex 3.8277613429288353 -41.16113870901785 -50
    endloop
  endfacet
  facet normal 0 0 -1
    outer loop
      vertex 3.8277613429288353 -41.16113870901785 -50
      vertex 3.9231411216129217 -39.21963871193549 -50
      vertex 3.9231411216129217 -40.78036128806451 -50
    endloop
  endfacet
  facet normal 0 0 -1
    outer loop
      vertex 3.8277613429288353 -41.16113870901785 -50
      vertex 3.8277613429288353 -38.83886129098215 -50
      vertex 3.9231411216129217 -39.21963871193549 -50
    endloop
  endfacet
  facet normal 0 0 -1
    outer loop
      vertex 3.9231411216129217 -40.78036128806451 -50
      vertex 3.9231411216129217 -39.21963871193549 -50
      vertex 3.9807389066887877 -39.60793143868176 -50
    endloop
  endfacet
  facet normal 0 0 -1
    outer loop
      vertex 3.9231411216129217 -40.78036128806451 -50
      vertex 3.9807389066887877 -39.60793143868176 -50
      vertex 3.9807389066887877 -40.39206856131824 -50
    endloop
  endfacet
  facet normal 0 0 -1
    outer loop
      vertex 3.9807389066887877 -40.39206856131824 -50
      vertex 3.9807389066887877 -39.60793143868176 -50
      vertex 4 -40 -50
    endloop
  endfacet
  facet normal 0 0 -1
    outer loop
      vertex 2.8284271247461903 -42.82842712474619 -50
      vertex 2.8284271247461903 -37.17157287525381 -50
      vertex 3.092041813450948 -37.46242686334542 -50
    endloop
  endfacet
  facet normal 0 0 -1
    outer loop
      vertex 3.092041813450948 -42.53757313665458 -50
      vertex 3.092041813450948 -37.46242686334542 -50
      vertex 3.325878449210181 -37.777719067921595 -50
    endloop
  endfacet
  facet normal 0 0 -1
    outer loop
      vertex 3.325878449210181 -42.222280932078405 -50
      vertex 3.325878449210181 -37.777719067921595 -50
      vertex 3.52768505739342 -38.11441305269601 -50
    endloop
  endfacet
  facet normal 0.7403604985593228 -0.6710236419228368 -0.03991997186376342
    outer loop
      vertex 2.8284271247461903 -42.82842712474619 -50
      vertex 3.092041813450948 -42.53757313665458 -50
      vertex 4.043439294512778 -43.31836487100984 -19.23076923076923
    endloop
  endfacet
  facet normal 0.8025672788724514 -0.5952244607958121 -0.039919971863763296
    outer loop
      vertex 3.092041813450948 -42.53757313665458 -50
      vertex 3.325878449210181 -42.222280932078405 -50
      vertex 4.349225664351775 -42.90605968041022 -19.230769230769234
    endloop
  endfacet
  facet normal 0.8570448975621352 -0.5136929427285386 -0.039919971863763316
    outer loop
      vertex 3.325878449210181 -42.222280932078405 -50
      vertex 3.52768505739342 -41.88558694730399 -50
      vertex 4.613126613514472 -42.46576754647445 -19.230769230769234
    endloop
  endfacet
  facet normal 0.9032687053799062 -0.4272142808096476 -0.03991997186376326
    outer loop
      vertex 3.52768505739342 -41.88558694730399 -50
      vertex 3.695518130045147 -41.53073372946036 -50
      vertex 4.8326006315975 -42.00172872314047 -19.230769230769234
    endloop
  endfacet
  facet normal 0.6710236419228393 0.7403604985593204 -0.03991997186376334
    outer loop
      vertex 2.537573136654582 -36.90795818654905 -50
      vertex 3.318364871009838 -35.95656070548722 -19.230769230769234
      vertex 2.8284271247461903 -37.17157287525381 -50
    endloop
  endfacet
  facet normal 0.7403604985593228 0.6710236419228368 -0.03991997186376342
    outer loop
      vertex 3.092041813450948 -37.46242686334542 -50
      vertex 2.8284271247461903 -37.17157287525381 -50
      vertex 4.043439294512778 -36.68163512899016 -19.23076923076923
    endloop
  endfacet
  facet normal 0.8570448975621352 0.5136929427285386 -0.039919971863763316
    outer loop
      vertex 3.325878449210181 -37.777719067921595 -50
      vertex 4.613126613514472 -37.53423245352555 -19.230769230769234
      vertex 3.52768505739342 -38.11441305269601 -50
    endloop
  endfacet
  facet normal 0.9032687053799062 0.4272142808096476 -0.03991997186376326
    outer loop
      vertex 3.695518130045147 -38.46926627053964 -50
      vertex 3.52768505739342 -38.11441305269601 -50
      vertex 4.8326006315975 -37.99827127685953 -19.230769230769234
    endloop
  endfacet
  facet normal 0.8025672788724514 0.5952244607958121 -0.039919971863763296
    outer loop
      vertex 3.092041813450948 -37.46242686334542 -50
      vertex 4.349225664351775 -37.09394031958978 -19.230769230769234
      vertex 3.325878449210181 -37.777719067921595 -50
    endloop
  endfacet
  facet normal 0.9407935417879622 -0.33662131182748684 -0.039919971863763344
    outer loop
      vertex 3.695518130045147 -41.53073372946036 -50
      vertex 3.8277613429288353 -41.16113870901785 -50
      vertex 5.005534063830016 -41.51841215794642 -19.23076923076923
    endloop
  endfacet
  facet normal 0.9692580220985366 -0.2427864955964999 -0.039919971863763275
    outer loop
      vertex 3.8277613429288353 -41.16113870901785 -50
      vertex 3.9231411216129217 -40.78036128806451 -50
      vertex 5.13026146672459 -41.02047245362282 -19.23076923076923
    endloop
  endfacet
  facet normal 0.9883880178059705 -0.1466135126923185 -0.03991997186376328
    outer loop
      vertex 3.9231411216129217 -40.78036128806451 -50
      vertex 3.9807389066887877 -40.39206856131824 -50
      vertex 5.205581647208414 -40.512705041723855 -19.230769230769234
    endloop
  endfacet
  facet normal 0.9979992965940822 -0.04902856151381134 -0.03991997186376329
    outer loop
      vertex 3.9807389066887877 -40.39206856131824 -50
      vertex 4 -40 -50
      vertex 5.230769230769231 -40 -19.23076923076923
    endloop
  endfacet
  facet normal 0.9979992965940822 0.04902856151381134 -0.03991997186376328
    outer loop
      vertex 4 -40 -50
      vertex 3.9807389066887877 -39.60793143868176 -50
      vertex 5.205581647208414 -39.487294958276145 -19.230769230769234
    endloop
  endfacet
  facet normal 0.9407935417879622 0.33662131182748684 -0.039919971863763344
    outer loop
      vertex 3.8277613429288353 -38.83886129098215 -50
      vertex 3.695518130045147 -38.46926627053964 -50
      vertex 5.005534063830016 -38.48158784205358 -19.23076923076923
    endloop
  endfacet
  facet normal 0.9692580220985366 0.2427864955964999 -0.039919971863763344
    outer loop
      vertex 3.9231411216129217 -39.21963871193549 -50
      vertex 3.8277613429288353 -38.83886129098215 -50
      vertex 5.005534063830016 -38.48158784205358 -19.23076923076923
    endloop
  endfacet
  facet normal 0.9883880178059706 0.1466135126923185 -0.03991997186376327
    outer loop
      vertex 3.9807389066887877 -39.60793143868176 -50
      vertex 3.9231411216129217 -39.21963871193549 -50
      vertex 5.13026146672459 -38.97952754637718 -19.23076923076923
    endloop
  endfacet
  facet normal 0.049028561513821976 -0.9979992965940816 -0.03991997186376336
    outer loop
      vertex 0 -44 -50
      vertex 0.5127050417238554 -45.20558164720841 -19.23076923076923
      vertex 0 -45.23076923076923 -19.23076923076923
    endloop
  endfacet
  facet normal 0.1466135126923118 -0.9883880178059716 -0.03991997186376329
    outer loop
      vertex 0.3920685613182424 -43.980738906688785 -50
      vertex 1.0204724536228247 -45.13026146672459 -19.230769230769234
      vertex 0.5127050417238554 -45.20558164720841 -19.23076923076923
    endloop
  endfacet
  facet normal 0.24278649559650697 -0.9692580220985347 -0.03991997186376329
    outer loop
      vertex 0.780361288064513 -43.92314112161292 -50
      vertex 1.5184121579464185 -45.00553406383001 -19.23076923076923
      vertex 1.0204724536228247 -45.13026146672459 -19.230769230769234
    endloop
  endfacet
  facet normal 0.3366213118274801 -0.9407935417879646 -0.03991997186376313
    outer loop
      vertex 1.1611387090178493 -43.82776134292884 -50
      vertex 2.0017287231404697 -44.8326006315975 -19.230769230769234
      vertex 1.5184121579464185 -45.00553406383001 -19.23076923076923
    endloop
  endfacet
  facet normal 0.42721428080964824 -0.9032687053799059 -0.0399199718637634
    outer loop
      vertex 1.5307337294603591 -43.695518130045144 -50
      vertex 2.4657675464744493 -44.613126613514474 -19.230769230769234
      vertex 2.0017287231404697 -44.8326006315975 -19.230769230769234
    endloop
  endfacet
  facet normal 0.513692942728532 -0.8570448975621391 -0.03991997186376335
    outer loop
      vertex 1.8855869473039906 -43.52768505739342 -50
      vertex 2.9060596804102268 -44.34922566435178 -19.23076923076923
      vertex 2.4657675464744493 -44.613126613514474 -19.230769230769234
    endloop
  endfacet
  facet normal 0.4272142808096482 0.903268705379906 -0.03991997186376335
    outer loop
      vertex 1.8855869473039906 -36.47231494260658 -50
      vertex 2.0017287231404697 -35.1673993684025 -19.230769230769234
      vertex 2.4657675464744493 -35.386873386485526 -19.230769230769234
    endloop
  endfacet
  facet normal 0.5136929427285322 0.857044897562139 -0.039919971863763386
    outer loop
      vertex 2.2222809320784087 -36.67412155078982 -50
      vertex 2.4657675464744493 -35.386873386485526 -19.230769230769234
      vertex 2.9060596804102268 -35.65077433564822 -19.23076923076923
    endloop
  endfacet
  facet normal 0.5952244607958145 -0.8025672788724496 -0.039919971863763386
    outer loop
      vertex 2.2222809320784087 -43.32587844921018 -50
      vertex 3.318364871009838 -44.04343929451278 -19.23076923076923
      vertex 2.9060596804102268 -44.34922566435178 -19.23076923076923
    endloop
  endfacet
  facet normal 0.6710236419228416 -0.7403604985593185 -0.0399199718637633
    outer loop
      vertex 2.8284271247461903 -42.82842712474619 -50
      vertex 3.698712393898864 -43.698712393898866 -19.23076923076923
      vertex 3.318364871009838 -44.04343929451278 -19.23076923076923
    endloop
  endfacet
  facet normal 0.7403604985593173 -0.6710236419228428 -0.0399199718637633
    outer loop
      vertex 2.8284271247461903 -42.82842712474619 -50
      vertex 4.043439294512778 -43.31836487100984 -19.23076923076923
      vertex 3.698712393898864 -43.698712393898866 -19.23076923076923
    endloop
  endfacet
  facet normal 0.8025672788724548 -0.5952244607958074 -0.039919971863763386
    outer loop
      vertex 3.092041813450948 -42.53757313665458 -50
      vertex 4.349225664351775 -42.90605968041022 -19.230769230769234
      vertex 4.043439294512778 -43.31836487100984 -19.23076923076923
    endloop
  endfacet
  facet normal 0.8570448975621346 -0.5136929427285395 -0.03991997186376331
    outer loop
      vertex 3.325878449210181 -42.222280932078405 -50
      vertex 4.613126613514472 -42.46576754647445 -19.230769230769234
      vertex 4.349225664351775 -42.90605968041022 -19.230769230769234
    endloop
  endfacet
  facet normal 0.5952244607958143 0.8025672788724497 -0.039919971863763344
    outer loop
      vertex 2.537573136654582 -36.90795818654905 -50
      vertex 2.9060596804102268 -35.65077433564822 -19.23076923076923
      vertex 3.318364871009838 -35.95656070548722 -19.230769230769234
    endloop
  endfacet
  facet normal 0.6710236419228418 0.7403604985593183 -0.0399199718637633
    outer loop
      vertex 2.8284271247461903 -37.17157287525381 -50
      vertex 3.318364871009838 -35.95656070548722 -19.230769230769234
      vertex 3.698712393898864 -36.301287606101134 -19.23076923076923
    endloop
  endfacet
  facet normal 0.8570448975621346 0.5136929427285395 -0.03991997186376331
    outer loop
      vertex 3.325878449210181 -37.777719067921595 -50
      vertex 4.349225664351775 -37.09394031958978 -19.230769230769234
      vertex 4.613126613514472 -37.53423245352555 -19.230769230769234
    endloop
  endfacet
  facet normal 0.7403604985593173 0.6710236419228428 -0.0399199718637633
    outer loop
      vertex 2.8284271247461903 -37.17157287525381 -50
      vertex 3.698712393898864 -36.301287606101134 -19.23076923076923
      vertex 4.043439294512778 -36.68163512899016 -19.23076923076923
    endloop
  endfacet
  facet normal 0.8025672788724548 0.5952244607958074 -0.039919971863763386
    outer loop
      vertex 3.092041813450948 -37.46242686334542 -50
      vertex 4.043439294512778 -36.68163512899016 -19.23076923076923
      vertex 4.349225664351775 -37.09394031958978 -19.230769230769234
    endloop
  endfacet
  facet normal 0.9032687053799078 -0.4272142808096447 -0.039919971863763316
    outer loop
      vertex 3.52768505739342 -41.88558694730399 -50
      vertex 4.8326006315975 -42.00172872314047 -19.230769230769234
      vertex 4.613126613514472 -42.46576754647445 -19.230769230769234
    endloop
  endfacet
  facet normal 0.9407935417879604 -0.3366213118274919 -0.03991997186376327
    outer loop
      vertex 3.695518130045147 -41.53073372946036 -50
      vertex 5.005534063830016 -41.51841215794642 -19.23076923076923
      vertex 4.8326006315975 -42.00172872314047 -19.230769230769234
    endloop
  endfacet
  facet normal 0.9692580220985375 -0.2427864955964956 -0.03991997186376332
    outer loop
      vertex 3.8277613429288353 -41.16113870901785 -50
      vertex 5.13026146672459 -41.02047245362282 -19.23076923076923
      vertex 5.005534063830016 -41.51841215794642 -19.23076923076923
    endloop
  endfacet
  facet normal 0.9883880178059705 -0.14661351269231973 -0.039919971863763275
    outer loop
      vertex 3.9231411216129217 -40.78036128806451 -50
      vertex 5.205581647208414 -40.512705041723855 -19.230769230769234
      vertex 5.13026146672459 -41.02047245362282 -19.23076923076923
    endloop
  endfacet
  facet normal 0.9979992965940822 -0.04902856151381126 -0.03991997186376329
    outer loop
      vertex 3.9807389066887877 -40.39206856131824 -50
      vertex 5.230769230769231 -40 -19.23076923076923
      vertex 5.205581647208414 -40.512705041723855 -19.230769230769234
    endloop
  endfacet
  facet normal 0.9979992965940822 0.04902856151381171 -0.03991997186376328
    outer loop
      vertex 4 -40 -50
      vertex 5.205581647208414 -39.487294958276145 -19.230769230769234
      vertex 5.230769230769231 -40 -19.23076923076923
    endloop
  endfacet
  facet normal 0.9032687053799078 0.4272142808096447 -0.039919971863763316
    outer loop
      vertex 3.52768505739342 -38.11441305269601 -50
      vertex 4.613126613514472 -37.53423245352555 -19.230769230769234
      vertex 4.8326006315975 -37.99827127685953 -19.230769230769234
    endloop
  endfacet
  facet normal 0.9883880178059705 0.14661351269231973 -0.039919971863763296
    outer loop
      vertex 3.9807389066887877 -39.60793143868176 -50
      vertex 5.13026146672459 -38.97952754637718 -19.23076923076923
      vertex 5.205581647208414 -39.487294958276145 -19.230769230769234
    endloop
  endfacet
  facet normal 0.9692580220985375 0.24278649559649604 -0.03991997186376327
    outer loop
      vertex 3.9231411216129217 -39.21963871193549 -50
      vertex 5.005534063830016 -38.48158784205358 -19.23076923076923
      vertex 5.13026146672459 -38.97952754637718 -19.23076923076923
    endloop
  endfacet
  facet normal 0.9407935417879604 0.3366213118274919 -0.03991997186376327
    outer loop
      vertex 3.695518130045147 -38.46926627053964 -50
      vertex 4.8326006315975 -37.99827127685953 -19.230769230769234
      vertex 5.005534063830016 -38.48158784205358 -19.23076923076923
    endloop
  endfacet
  facet normal 0.049028561513821976 0.9979992965940816 -0.039919971863763296
    outer loop
      vertex 0.3920685613182424 -36.019261093311215 -50
      vertex 0 -34.76923076923077 -19.23076923076923
      vertex 0.5127050417238554 -34.79441835279159 -19.23076923076923
    endloop
  endfacet
  facet normal 0.14661351269231188 0.9883880178059716 -0.039919971863763296
    outer loop
      vertex 0.780361288064513 -36.07685887838708 -50
      vertex 0.5127050417238554 -34.79441835279159 -19.23076923076923
      vertex 1.0204724536228245 -34.86973853327541 -19.230769230769234
    endloop
  endfacet
  facet normal 0.2427864955965069 0.9692580220985348 -0.03991997186376312
    outer loop
      vertex 1.1611387090178493 -36.17223865707116 -50
      vertex 1.0204724536228245 -34.86973853327541 -19.230769230769234
      vertex 1.5184121579464185 -34.99446593616999 -19.23076923076923
    endloop
  endfacet
  facet normal 0.33662131182748034 0.9407935417879646 -0.039919971863763386
    outer loop
      vertex 1.5307337294603591 -36.304481869954856 -50
      vertex 1.5184121579464185 -34.99446593616999 -19.23076923076923
      vertex 2.0017287231404697 -35.1673993684025 -19.230769230769234
    endloop
  endfacet
endsolid OpenSCAD_Model
